HH1,HH2,HH6,HH7,WS1,WS11,windex5,HH48
1.0,1.0,1.0,1.0,21.0,12.0,5.0,1.0
1.0,2.0,1.0,1.0,91.0,12.0,5.0,4.0
1.0,3.0,1.0,1.0,21.0,12.0,5.0,1.0
1.0,4.0,1.0,1.0,31.0,12.0,4.0,1.0
1.0,5.0,1.0,1.0,32.0,12.0,4.0,5.0
1.0,6.0,1.0,1.0,21.0,12.0,5.0,3.0
1.0,7.0,1.0,1.0,32.0,12.0,4.0,5.0
1.0,8.0,1.0,1.0,14.0,22.0,3.0,1.0
1.0,9.0,1.0,1.0,31.0,12.0,5.0,5.0
1.0,10.0,1.0,1.0,21.0,12.0,5.0,5.0
1.0,11.0,1.0,1.0,31.0,13.0,5.0,1.0
1.0,12.0,1.0,1.0,13.0,12.0,5.0,10.0
1.0,13.0,1.0,1.0,21.0,12.0,5.0,2.0
1.0,14.0,1.0,1.0,13.0,22.0,5.0,11.0
1.0,15.0,1.0,1.0,92.0,22.0,4.0,2.0
1.0,16.0,1.0,1.0,,,,
1.0,17.0,1.0,1.0,13.0,21.0,4.0,1.0
1.0,18.0,1.0,1.0,13.0,23.0,4.0,6.0
1.0,19.0,1.0,1.0,12.0,12.0,5.0,1.0
1.0,20.0,1.0,1.0,21.0,12.0,5.0,1.0
2.0,1.0,1.0,1.0,21.0,23.0,4.0,4.0
2.0,2.0,1.0,1.0,31.0,22.0,4.0,2.0
2.0,3.0,1.0,1.0,32.0,22.0,4.0,6.0
2.0,4.0,1.0,1.0,32.0,23.0,4.0,4.0
2.0,5.0,1.0,1.0,31.0,22.0,4.0,4.0
2.0,6.0,1.0,1.0,31.0,22.0,4.0,5.0
2.0,7.0,1.0,1.0,32.0,22.0,3.0,3.0
2.0,8.0,1.0,1.0,32.0,12.0,4.0,1.0
2.0,9.0,1.0,1.0,21.0,22.0,4.0,1.0
2.0,10.0,1.0,1.0,21.0,12.0,4.0,2.0
2.0,11.0,1.0,1.0,32.0,22.0,4.0,10.0
2.0,12.0,1.0,1.0,31.0,22.0,5.0,7.0
2.0,13.0,1.0,1.0,21.0,22.0,4.0,6.0
2.0,14.0,1.0,1.0,21.0,12.0,5.0,4.0
2.0,15.0,1.0,1.0,31.0,12.0,5.0,2.0
2.0,16.0,1.0,1.0,32.0,22.0,5.0,5.0
2.0,17.0,1.0,1.0,12.0,22.0,4.0,5.0
2.0,18.0,1.0,1.0,21.0,18.0,3.0,2.0
2.0,19.0,1.0,1.0,21.0,22.0,4.0,2.0
2.0,20.0,1.0,1.0,21.0,22.0,5.0,3.0
3.0,1.0,1.0,1.0,14.0,23.0,3.0,3.0
3.0,2.0,1.0,1.0,21.0,22.0,5.0,8.0
3.0,3.0,1.0,1.0,14.0,95.0,4.0,6.0
3.0,4.0,1.0,1.0,,,,
3.0,5.0,1.0,1.0,14.0,22.0,3.0,1.0
3.0,6.0,1.0,1.0,21.0,22.0,4.0,3.0
3.0,7.0,1.0,1.0,,,,
3.0,8.0,1.0,1.0,14.0,95.0,3.0,5.0
3.0,9.0,1.0,1.0,31.0,22.0,3.0,1.0
3.0,10.0,1.0,1.0,21.0,22.0,3.0,1.0
3.0,11.0,1.0,1.0,14.0,12.0,4.0,5.0
3.0,12.0,1.0,1.0,21.0,95.0,3.0,5.0
3.0,13.0,1.0,1.0,14.0,95.0,3.0,2.0
3.0,14.0,1.0,1.0,14.0,22.0,3.0,1.0
3.0,15.0,1.0,1.0,,,,
3.0,16.0,1.0,1.0,14.0,22.0,4.0,1.0
3.0,17.0,1.0,1.0,14.0,22.0,3.0,4.0
3.0,18.0,1.0,1.0,21.0,96.0,4.0,8.0
3.0,19.0,1.0,1.0,,,,
3.0,20.0,1.0,1.0,21.0,12.0,3.0,1.0
4.0,1.0,1.0,1.0,12.0,12.0,5.0,9.0
4.0,2.0,1.0,1.0,14.0,22.0,4.0,5.0
4.0,3.0,1.0,1.0,13.0,12.0,5.0,6.0
4.0,4.0,1.0,1.0,,,,
4.0,5.0,1.0,1.0,21.0,23.0,4.0,6.0
4.0,6.0,1.0,1.0,14.0,12.0,5.0,7.0
4.0,7.0,1.0,1.0,21.0,22.0,4.0,8.0
4.0,8.0,1.0,1.0,11.0,12.0,5.0,8.0
4.0,9.0,1.0,1.0,12.0,12.0,5.0,4.0
4.0,10.0,1.0,1.0,12.0,12.0,5.0,3.0
4.0,11.0,1.0,1.0,14.0,95.0,4.0,6.0
4.0,12.0,1.0,1.0,14.0,12.0,5.0,7.0
4.0,13.0,1.0,1.0,11.0,22.0,5.0,2.0
4.0,14.0,1.0,1.0,14.0,22.0,4.0,4.0
4.0,15.0,1.0,1.0,14.0,12.0,4.0,5.0
4.0,16.0,1.0,1.0,14.0,22.0,5.0,5.0
4.0,17.0,1.0,1.0,11.0,12.0,5.0,1.0
4.0,18.0,1.0,1.0,11.0,12.0,5.0,7.0
4.0,19.0,1.0,1.0,21.0,23.0,5.0,3.0
4.0,20.0,1.0,1.0,14.0,22.0,3.0,9.0
5.0,1.0,1.0,1.0,51.0,22.0,3.0,4.0
5.0,2.0,1.0,1.0,,,,
5.0,3.0,1.0,1.0,14.0,95.0,3.0,3.0
5.0,4.0,1.0,1.0,14.0,22.0,3.0,7.0
5.0,5.0,1.0,1.0,13.0,12.0,4.0,1.0
5.0,6.0,1.0,1.0,,,,
5.0,7.0,1.0,1.0,12.0,22.0,4.0,6.0
5.0,8.0,1.0,1.0,13.0,22.0,5.0,3.0
5.0,9.0,1.0,1.0,14.0,22.0,3.0,3.0
5.0,10.0,1.0,1.0,14.0,22.0,4.0,5.0
5.0,11.0,1.0,1.0,13.0,22.0,5.0,6.0
5.0,12.0,1.0,1.0,13.0,22.0,5.0,5.0
5.0,13.0,1.0,1.0,14.0,22.0,3.0,2.0
5.0,14.0,1.0,1.0,51.0,12.0,3.0,5.0
5.0,15.0,1.0,1.0,13.0,51.0,3.0,2.0
5.0,16.0,1.0,1.0,14.0,22.0,4.0,4.0
5.0,17.0,1.0,1.0,91.0,12.0,4.0,2.0
5.0,18.0,1.0,1.0,14.0,22.0,3.0,2.0
5.0,19.0,1.0,1.0,14.0,22.0,4.0,5.0
5.0,20.0,1.0,1.0,13.0,22.0,3.0,4.0
6.0,1.0,1.0,1.0,14.0,22.0,4.0,1.0
6.0,2.0,1.0,1.0,14.0,12.0,4.0,5.0
6.0,3.0,1.0,1.0,14.0,22.0,4.0,1.0
6.0,4.0,1.0,1.0,14.0,12.0,4.0,1.0
6.0,5.0,1.0,1.0,14.0,12.0,5.0,5.0
6.0,6.0,1.0,1.0,14.0,21.0,3.0,4.0
6.0,7.0,1.0,1.0,14.0,22.0,4.0,3.0
6.0,8.0,1.0,1.0,12.0,12.0,5.0,1.0
6.0,9.0,1.0,1.0,14.0,22.0,3.0,2.0
6.0,10.0,1.0,1.0,14.0,22.0,4.0,1.0
6.0,11.0,1.0,1.0,14.0,22.0,3.0,1.0
6.0,12.0,1.0,1.0,21.0,12.0,5.0,6.0
6.0,13.0,1.0,1.0,21.0,21.0,5.0,7.0
6.0,14.0,1.0,1.0,14.0,12.0,4.0,2.0
6.0,15.0,1.0,1.0,14.0,22.0,5.0,5.0
6.0,16.0,1.0,1.0,51.0,22.0,5.0,7.0
6.0,17.0,1.0,1.0,14.0,22.0,5.0,5.0
6.0,18.0,1.0,1.0,31.0,22.0,4.0,2.0
6.0,19.0,1.0,1.0,91.0,12.0,5.0,1.0
6.0,20.0,1.0,1.0,14.0,23.0,3.0,3.0
7.0,1.0,2.0,1.0,,,,
7.0,2.0,2.0,1.0,,,,
7.0,3.0,2.0,1.0,,,,
7.0,4.0,2.0,1.0,21.0,22.0,3.0,6.0
7.0,5.0,2.0,1.0,21.0,22.0,2.0,2.0
7.0,6.0,2.0,1.0,21.0,23.0,2.0,5.0
7.0,7.0,2.0,1.0,21.0,23.0,3.0,6.0
7.0,8.0,2.0,1.0,21.0,23.0,3.0,5.0
7.0,9.0,2.0,1.0,21.0,51.0,3.0,4.0
7.0,10.0,2.0,1.0,,,,
7.0,11.0,2.0,1.0,21.0,22.0,5.0,5.0
7.0,12.0,2.0,1.0,,,,
7.0,13.0,2.0,1.0,,,,
7.0,14.0,2.0,1.0,21.0,23.0,2.0,3.0
7.0,15.0,2.0,1.0,21.0,22.0,3.0,5.0
7.0,16.0,2.0,1.0,,,,
7.0,17.0,2.0,1.0,,,,
7.0,18.0,2.0,1.0,21.0,12.0,5.0,8.0
7.0,19.0,2.0,1.0,21.0,22.0,3.0,6.0
7.0,20.0,2.0,1.0,,,,
8.0,1.0,2.0,1.0,21.0,23.0,3.0,6.0
8.0,2.0,2.0,1.0,21.0,23.0,5.0,8.0
8.0,3.0,2.0,1.0,21.0,23.0,3.0,5.0
8.0,4.0,2.0,1.0,21.0,22.0,4.0,4.0
8.0,5.0,2.0,1.0,32.0,23.0,3.0,4.0
8.0,6.0,2.0,1.0,,,,
8.0,7.0,2.0,1.0,21.0,23.0,3.0,9.0
8.0,8.0,2.0,1.0,21.0,23.0,3.0,2.0
8.0,9.0,2.0,1.0,,,,
8.0,10.0,2.0,1.0,32.0,95.0,1.0,5.0
8.0,11.0,2.0,1.0,,,,
8.0,12.0,2.0,1.0,,,,
8.0,13.0,2.0,1.0,42.0,23.0,4.0,5.0
8.0,14.0,2.0,1.0,21.0,12.0,3.0,7.0
8.0,15.0,2.0,1.0,21.0,23.0,3.0,4.0
8.0,16.0,2.0,1.0,21.0,22.0,2.0,2.0
8.0,17.0,2.0,1.0,21.0,22.0,5.0,3.0
8.0,18.0,2.0,1.0,,,,
8.0,19.0,2.0,1.0,,,,
8.0,20.0,2.0,1.0,,,,
9.0,1.0,2.0,1.0,92.0,22.0,5.0,4.0
9.0,2.0,2.0,1.0,,,,
9.0,3.0,2.0,1.0,21.0,22.0,5.0,7.0
9.0,4.0,2.0,1.0,,,,
9.0,5.0,2.0,1.0,21.0,12.0,5.0,6.0
9.0,6.0,2.0,1.0,21.0,12.0,5.0,3.0
9.0,7.0,2.0,1.0,21.0,12.0,4.0,2.0
9.0,8.0,2.0,1.0,92.0,13.0,5.0,8.0
9.0,9.0,2.0,1.0,92.0,12.0,5.0,1.0
9.0,10.0,2.0,1.0,92.0,13.0,5.0,4.0
9.0,11.0,2.0,1.0,21.0,23.0,3.0,5.0
9.0,12.0,2.0,1.0,,,,
9.0,13.0,2.0,1.0,,,,
9.0,14.0,2.0,1.0,92.0,12.0,5.0,1.0
9.0,15.0,2.0,1.0,21.0,22.0,3.0,6.0
9.0,16.0,2.0,1.0,11.0,12.0,5.0,6.0
9.0,17.0,2.0,1.0,,,,
9.0,18.0,2.0,1.0,21.0,12.0,5.0,2.0
9.0,19.0,2.0,1.0,,,,
9.0,20.0,2.0,1.0,,,,
10.0,1.0,2.0,1.0,,,,
10.0,2.0,2.0,1.0,21.0,12.0,4.0,5.0
10.0,3.0,2.0,1.0,13.0,12.0,4.0,8.0
10.0,4.0,2.0,1.0,21.0,12.0,4.0,3.0
10.0,5.0,2.0,1.0,21.0,22.0,3.0,1.0
10.0,6.0,2.0,1.0,21.0,22.0,4.0,6.0
10.0,7.0,2.0,1.0,,,,
10.0,8.0,2.0,1.0,92.0,22.0,4.0,1.0
10.0,9.0,2.0,1.0,12.0,12.0,5.0,5.0
10.0,10.0,2.0,1.0,,,,
10.0,11.0,2.0,1.0,,,,
10.0,12.0,2.0,1.0,21.0,12.0,5.0,6.0
10.0,13.0,2.0,1.0,21.0,12.0,4.0,3.0
10.0,14.0,2.0,1.0,21.0,22.0,5.0,4.0
10.0,15.0,2.0,1.0,21.0,12.0,5.0,7.0
10.0,16.0,2.0,1.0,21.0,12.0,5.0,2.0
10.0,17.0,2.0,1.0,21.0,12.0,4.0,5.0
10.0,18.0,2.0,1.0,21.0,22.0,5.0,6.0
10.0,19.0,2.0,1.0,21.0,22.0,5.0,5.0
10.0,20.0,2.0,1.0,21.0,12.0,5.0,2.0
11.0,1.0,2.0,1.0,,,,
11.0,2.0,2.0,1.0,21.0,12.0,5.0,2.0
11.0,3.0,2.0,1.0,92.0,12.0,5.0,6.0
11.0,4.0,2.0,1.0,92.0,12.0,5.0,6.0
11.0,5.0,2.0,1.0,21.0,12.0,5.0,8.0
11.0,6.0,2.0,1.0,92.0,12.0,5.0,2.0
11.0,7.0,2.0,1.0,,,,
11.0,8.0,2.0,1.0,,,,
11.0,9.0,2.0,1.0,92.0,12.0,5.0,4.0
11.0,10.0,2.0,1.0,21.0,12.0,4.0,4.0
11.0,11.0,2.0,1.0,21.0,22.0,4.0,2.0
11.0,12.0,2.0,1.0,21.0,12.0,5.0,5.0
11.0,13.0,2.0,1.0,21.0,22.0,5.0,4.0
11.0,14.0,2.0,1.0,,,,
11.0,15.0,2.0,1.0,21.0,12.0,4.0,5.0
11.0,16.0,2.0,1.0,21.0,12.0,4.0,1.0
11.0,17.0,2.0,1.0,,,,
11.0,18.0,2.0,1.0,21.0,12.0,5.0,8.0
11.0,19.0,2.0,1.0,21.0,23.0,4.0,1.0
11.0,20.0,2.0,1.0,21.0,13.0,3.0,2.0
12.0,1.0,2.0,1.0,,,,
12.0,2.0,2.0,1.0,21.0,23.0,3.0,2.0
12.0,3.0,2.0,1.0,21.0,23.0,4.0,4.0
12.0,4.0,2.0,1.0,21.0,95.0,3.0,3.0
12.0,5.0,2.0,1.0,81.0,95.0,1.0,4.0
12.0,6.0,2.0,1.0,21.0,95.0,1.0,8.0
12.0,7.0,2.0,1.0,21.0,95.0,2.0,5.0
12.0,8.0,2.0,1.0,21.0,22.0,3.0,5.0
12.0,9.0,2.0,1.0,21.0,23.0,4.0,5.0
12.0,10.0,2.0,1.0,21.0,95.0,3.0,6.0
12.0,11.0,2.0,1.0,,,,
12.0,12.0,2.0,1.0,21.0,95.0,2.0,1.0
12.0,13.0,2.0,1.0,21.0,95.0,3.0,7.0
12.0,14.0,2.0,1.0,,,,
12.0,15.0,2.0,1.0,21.0,22.0,2.0,2.0
12.0,16.0,2.0,1.0,21.0,23.0,4.0,1.0
12.0,17.0,2.0,1.0,21.0,22.0,5.0,6.0
12.0,18.0,2.0,1.0,21.0,95.0,1.0,1.0
12.0,19.0,2.0,1.0,21.0,95.0,3.0,4.0
12.0,20.0,2.0,1.0,21.0,23.0,3.0,1.0
13.0,1.0,2.0,1.0,31.0,12.0,5.0,7.0
13.0,2.0,2.0,1.0,32.0,12.0,3.0,4.0
13.0,3.0,2.0,1.0,32.0,12.0,4.0,2.0
13.0,4.0,2.0,1.0,31.0,95.0,2.0,3.0
13.0,5.0,2.0,1.0,31.0,12.0,5.0,3.0
13.0,6.0,2.0,1.0,31.0,95.0,3.0,3.0
13.0,7.0,2.0,1.0,32.0,12.0,3.0,3.0
13.0,8.0,2.0,1.0,32.0,95.0,3.0,4.0
13.0,9.0,2.0,1.0,32.0,96.0,4.0,4.0
13.0,10.0,2.0,1.0,31.0,22.0,3.0,7.0
13.0,11.0,2.0,1.0,32.0,12.0,3.0,3.0
13.0,12.0,2.0,1.0,21.0,12.0,2.0,2.0
13.0,13.0,2.0,1.0,31.0,12.0,4.0,6.0
13.0,14.0,2.0,1.0,42.0,12.0,3.0,4.0
13.0,15.0,2.0,1.0,92.0,12.0,4.0,1.0
13.0,16.0,2.0,1.0,92.0,12.0,5.0,1.0
13.0,17.0,2.0,1.0,92.0,12.0,5.0,4.0
13.0,18.0,2.0,1.0,31.0,95.0,3.0,2.0
13.0,19.0,2.0,1.0,32.0,95.0,3.0,1.0
13.0,20.0,2.0,1.0,31.0,22.0,4.0,3.0
14.0,1.0,2.0,1.0,21.0,95.0,4.0,3.0
14.0,2.0,2.0,1.0,31.0,13.0,5.0,5.0
14.0,3.0,2.0,1.0,21.0,12.0,5.0,4.0
14.0,4.0,2.0,1.0,21.0,12.0,4.0,1.0
14.0,5.0,2.0,1.0,21.0,22.0,2.0,4.0
14.0,6.0,2.0,1.0,21.0,95.0,3.0,3.0
14.0,7.0,2.0,1.0,31.0,13.0,3.0,5.0
14.0,8.0,2.0,1.0,21.0,13.0,3.0,3.0
14.0,9.0,2.0,1.0,21.0,12.0,5.0,6.0
14.0,10.0,2.0,1.0,92.0,12.0,5.0,10.0
14.0,11.0,2.0,1.0,92.0,12.0,5.0,4.0
14.0,12.0,2.0,1.0,31.0,22.0,5.0,8.0
14.0,13.0,2.0,1.0,21.0,22.0,3.0,2.0
14.0,14.0,2.0,1.0,31.0,23.0,4.0,3.0
14.0,15.0,2.0,1.0,32.0,12.0,3.0,1.0
14.0,16.0,2.0,1.0,32.0,22.0,2.0,4.0
14.0,17.0,2.0,1.0,,,,
14.0,18.0,2.0,1.0,31.0,23.0,3.0,5.0
14.0,19.0,2.0,1.0,21.0,12.0,4.0,7.0
14.0,20.0,2.0,1.0,32.0,95.0,2.0,4.0
15.0,1.0,2.0,1.0,21.0,12.0,5.0,4.0
15.0,2.0,2.0,1.0,31.0,12.0,5.0,9.0
15.0,3.0,2.0,1.0,32.0,12.0,5.0,2.0
15.0,4.0,2.0,1.0,21.0,12.0,5.0,13.0
15.0,5.0,2.0,1.0,21.0,95.0,3.0,6.0
15.0,6.0,2.0,1.0,21.0,12.0,5.0,1.0
15.0,7.0,2.0,1.0,21.0,12.0,3.0,4.0
15.0,8.0,2.0,1.0,21.0,12.0,5.0,4.0
15.0,9.0,2.0,1.0,21.0,12.0,4.0,3.0
15.0,10.0,2.0,1.0,32.0,13.0,4.0,2.0
15.0,11.0,2.0,1.0,31.0,23.0,4.0,3.0
15.0,12.0,2.0,1.0,21.0,12.0,5.0,5.0
15.0,13.0,2.0,1.0,21.0,22.0,3.0,1.0
15.0,14.0,2.0,1.0,21.0,12.0,5.0,8.0
15.0,15.0,2.0,1.0,21.0,12.0,5.0,6.0
15.0,16.0,2.0,1.0,21.0,12.0,5.0,4.0
15.0,17.0,2.0,1.0,21.0,12.0,5.0,2.0
15.0,18.0,2.0,1.0,32.0,12.0,3.0,1.0
15.0,19.0,2.0,1.0,21.0,12.0,4.0,3.0
15.0,20.0,2.0,1.0,21.0,22.0,5.0,1.0
16.0,1.0,2.0,1.0,32.0,95.0,2.0,5.0
16.0,2.0,2.0,1.0,32.0,95.0,2.0,4.0
16.0,3.0,2.0,1.0,31.0,22.0,5.0,2.0
16.0,4.0,2.0,1.0,32.0,95.0,2.0,1.0
16.0,5.0,2.0,1.0,32.0,95.0,1.0,3.0
16.0,6.0,2.0,1.0,21.0,95.0,1.0,6.0
16.0,7.0,2.0,1.0,31.0,12.0,3.0,4.0
16.0,8.0,2.0,1.0,32.0,95.0,2.0,4.0
16.0,9.0,2.0,1.0,32.0,95.0,2.0,5.0
16.0,10.0,2.0,1.0,32.0,13.0,3.0,3.0
16.0,11.0,2.0,1.0,31.0,95.0,2.0,3.0
16.0,12.0,2.0,1.0,32.0,95.0,2.0,7.0
16.0,13.0,2.0,1.0,32.0,95.0,1.0,1.0
16.0,14.0,2.0,1.0,92.0,22.0,3.0,3.0
16.0,15.0,2.0,1.0,32.0,22.0,3.0,1.0
16.0,16.0,2.0,1.0,32.0,95.0,2.0,5.0
16.0,17.0,2.0,1.0,31.0,22.0,3.0,4.0
16.0,18.0,2.0,1.0,32.0,22.0,2.0,3.0
16.0,19.0,2.0,1.0,31.0,95.0,3.0,4.0
16.0,20.0,2.0,1.0,32.0,22.0,3.0,4.0
17.0,1.0,2.0,1.0,32.0,95.0,2.0,5.0
17.0,2.0,2.0,1.0,32.0,95.0,2.0,6.0
17.0,3.0,2.0,1.0,32.0,95.0,3.0,4.0
17.0,4.0,2.0,1.0,32.0,95.0,5.0,4.0
17.0,5.0,2.0,1.0,31.0,95.0,2.0,3.0
17.0,6.0,2.0,1.0,31.0,95.0,1.0,10.0
17.0,7.0,2.0,1.0,32.0,95.0,1.0,1.0
17.0,8.0,2.0,1.0,21.0,95.0,1.0,6.0
17.0,9.0,2.0,1.0,31.0,95.0,2.0,6.0
17.0,10.0,2.0,1.0,32.0,95.0,2.0,5.0
17.0,11.0,2.0,1.0,32.0,95.0,2.0,2.0
17.0,12.0,2.0,1.0,32.0,95.0,2.0,17.0
17.0,13.0,2.0,1.0,32.0,95.0,2.0,4.0
17.0,14.0,2.0,1.0,32.0,95.0,1.0,4.0
17.0,15.0,2.0,1.0,31.0,23.0,1.0,2.0
17.0,16.0,2.0,1.0,32.0,95.0,1.0,3.0
17.0,17.0,2.0,1.0,32.0,95.0,1.0,1.0
17.0,18.0,2.0,1.0,32.0,95.0,1.0,4.0
17.0,19.0,2.0,1.0,32.0,95.0,1.0,14.0
17.0,20.0,2.0,1.0,31.0,95.0,2.0,5.0
18.0,1.0,2.0,1.0,,,,
18.0,2.0,2.0,1.0,21.0,13.0,4.0,5.0
18.0,3.0,2.0,1.0,21.0,95.0,3.0,8.0
18.0,4.0,2.0,1.0,21.0,95.0,1.0,2.0
18.0,5.0,2.0,1.0,31.0,95.0,2.0,3.0
18.0,6.0,2.0,1.0,31.0,95.0,2.0,6.0
18.0,7.0,2.0,1.0,21.0,95.0,3.0,3.0
18.0,8.0,2.0,1.0,32.0,95.0,1.0,2.0
18.0,9.0,2.0,1.0,32.0,95.0,1.0,6.0
18.0,10.0,2.0,1.0,21.0,95.0,1.0,4.0
18.0,11.0,2.0,1.0,13.0,21.0,4.0,8.0
18.0,12.0,2.0,1.0,32.0,95.0,3.0,4.0
18.0,13.0,2.0,1.0,21.0,95.0,3.0,2.0
18.0,14.0,2.0,1.0,91.0,12.0,5.0,7.0
18.0,15.0,2.0,1.0,13.0,95.0,3.0,4.0
18.0,16.0,2.0,1.0,21.0,95.0,3.0,3.0
18.0,17.0,2.0,1.0,21.0,95.0,1.0,3.0
18.0,18.0,2.0,1.0,21.0,95.0,2.0,6.0
18.0,19.0,2.0,1.0,31.0,95.0,3.0,5.0
18.0,20.0,2.0,1.0,32.0,95.0,2.0,6.0
19.0,1.0,2.0,1.0,31.0,96.0,2.0,5.0
19.0,2.0,2.0,1.0,21.0,13.0,5.0,1.0
19.0,3.0,2.0,1.0,31.0,22.0,4.0,2.0
19.0,4.0,2.0,1.0,32.0,95.0,2.0,6.0
19.0,5.0,2.0,1.0,92.0,22.0,5.0,7.0
19.0,6.0,2.0,1.0,31.0,95.0,1.0,4.0
19.0,7.0,2.0,1.0,32.0,22.0,3.0,1.0
19.0,8.0,2.0,1.0,31.0,95.0,3.0,3.0
19.0,9.0,2.0,1.0,32.0,22.0,3.0,4.0
19.0,10.0,2.0,1.0,32.0,95.0,1.0,6.0
19.0,11.0,2.0,1.0,31.0,12.0,3.0,5.0
19.0,12.0,2.0,1.0,32.0,22.0,3.0,5.0
19.0,13.0,2.0,1.0,32.0,95.0,3.0,2.0
19.0,14.0,2.0,1.0,32.0,95.0,2.0,2.0
19.0,15.0,2.0,1.0,32.0,22.0,4.0,4.0
19.0,16.0,2.0,1.0,21.0,95.0,3.0,7.0
19.0,17.0,2.0,1.0,32.0,96.0,3.0,3.0
19.0,18.0,2.0,1.0,32.0,95.0,3.0,2.0
19.0,19.0,2.0,1.0,14.0,22.0,2.0,3.0
19.0,20.0,2.0,1.0,31.0,95.0,1.0,4.0
20.0,1.0,2.0,1.0,12.0,22.0,4.0,1.0
20.0,2.0,2.0,1.0,14.0,22.0,3.0,4.0
20.0,3.0,2.0,1.0,13.0,22.0,3.0,4.0
20.0,4.0,2.0,1.0,13.0,22.0,4.0,6.0
20.0,5.0,2.0,1.0,31.0,12.0,3.0,1.0
20.0,6.0,2.0,1.0,14.0,22.0,3.0,5.0
20.0,7.0,2.0,1.0,32.0,22.0,2.0,1.0
20.0,8.0,2.0,1.0,13.0,22.0,3.0,1.0
20.0,9.0,2.0,1.0,21.0,12.0,3.0,1.0
20.0,10.0,2.0,1.0,21.0,22.0,3.0,3.0
20.0,11.0,2.0,1.0,13.0,22.0,3.0,6.0
20.0,12.0,2.0,1.0,13.0,22.0,3.0,1.0
20.0,13.0,2.0,1.0,21.0,22.0,4.0,3.0
20.0,14.0,2.0,1.0,12.0,22.0,4.0,3.0
20.0,15.0,2.0,1.0,14.0,22.0,3.0,7.0
20.0,16.0,2.0,1.0,21.0,22.0,2.0,1.0
20.0,17.0,2.0,1.0,21.0,96.0,3.0,3.0
20.0,18.0,2.0,1.0,32.0,22.0,3.0,4.0
20.0,19.0,2.0,1.0,31.0,13.0,5.0,1.0
20.0,20.0,2.0,1.0,31.0,22.0,1.0,1.0
21.0,1.0,2.0,1.0,32.0,95.0,1.0,4.0
21.0,2.0,2.0,1.0,32.0,95.0,1.0,2.0
21.0,3.0,2.0,1.0,32.0,95.0,2.0,1.0
21.0,4.0,2.0,1.0,32.0,95.0,1.0,4.0
21.0,5.0,2.0,1.0,32.0,95.0,3.0,6.0
21.0,6.0,2.0,1.0,32.0,95.0,1.0,7.0
21.0,7.0,2.0,1.0,32.0,95.0,1.0,7.0
21.0,8.0,2.0,1.0,32.0,95.0,1.0,4.0
21.0,9.0,2.0,1.0,32.0,22.0,3.0,4.0
21.0,10.0,2.0,1.0,32.0,95.0,2.0,2.0
21.0,11.0,2.0,1.0,32.0,95.0,1.0,4.0
21.0,12.0,2.0,1.0,32.0,95.0,3.0,7.0
21.0,13.0,2.0,1.0,32.0,95.0,2.0,4.0
21.0,14.0,2.0,1.0,32.0,22.0,2.0,1.0
21.0,15.0,2.0,1.0,32.0,95.0,3.0,1.0
21.0,16.0,2.0,1.0,32.0,95.0,1.0,2.0
21.0,17.0,2.0,1.0,32.0,95.0,2.0,1.0
21.0,18.0,2.0,1.0,32.0,95.0,2.0,7.0
21.0,19.0,2.0,1.0,32.0,95.0,2.0,1.0
21.0,20.0,2.0,1.0,32.0,95.0,1.0,1.0
22.0,1.0,2.0,1.0,42.0,95.0,1.0,5.0
22.0,2.0,2.0,1.0,31.0,95.0,1.0,6.0
22.0,3.0,2.0,1.0,31.0,95.0,2.0,2.0
22.0,4.0,2.0,1.0,31.0,95.0,1.0,4.0
22.0,5.0,2.0,1.0,21.0,95.0,1.0,10.0
22.0,6.0,2.0,1.0,31.0,95.0,1.0,1.0
22.0,7.0,2.0,1.0,32.0,95.0,1.0,2.0
22.0,8.0,2.0,1.0,31.0,95.0,3.0,2.0
22.0,9.0,2.0,1.0,32.0,95.0,2.0,5.0
22.0,10.0,2.0,1.0,32.0,23.0,3.0,9.0
22.0,11.0,2.0,1.0,21.0,95.0,1.0,1.0
22.0,12.0,2.0,1.0,31.0,95.0,1.0,2.0
22.0,13.0,2.0,1.0,32.0,95.0,1.0,4.0
22.0,14.0,2.0,1.0,32.0,95.0,2.0,1.0
22.0,15.0,2.0,1.0,21.0,95.0,1.0,6.0
22.0,16.0,2.0,1.0,42.0,95.0,2.0,4.0
22.0,17.0,2.0,1.0,32.0,95.0,2.0,7.0
22.0,18.0,2.0,1.0,32.0,95.0,1.0,4.0
22.0,19.0,2.0,1.0,31.0,22.0,2.0,4.0
22.0,20.0,2.0,1.0,32.0,95.0,1.0,5.0
23.0,1.0,2.0,1.0,81.0,23.0,2.0,4.0
23.0,2.0,2.0,1.0,81.0,95.0,2.0,3.0
23.0,3.0,2.0,1.0,81.0,95.0,2.0,3.0
23.0,4.0,2.0,1.0,81.0,95.0,2.0,8.0
23.0,5.0,2.0,1.0,42.0,95.0,3.0,5.0
23.0,6.0,2.0,1.0,81.0,95.0,2.0,2.0
23.0,7.0,2.0,1.0,42.0,23.0,2.0,3.0
23.0,8.0,2.0,1.0,81.0,95.0,3.0,7.0
23.0,9.0,2.0,1.0,81.0,95.0,3.0,4.0
23.0,10.0,2.0,1.0,42.0,23.0,2.0,8.0
23.0,11.0,2.0,1.0,81.0,95.0,2.0,4.0
23.0,12.0,2.0,1.0,81.0,95.0,1.0,4.0
23.0,13.0,2.0,1.0,14.0,22.0,5.0,3.0
23.0,14.0,2.0,1.0,81.0,95.0,2.0,3.0
23.0,15.0,2.0,1.0,42.0,95.0,2.0,6.0
23.0,16.0,2.0,1.0,81.0,22.0,3.0,4.0
23.0,17.0,2.0,1.0,81.0,95.0,1.0,2.0
23.0,18.0,2.0,1.0,81.0,23.0,1.0,2.0
23.0,19.0,2.0,1.0,42.0,95.0,3.0,2.0
23.0,20.0,2.0,1.0,81.0,95.0,2.0,5.0
24.0,1.0,2.0,1.0,32.0,95.0,2.0,7.0
24.0,2.0,2.0,1.0,21.0,22.0,1.0,3.0
24.0,3.0,2.0,1.0,21.0,95.0,1.0,5.0
24.0,4.0,2.0,1.0,32.0,95.0,1.0,4.0
24.0,5.0,2.0,1.0,32.0,22.0,2.0,3.0
24.0,6.0,2.0,1.0,31.0,22.0,3.0,2.0
24.0,7.0,2.0,1.0,31.0,95.0,1.0,9.0
24.0,8.0,2.0,1.0,32.0,95.0,1.0,1.0
24.0,9.0,2.0,1.0,32.0,95.0,2.0,1.0
24.0,10.0,2.0,1.0,21.0,95.0,1.0,6.0
24.0,11.0,2.0,1.0,31.0,95.0,1.0,2.0
24.0,12.0,2.0,1.0,32.0,23.0,1.0,6.0
24.0,13.0,2.0,1.0,31.0,95.0,2.0,1.0
24.0,14.0,2.0,1.0,31.0,95.0,1.0,2.0
24.0,15.0,2.0,1.0,32.0,95.0,1.0,1.0
24.0,16.0,2.0,1.0,31.0,95.0,1.0,6.0
24.0,17.0,2.0,1.0,31.0,95.0,1.0,2.0
24.0,18.0,2.0,1.0,32.0,95.0,2.0,8.0
24.0,19.0,2.0,1.0,31.0,95.0,2.0,6.0
24.0,20.0,2.0,1.0,31.0,95.0,1.0,6.0
25.0,1.0,2.0,1.0,21.0,95.0,1.0,4.0
25.0,2.0,2.0,1.0,21.0,95.0,1.0,3.0
25.0,3.0,2.0,1.0,21.0,95.0,1.0,8.0
25.0,4.0,2.0,1.0,32.0,23.0,1.0,2.0
25.0,5.0,2.0,1.0,21.0,95.0,2.0,5.0
25.0,6.0,2.0,1.0,21.0,95.0,2.0,9.0
25.0,7.0,2.0,1.0,21.0,22.0,2.0,4.0
25.0,8.0,2.0,1.0,32.0,95.0,2.0,3.0
25.0,9.0,2.0,1.0,21.0,95.0,1.0,4.0
25.0,10.0,2.0,1.0,21.0,96.0,1.0,4.0
25.0,11.0,2.0,1.0,21.0,96.0,2.0,1.0
25.0,12.0,2.0,1.0,32.0,95.0,1.0,3.0
25.0,13.0,2.0,1.0,21.0,95.0,2.0,5.0
25.0,14.0,2.0,1.0,21.0,96.0,4.0,5.0
25.0,15.0,2.0,1.0,21.0,95.0,1.0,5.0
25.0,16.0,2.0,1.0,21.0,22.0,2.0,8.0
25.0,17.0,2.0,1.0,,,,
25.0,18.0,2.0,1.0,21.0,96.0,1.0,4.0
25.0,19.0,2.0,1.0,21.0,96.0,2.0,5.0
25.0,20.0,2.0,1.0,,,,
26.0,1.0,2.0,1.0,42.0,22.0,3.0,4.0
26.0,2.0,2.0,1.0,41.0,22.0,5.0,7.0
26.0,3.0,2.0,1.0,21.0,22.0,5.0,5.0
26.0,4.0,2.0,1.0,32.0,95.0,1.0,3.0
26.0,5.0,2.0,1.0,31.0,95.0,1.0,2.0
26.0,6.0,2.0,1.0,32.0,22.0,3.0,5.0
26.0,7.0,2.0,1.0,32.0,22.0,3.0,6.0
26.0,8.0,2.0,1.0,32.0,95.0,1.0,5.0
26.0,9.0,2.0,1.0,31.0,95.0,3.0,6.0
26.0,10.0,2.0,1.0,31.0,23.0,2.0,3.0
26.0,11.0,2.0,1.0,32.0,95.0,2.0,1.0
26.0,12.0,2.0,1.0,32.0,95.0,3.0,3.0
26.0,13.0,2.0,1.0,31.0,95.0,2.0,1.0
26.0,14.0,2.0,1.0,32.0,95.0,1.0,5.0
26.0,15.0,2.0,1.0,32.0,22.0,1.0,2.0
26.0,16.0,2.0,1.0,32.0,22.0,4.0,4.0
26.0,17.0,2.0,1.0,,,,
26.0,18.0,2.0,1.0,32.0,23.0,2.0,1.0
26.0,19.0,2.0,1.0,21.0,95.0,1.0,4.0
26.0,20.0,2.0,1.0,31.0,22.0,3.0,3.0
27.0,1.0,2.0,1.0,32.0,95.0,1.0,4.0
27.0,2.0,2.0,1.0,32.0,95.0,1.0,4.0
27.0,3.0,2.0,1.0,,,,
27.0,4.0,2.0,1.0,32.0,22.0,2.0,6.0
27.0,5.0,2.0,1.0,32.0,95.0,1.0,1.0
27.0,6.0,2.0,1.0,32.0,95.0,1.0,7.0
27.0,7.0,2.0,1.0,32.0,95.0,1.0,4.0
27.0,8.0,2.0,1.0,14.0,95.0,1.0,1.0
27.0,9.0,2.0,1.0,21.0,95.0,1.0,5.0
27.0,10.0,2.0,1.0,21.0,95.0,2.0,4.0
27.0,11.0,2.0,1.0,21.0,95.0,3.0,3.0
27.0,12.0,2.0,1.0,21.0,95.0,1.0,1.0
27.0,13.0,2.0,1.0,32.0,22.0,2.0,1.0
27.0,14.0,2.0,1.0,32.0,95.0,3.0,2.0
27.0,15.0,2.0,1.0,32.0,95.0,1.0,2.0
27.0,16.0,2.0,1.0,32.0,95.0,1.0,6.0
27.0,17.0,2.0,1.0,32.0,95.0,2.0,7.0
27.0,18.0,2.0,1.0,32.0,95.0,1.0,2.0
27.0,19.0,2.0,1.0,32.0,95.0,1.0,6.0
27.0,20.0,2.0,1.0,32.0,95.0,1.0,5.0
28.0,1.0,2.0,1.0,21.0,22.0,3.0,6.0
28.0,2.0,2.0,1.0,41.0,12.0,3.0,6.0
28.0,3.0,2.0,1.0,21.0,95.0,2.0,1.0
28.0,4.0,2.0,1.0,,,,
28.0,5.0,2.0,1.0,21.0,22.0,5.0,5.0
28.0,6.0,2.0,1.0,21.0,22.0,3.0,4.0
28.0,7.0,2.0,1.0,21.0,22.0,4.0,4.0
28.0,8.0,2.0,1.0,32.0,95.0,3.0,5.0
28.0,9.0,2.0,1.0,21.0,22.0,3.0,5.0
28.0,10.0,2.0,1.0,,,,
28.0,11.0,2.0,1.0,21.0,22.0,3.0,6.0
28.0,12.0,2.0,1.0,,,,
28.0,13.0,2.0,1.0,21.0,22.0,3.0,5.0
28.0,14.0,2.0,1.0,21.0,22.0,4.0,3.0
28.0,15.0,2.0,1.0,32.0,12.0,4.0,3.0
28.0,16.0,2.0,1.0,21.0,22.0,5.0,4.0
28.0,17.0,2.0,1.0,,,,
28.0,18.0,2.0,1.0,21.0,95.0,2.0,2.0
28.0,19.0,2.0,1.0,21.0,22.0,5.0,6.0
28.0,20.0,2.0,1.0,,,,
29.0,1.0,2.0,1.0,32.0,95.0,1.0,5.0
29.0,2.0,2.0,1.0,32.0,95.0,1.0,8.0
29.0,3.0,2.0,1.0,31.0,22.0,3.0,3.0
29.0,4.0,2.0,1.0,,,,
29.0,5.0,2.0,1.0,31.0,23.0,2.0,2.0
29.0,6.0,2.0,1.0,32.0,95.0,1.0,8.0
29.0,7.0,2.0,1.0,32.0,23.0,1.0,2.0
29.0,8.0,2.0,1.0,,,,
29.0,9.0,2.0,1.0,42.0,95.0,2.0,6.0
29.0,10.0,2.0,1.0,31.0,95.0,3.0,6.0
29.0,11.0,2.0,1.0,32.0,95.0,2.0,1.0
29.0,12.0,2.0,1.0,32.0,95.0,1.0,5.0
29.0,13.0,2.0,1.0,,,,
29.0,14.0,2.0,1.0,31.0,95.0,2.0,5.0
29.0,15.0,2.0,1.0,42.0,95.0,1.0,5.0
29.0,16.0,2.0,1.0,32.0,95.0,3.0,1.0
29.0,17.0,2.0,1.0,32.0,95.0,2.0,3.0
29.0,18.0,2.0,1.0,32.0,95.0,1.0,1.0
29.0,19.0,2.0,1.0,32.0,95.0,2.0,9.0
29.0,20.0,2.0,1.0,32.0,95.0,1.0,2.0
30.0,1.0,2.0,1.0,32.0,22.0,3.0,9.0
30.0,2.0,2.0,1.0,32.0,95.0,2.0,1.0
30.0,3.0,2.0,1.0,32.0,95.0,3.0,3.0
30.0,4.0,2.0,1.0,32.0,22.0,2.0,4.0
30.0,5.0,2.0,1.0,32.0,23.0,3.0,4.0
30.0,6.0,2.0,1.0,42.0,22.0,3.0,6.0
30.0,7.0,2.0,1.0,32.0,22.0,3.0,2.0
30.0,8.0,2.0,1.0,32.0,23.0,3.0,6.0
30.0,9.0,2.0,1.0,32.0,22.0,3.0,4.0
30.0,10.0,2.0,1.0,32.0,23.0,3.0,4.0
30.0,11.0,2.0,1.0,32.0,95.0,3.0,6.0
30.0,12.0,2.0,1.0,32.0,23.0,4.0,5.0
30.0,13.0,2.0,1.0,32.0,23.0,3.0,8.0
30.0,14.0,2.0,1.0,32.0,23.0,1.0,2.0
30.0,15.0,2.0,1.0,32.0,22.0,3.0,7.0
30.0,16.0,2.0,1.0,32.0,23.0,1.0,2.0
30.0,17.0,2.0,1.0,32.0,23.0,3.0,3.0
30.0,18.0,2.0,1.0,32.0,22.0,3.0,5.0
30.0,19.0,2.0,1.0,32.0,22.0,4.0,6.0
30.0,20.0,2.0,1.0,32.0,22.0,3.0,6.0
31.0,1.0,2.0,1.0,32.0,22.0,3.0,2.0
31.0,2.0,2.0,1.0,31.0,22.0,3.0,3.0
31.0,3.0,2.0,1.0,31.0,22.0,3.0,9.0
31.0,4.0,2.0,1.0,31.0,22.0,3.0,4.0
31.0,5.0,2.0,1.0,32.0,22.0,2.0,7.0
31.0,6.0,2.0,1.0,32.0,22.0,2.0,3.0
31.0,7.0,2.0,1.0,32.0,95.0,1.0,6.0
31.0,8.0,2.0,1.0,32.0,95.0,3.0,6.0
31.0,9.0,2.0,1.0,31.0,22.0,3.0,2.0
31.0,10.0,2.0,1.0,32.0,95.0,3.0,5.0
31.0,11.0,2.0,1.0,21.0,12.0,3.0,1.0
31.0,12.0,2.0,1.0,31.0,95.0,1.0,1.0
31.0,13.0,2.0,1.0,31.0,22.0,3.0,3.0
31.0,14.0,2.0,1.0,31.0,95.0,3.0,2.0
31.0,15.0,2.0,1.0,31.0,22.0,2.0,5.0
31.0,16.0,2.0,1.0,,,,
31.0,17.0,2.0,1.0,32.0,23.0,1.0,6.0
31.0,18.0,2.0,1.0,21.0,23.0,4.0,9.0
31.0,19.0,2.0,1.0,32.0,95.0,1.0,3.0
31.0,20.0,2.0,1.0,31.0,95.0,3.0,7.0
32.0,1.0,2.0,1.0,14.0,95.0,1.0,3.0
32.0,2.0,2.0,1.0,14.0,95.0,3.0,3.0
32.0,3.0,2.0,1.0,14.0,23.0,1.0,5.0
32.0,4.0,2.0,1.0,31.0,22.0,3.0,4.0
32.0,5.0,2.0,1.0,14.0,22.0,3.0,1.0
32.0,6.0,2.0,1.0,,,,
32.0,7.0,2.0,1.0,14.0,95.0,3.0,6.0
32.0,8.0,2.0,1.0,14.0,95.0,3.0,2.0
32.0,9.0,2.0,1.0,,,,
32.0,10.0,2.0,1.0,14.0,95.0,2.0,2.0
32.0,11.0,2.0,1.0,14.0,95.0,2.0,7.0
32.0,12.0,2.0,1.0,31.0,22.0,3.0,11.0
32.0,13.0,2.0,1.0,14.0,22.0,2.0,6.0
32.0,14.0,2.0,1.0,21.0,95.0,2.0,5.0
32.0,15.0,2.0,1.0,14.0,95.0,3.0,3.0
32.0,16.0,2.0,1.0,14.0,22.0,3.0,1.0
32.0,17.0,2.0,1.0,,,,
32.0,18.0,2.0,1.0,21.0,95.0,3.0,5.0
32.0,19.0,2.0,1.0,14.0,22.0,3.0,5.0
32.0,20.0,2.0,1.0,21.0,95.0,3.0,9.0
33.0,1.0,2.0,1.0,32.0,22.0,3.0,1.0
33.0,2.0,2.0,1.0,31.0,22.0,3.0,5.0
33.0,3.0,2.0,1.0,31.0,12.0,3.0,1.0
33.0,4.0,2.0,1.0,42.0,22.0,4.0,2.0
33.0,5.0,2.0,1.0,31.0,22.0,3.0,1.0
33.0,6.0,2.0,1.0,14.0,22.0,4.0,2.0
33.0,7.0,2.0,1.0,,,,
33.0,8.0,2.0,1.0,41.0,22.0,4.0,1.0
33.0,9.0,2.0,1.0,92.0,22.0,3.0,2.0
33.0,10.0,2.0,1.0,32.0,22.0,4.0,5.0
33.0,11.0,2.0,1.0,31.0,22.0,2.0,2.0
33.0,12.0,2.0,1.0,,,,
33.0,13.0,2.0,1.0,32.0,22.0,4.0,1.0
33.0,14.0,2.0,1.0,32.0,22.0,2.0,3.0
33.0,15.0,2.0,1.0,31.0,22.0,3.0,6.0
33.0,16.0,2.0,1.0,,,,
33.0,17.0,2.0,1.0,32.0,22.0,3.0,5.0
33.0,18.0,2.0,1.0,32.0,22.0,3.0,2.0
33.0,19.0,2.0,1.0,31.0,22.0,3.0,5.0
33.0,20.0,2.0,1.0,,,,
34.0,1.0,2.0,1.0,12.0,12.0,5.0,1.0
34.0,2.0,2.0,1.0,31.0,22.0,3.0,3.0
34.0,3.0,2.0,1.0,92.0,22.0,4.0,1.0
34.0,4.0,2.0,1.0,21.0,22.0,4.0,3.0
34.0,5.0,2.0,1.0,21.0,23.0,3.0,11.0
34.0,6.0,2.0,1.0,21.0,22.0,3.0,4.0
34.0,7.0,2.0,1.0,21.0,22.0,3.0,6.0
34.0,8.0,2.0,1.0,21.0,23.0,3.0,9.0
34.0,9.0,2.0,1.0,21.0,22.0,2.0,8.0
34.0,10.0,2.0,1.0,21.0,22.0,2.0,5.0
34.0,11.0,2.0,1.0,21.0,95.0,1.0,4.0
34.0,12.0,2.0,1.0,21.0,95.0,1.0,9.0
34.0,13.0,2.0,1.0,,,,
34.0,14.0,2.0,1.0,21.0,23.0,3.0,4.0
34.0,15.0,2.0,1.0,21.0,95.0,3.0,7.0
34.0,16.0,2.0,1.0,,,,
34.0,17.0,2.0,1.0,21.0,22.0,3.0,4.0
34.0,18.0,2.0,1.0,21.0,22.0,3.0,5.0
34.0,19.0,2.0,1.0,21.0,22.0,5.0,8.0
34.0,20.0,2.0,1.0,21.0,95.0,1.0,6.0
35.0,1.0,2.0,1.0,21.0,22.0,3.0,8.0
35.0,2.0,2.0,1.0,14.0,22.0,3.0,1.0
35.0,3.0,2.0,1.0,,,,
35.0,4.0,2.0,1.0,12.0,12.0,5.0,6.0
35.0,5.0,2.0,1.0,14.0,23.0,1.0,6.0
35.0,6.0,2.0,1.0,21.0,22.0,3.0,3.0
35.0,7.0,2.0,1.0,21.0,23.0,2.0,7.0
35.0,8.0,2.0,1.0,32.0,22.0,2.0,4.0
35.0,9.0,2.0,1.0,21.0,95.0,1.0,5.0
35.0,10.0,2.0,1.0,21.0,23.0,1.0,6.0
35.0,11.0,2.0,1.0,14.0,23.0,2.0,6.0
35.0,12.0,2.0,1.0,21.0,95.0,3.0,5.0
35.0,13.0,2.0,1.0,,,,
35.0,14.0,2.0,1.0,21.0,95.0,1.0,5.0
35.0,15.0,2.0,1.0,21.0,95.0,2.0,6.0
35.0,16.0,2.0,1.0,14.0,95.0,2.0,4.0
35.0,17.0,2.0,1.0,21.0,95.0,1.0,5.0
35.0,18.0,2.0,1.0,21.0,23.0,3.0,9.0
35.0,19.0,2.0,1.0,21.0,95.0,1.0,7.0
35.0,20.0,2.0,1.0,21.0,23.0,2.0,3.0
36.0,1.0,2.0,1.0,81.0,95.0,3.0,7.0
36.0,2.0,2.0,1.0,,,,
36.0,3.0,2.0,1.0,32.0,95.0,1.0,4.0
36.0,4.0,2.0,1.0,,,,
36.0,5.0,2.0,1.0,32.0,95.0,1.0,2.0
36.0,6.0,2.0,1.0,32.0,23.0,1.0,5.0
36.0,7.0,2.0,1.0,81.0,95.0,1.0,6.0
36.0,8.0,2.0,1.0,32.0,95.0,1.0,7.0
36.0,9.0,2.0,1.0,14.0,95.0,1.0,3.0
36.0,10.0,2.0,1.0,81.0,95.0,3.0,5.0
36.0,11.0,2.0,1.0,14.0,95.0,1.0,5.0
36.0,12.0,2.0,1.0,32.0,23.0,1.0,5.0
36.0,13.0,2.0,1.0,31.0,23.0,1.0,6.0
36.0,14.0,2.0,1.0,81.0,95.0,1.0,5.0
36.0,15.0,2.0,1.0,32.0,23.0,2.0,4.0
36.0,16.0,2.0,1.0,32.0,95.0,2.0,1.0
36.0,17.0,2.0,1.0,81.0,95.0,2.0,5.0
36.0,18.0,2.0,1.0,32.0,95.0,1.0,6.0
36.0,19.0,2.0,1.0,81.0,95.0,1.0,5.0
36.0,20.0,2.0,1.0,81.0,95.0,2.0,1.0
37.0,1.0,2.0,1.0,14.0,22.0,2.0,2.0
37.0,2.0,2.0,1.0,,,,
37.0,3.0,2.0,1.0,21.0,23.0,4.0,5.0
37.0,4.0,2.0,1.0,14.0,95.0,3.0,1.0
37.0,5.0,2.0,1.0,51.0,22.0,3.0,3.0
37.0,6.0,2.0,1.0,14.0,23.0,3.0,3.0
37.0,7.0,2.0,1.0,21.0,95.0,3.0,5.0
37.0,8.0,2.0,1.0,14.0,23.0,2.0,4.0
37.0,9.0,2.0,1.0,14.0,95.0,2.0,2.0
37.0,10.0,2.0,1.0,51.0,95.0,2.0,5.0
37.0,11.0,2.0,1.0,14.0,22.0,3.0,1.0
37.0,12.0,2.0,1.0,14.0,95.0,3.0,5.0
37.0,13.0,2.0,1.0,,,,
37.0,14.0,2.0,1.0,51.0,95.0,3.0,6.0
37.0,15.0,2.0,1.0,14.0,95.0,2.0,6.0
37.0,16.0,2.0,1.0,51.0,95.0,2.0,6.0
37.0,17.0,2.0,1.0,,,,
37.0,18.0,2.0,1.0,51.0,22.0,3.0,3.0
37.0,19.0,2.0,1.0,51.0,23.0,3.0,4.0
37.0,20.0,2.0,1.0,21.0,23.0,3.0,6.0
38.0,1.0,2.0,1.0,14.0,22.0,2.0,2.0
38.0,2.0,2.0,1.0,14.0,22.0,3.0,8.0
38.0,3.0,2.0,1.0,14.0,22.0,3.0,2.0
38.0,4.0,2.0,1.0,14.0,22.0,3.0,3.0
38.0,5.0,2.0,1.0,14.0,22.0,3.0,6.0
38.0,6.0,2.0,1.0,,,,
38.0,7.0,2.0,1.0,21.0,95.0,3.0,7.0
38.0,8.0,2.0,1.0,14.0,12.0,2.0,8.0
38.0,9.0,2.0,1.0,14.0,95.0,3.0,2.0
38.0,10.0,2.0,1.0,14.0,22.0,3.0,1.0
38.0,11.0,2.0,1.0,14.0,22.0,4.0,5.0
38.0,12.0,2.0,1.0,14.0,95.0,2.0,5.0
38.0,13.0,2.0,1.0,11.0,22.0,3.0,1.0
38.0,14.0,2.0,1.0,,,,
38.0,15.0,2.0,1.0,14.0,23.0,4.0,3.0
38.0,16.0,2.0,1.0,14.0,23.0,2.0,4.0
38.0,17.0,2.0,1.0,14.0,95.0,3.0,5.0
38.0,18.0,2.0,1.0,14.0,95.0,2.0,1.0
38.0,19.0,2.0,1.0,12.0,22.0,3.0,2.0
38.0,20.0,2.0,1.0,14.0,95.0,2.0,4.0
39.0,1.0,2.0,1.0,51.0,22.0,3.0,7.0
39.0,2.0,2.0,1.0,14.0,23.0,3.0,6.0
39.0,3.0,2.0,1.0,21.0,22.0,4.0,5.0
39.0,4.0,2.0,1.0,14.0,95.0,2.0,4.0
39.0,5.0,2.0,1.0,14.0,22.0,4.0,5.0
39.0,6.0,2.0,1.0,14.0,22.0,4.0,3.0
39.0,7.0,2.0,1.0,21.0,23.0,3.0,4.0
39.0,8.0,2.0,1.0,,,,
39.0,9.0,2.0,1.0,14.0,95.0,2.0,1.0
39.0,10.0,2.0,1.0,14.0,95.0,3.0,5.0
39.0,11.0,2.0,1.0,51.0,23.0,2.0,10.0
39.0,12.0,2.0,1.0,14.0,95.0,3.0,5.0
39.0,13.0,2.0,1.0,,,,
39.0,14.0,2.0,1.0,14.0,22.0,3.0,5.0
39.0,15.0,2.0,1.0,21.0,23.0,4.0,4.0
39.0,16.0,2.0,1.0,14.0,95.0,3.0,2.0
39.0,17.0,2.0,1.0,14.0,22.0,3.0,8.0
39.0,18.0,2.0,1.0,14.0,23.0,3.0,4.0
39.0,19.0,2.0,1.0,21.0,95.0,1.0,4.0
39.0,20.0,2.0,1.0,14.0,96.0,2.0,1.0
40.0,1.0,2.0,1.0,14.0,95.0,1.0,2.0
40.0,2.0,2.0,1.0,14.0,95.0,2.0,3.0
40.0,3.0,2.0,1.0,21.0,22.0,5.0,2.0
40.0,4.0,2.0,1.0,14.0,95.0,4.0,6.0
40.0,5.0,2.0,1.0,14.0,95.0,3.0,1.0
40.0,6.0,2.0,1.0,14.0,95.0,3.0,3.0
40.0,7.0,2.0,1.0,14.0,95.0,2.0,9.0
40.0,8.0,2.0,1.0,14.0,23.0,2.0,2.0
40.0,9.0,2.0,1.0,14.0,22.0,3.0,5.0
40.0,10.0,2.0,1.0,14.0,95.0,2.0,3.0
40.0,11.0,2.0,1.0,21.0,23.0,2.0,1.0
40.0,12.0,2.0,1.0,14.0,95.0,3.0,4.0
40.0,13.0,2.0,1.0,14.0,22.0,3.0,1.0
40.0,14.0,2.0,1.0,14.0,95.0,3.0,6.0
40.0,15.0,2.0,1.0,,,,
40.0,16.0,2.0,1.0,14.0,23.0,3.0,6.0
40.0,17.0,2.0,1.0,14.0,22.0,2.0,1.0
40.0,18.0,2.0,1.0,14.0,22.0,3.0,6.0
40.0,19.0,2.0,1.0,14.0,23.0,3.0,2.0
40.0,20.0,2.0,1.0,14.0,95.0,3.0,2.0
41.0,1.0,2.0,1.0,31.0,23.0,3.0,1.0
41.0,2.0,2.0,1.0,21.0,95.0,2.0,3.0
41.0,3.0,2.0,1.0,14.0,95.0,1.0,5.0
41.0,4.0,2.0,1.0,14.0,23.0,3.0,2.0
41.0,5.0,2.0,1.0,21.0,22.0,3.0,1.0
41.0,6.0,2.0,1.0,21.0,95.0,2.0,1.0
41.0,7.0,2.0,1.0,21.0,31.0,3.0,3.0
41.0,8.0,2.0,1.0,,,,
41.0,9.0,2.0,1.0,51.0,95.0,2.0,4.0
41.0,10.0,2.0,1.0,21.0,95.0,2.0,6.0
41.0,11.0,2.0,1.0,14.0,22.0,2.0,4.0
41.0,12.0,2.0,1.0,,,,
41.0,13.0,2.0,1.0,21.0,95.0,3.0,2.0
41.0,14.0,2.0,1.0,21.0,23.0,3.0,4.0
41.0,15.0,2.0,1.0,13.0,95.0,3.0,2.0
41.0,16.0,2.0,1.0,21.0,95.0,2.0,7.0
41.0,17.0,2.0,1.0,21.0,95.0,2.0,4.0
41.0,18.0,2.0,1.0,21.0,95.0,2.0,5.0
41.0,19.0,2.0,1.0,51.0,12.0,3.0,2.0
41.0,20.0,2.0,1.0,51.0,95.0,3.0,3.0
42.0,1.0,2.0,1.0,21.0,95.0,1.0,3.0
42.0,2.0,2.0,1.0,21.0,95.0,2.0,5.0
42.0,3.0,2.0,1.0,21.0,95.0,3.0,3.0
42.0,4.0,2.0,1.0,21.0,12.0,3.0,4.0
42.0,5.0,2.0,1.0,42.0,95.0,3.0,4.0
42.0,6.0,2.0,1.0,21.0,51.0,2.0,11.0
42.0,7.0,2.0,1.0,21.0,95.0,3.0,2.0
42.0,8.0,2.0,1.0,21.0,51.0,2.0,2.0
42.0,9.0,2.0,1.0,21.0,95.0,2.0,1.0
42.0,10.0,2.0,1.0,21.0,95.0,2.0,2.0
42.0,11.0,2.0,1.0,51.0,95.0,3.0,1.0
42.0,12.0,2.0,1.0,21.0,51.0,2.0,3.0
42.0,13.0,2.0,1.0,14.0,22.0,2.0,1.0
42.0,14.0,2.0,1.0,21.0,95.0,1.0,1.0
42.0,15.0,2.0,1.0,14.0,95.0,3.0,1.0
42.0,16.0,2.0,1.0,14.0,23.0,3.0,1.0
42.0,17.0,2.0,1.0,14.0,95.0,2.0,5.0
42.0,18.0,2.0,1.0,,,,
42.0,19.0,2.0,1.0,21.0,23.0,2.0,4.0
42.0,20.0,2.0,1.0,21.0,95.0,1.0,7.0
43.0,1.0,2.0,1.0,21.0,22.0,3.0,1.0
43.0,2.0,2.0,1.0,21.0,22.0,3.0,6.0
43.0,3.0,2.0,1.0,14.0,22.0,3.0,2.0
43.0,4.0,2.0,1.0,32.0,22.0,3.0,2.0
43.0,5.0,2.0,1.0,21.0,22.0,3.0,2.0
43.0,6.0,2.0,1.0,14.0,23.0,4.0,5.0
43.0,7.0,2.0,1.0,21.0,21.0,3.0,4.0
43.0,8.0,2.0,1.0,21.0,22.0,4.0,4.0
43.0,9.0,2.0,1.0,14.0,22.0,4.0,6.0
43.0,10.0,2.0,1.0,21.0,22.0,3.0,4.0
43.0,11.0,2.0,1.0,21.0,95.0,1.0,2.0
43.0,12.0,2.0,1.0,14.0,21.0,3.0,9.0
43.0,13.0,2.0,1.0,21.0,22.0,4.0,6.0
43.0,14.0,2.0,1.0,21.0,23.0,3.0,3.0
43.0,15.0,2.0,1.0,14.0,22.0,3.0,5.0
43.0,16.0,2.0,1.0,14.0,22.0,3.0,7.0
43.0,17.0,2.0,1.0,14.0,21.0,2.0,3.0
43.0,18.0,2.0,1.0,21.0,22.0,3.0,3.0
43.0,19.0,2.0,1.0,21.0,22.0,3.0,1.0
43.0,20.0,2.0,1.0,21.0,22.0,4.0,7.0
44.0,1.0,2.0,1.0,21.0,23.0,2.0,7.0
44.0,2.0,2.0,1.0,32.0,95.0,1.0,2.0
44.0,3.0,2.0,1.0,32.0,95.0,3.0,4.0
44.0,4.0,2.0,1.0,81.0,95.0,2.0,1.0
44.0,5.0,2.0,1.0,31.0,95.0,3.0,5.0
44.0,6.0,2.0,1.0,81.0,95.0,1.0,6.0
44.0,7.0,2.0,1.0,31.0,95.0,2.0,1.0
44.0,8.0,2.0,1.0,21.0,23.0,2.0,6.0
44.0,9.0,2.0,1.0,32.0,23.0,1.0,7.0
44.0,10.0,2.0,1.0,32.0,95.0,1.0,2.0
44.0,11.0,2.0,1.0,81.0,95.0,1.0,1.0
44.0,12.0,2.0,1.0,42.0,95.0,3.0,5.0
44.0,13.0,2.0,1.0,81.0,95.0,2.0,10.0
44.0,14.0,2.0,1.0,21.0,95.0,1.0,1.0
44.0,15.0,2.0,1.0,,,,
44.0,16.0,2.0,1.0,31.0,95.0,3.0,4.0
44.0,17.0,2.0,1.0,21.0,95.0,2.0,7.0
44.0,18.0,2.0,1.0,21.0,22.0,2.0,2.0
44.0,19.0,2.0,1.0,31.0,23.0,3.0,1.0
44.0,20.0,2.0,1.0,31.0,22.0,3.0,1.0
45.0,1.0,2.0,1.0,21.0,21.0,3.0,5.0
45.0,2.0,2.0,1.0,32.0,22.0,3.0,4.0
45.0,3.0,2.0,1.0,21.0,22.0,3.0,6.0
45.0,4.0,2.0,1.0,21.0,23.0,1.0,1.0
45.0,5.0,2.0,1.0,21.0,22.0,4.0,4.0
45.0,6.0,2.0,1.0,21.0,23.0,3.0,1.0
45.0,7.0,2.0,1.0,32.0,95.0,2.0,1.0
45.0,8.0,2.0,1.0,21.0,22.0,4.0,2.0
45.0,9.0,2.0,1.0,21.0,21.0,3.0,3.0
45.0,10.0,2.0,1.0,21.0,95.0,3.0,5.0
45.0,11.0,2.0,1.0,32.0,22.0,3.0,4.0
45.0,12.0,2.0,1.0,21.0,23.0,3.0,6.0
45.0,13.0,2.0,1.0,32.0,21.0,3.0,4.0
45.0,14.0,2.0,1.0,31.0,23.0,3.0,3.0
45.0,15.0,2.0,1.0,21.0,23.0,3.0,7.0
45.0,16.0,2.0,1.0,21.0,95.0,3.0,5.0
45.0,17.0,2.0,1.0,21.0,23.0,3.0,5.0
45.0,18.0,2.0,1.0,21.0,12.0,5.0,7.0
45.0,19.0,2.0,1.0,21.0,12.0,3.0,10.0
45.0,20.0,2.0,1.0,42.0,95.0,3.0,1.0
46.0,1.0,2.0,1.0,21.0,95.0,1.0,1.0
46.0,2.0,2.0,1.0,31.0,22.0,4.0,1.0
46.0,3.0,2.0,1.0,21.0,23.0,2.0,7.0
46.0,4.0,2.0,1.0,81.0,23.0,2.0,2.0
46.0,5.0,2.0,1.0,21.0,21.0,3.0,7.0
46.0,6.0,2.0,1.0,21.0,21.0,2.0,8.0
46.0,7.0,2.0,1.0,81.0,23.0,2.0,7.0
46.0,8.0,2.0,1.0,32.0,95.0,2.0,6.0
46.0,9.0,2.0,1.0,41.0,22.0,4.0,4.0
46.0,10.0,2.0,1.0,21.0,95.0,3.0,7.0
46.0,11.0,2.0,1.0,,,,
46.0,12.0,2.0,1.0,21.0,95.0,2.0,3.0
46.0,13.0,2.0,1.0,31.0,95.0,2.0,6.0
46.0,14.0,2.0,1.0,81.0,95.0,1.0,4.0
46.0,15.0,2.0,1.0,31.0,95.0,3.0,3.0
46.0,16.0,2.0,1.0,21.0,95.0,3.0,7.0
46.0,17.0,2.0,1.0,31.0,95.0,2.0,3.0
46.0,18.0,2.0,1.0,32.0,95.0,3.0,7.0
46.0,19.0,2.0,1.0,21.0,22.0,3.0,6.0
46.0,20.0,2.0,1.0,21.0,23.0,2.0,8.0
47.0,1.0,2.0,1.0,21.0,22.0,5.0,1.0
47.0,2.0,2.0,1.0,32.0,23.0,4.0,12.0
47.0,3.0,2.0,1.0,92.0,12.0,4.0,3.0
47.0,4.0,2.0,1.0,21.0,23.0,3.0,1.0
47.0,5.0,2.0,1.0,32.0,12.0,5.0,5.0
47.0,6.0,2.0,1.0,21.0,22.0,3.0,4.0
47.0,7.0,2.0,1.0,21.0,95.0,3.0,5.0
47.0,8.0,2.0,1.0,21.0,21.0,4.0,3.0
47.0,9.0,2.0,1.0,31.0,22.0,4.0,6.0
47.0,10.0,2.0,1.0,21.0,22.0,4.0,3.0
47.0,11.0,2.0,1.0,31.0,22.0,3.0,5.0
47.0,12.0,2.0,1.0,14.0,12.0,5.0,5.0
47.0,13.0,2.0,1.0,32.0,22.0,3.0,1.0
47.0,14.0,2.0,1.0,21.0,95.0,3.0,3.0
47.0,15.0,2.0,1.0,21.0,12.0,4.0,5.0
47.0,16.0,2.0,1.0,21.0,12.0,5.0,5.0
47.0,17.0,2.0,1.0,92.0,12.0,5.0,1.0
47.0,18.0,2.0,1.0,31.0,13.0,5.0,1.0
47.0,19.0,2.0,1.0,31.0,12.0,5.0,8.0
47.0,20.0,2.0,1.0,32.0,22.0,3.0,1.0
48.0,1.0,2.0,1.0,14.0,21.0,4.0,5.0
48.0,2.0,2.0,1.0,14.0,95.0,3.0,1.0
48.0,3.0,2.0,1.0,14.0,12.0,4.0,1.0
48.0,4.0,2.0,1.0,14.0,95.0,2.0,3.0
48.0,5.0,2.0,1.0,14.0,23.0,3.0,1.0
48.0,6.0,2.0,1.0,14.0,23.0,3.0,7.0
48.0,7.0,2.0,1.0,14.0,23.0,3.0,3.0
48.0,8.0,2.0,1.0,14.0,95.0,3.0,1.0
48.0,9.0,2.0,1.0,14.0,95.0,3.0,5.0
48.0,10.0,2.0,1.0,14.0,21.0,4.0,5.0
48.0,11.0,2.0,1.0,14.0,22.0,4.0,5.0
48.0,12.0,2.0,1.0,14.0,22.0,3.0,1.0
48.0,13.0,2.0,1.0,14.0,22.0,4.0,4.0
48.0,14.0,2.0,1.0,51.0,23.0,3.0,1.0
48.0,15.0,2.0,1.0,14.0,22.0,3.0,1.0
48.0,16.0,2.0,1.0,14.0,21.0,3.0,1.0
48.0,17.0,2.0,1.0,51.0,95.0,5.0,3.0
48.0,18.0,2.0,1.0,51.0,95.0,2.0,1.0
48.0,19.0,2.0,1.0,,,,
48.0,20.0,2.0,1.0,31.0,12.0,4.0,3.0
49.0,1.0,2.0,1.0,51.0,23.0,2.0,2.0
49.0,2.0,2.0,1.0,14.0,23.0,2.0,1.0
49.0,3.0,2.0,1.0,21.0,23.0,3.0,8.0
49.0,4.0,2.0,1.0,14.0,23.0,1.0,3.0
49.0,5.0,2.0,1.0,31.0,23.0,2.0,3.0
49.0,6.0,2.0,1.0,14.0,23.0,2.0,1.0
49.0,7.0,2.0,1.0,51.0,22.0,3.0,1.0
49.0,8.0,2.0,1.0,51.0,23.0,3.0,4.0
49.0,9.0,2.0,1.0,51.0,95.0,2.0,7.0
49.0,10.0,2.0,1.0,14.0,23.0,2.0,4.0
49.0,11.0,2.0,1.0,21.0,23.0,2.0,1.0
49.0,12.0,2.0,1.0,51.0,23.0,2.0,1.0
49.0,13.0,2.0,1.0,,,,
49.0,14.0,2.0,1.0,51.0,23.0,2.0,3.0
49.0,15.0,2.0,1.0,32.0,23.0,2.0,2.0
49.0,16.0,2.0,1.0,51.0,23.0,2.0,5.0
49.0,17.0,2.0,1.0,14.0,23.0,3.0,1.0
49.0,18.0,2.0,1.0,51.0,23.0,2.0,4.0
49.0,19.0,2.0,1.0,51.0,23.0,3.0,1.0
49.0,20.0,2.0,1.0,51.0,23.0,2.0,1.0
50.0,1.0,2.0,1.0,14.0,23.0,3.0,13.0
50.0,2.0,2.0,1.0,14.0,22.0,2.0,1.0
50.0,3.0,2.0,1.0,14.0,95.0,2.0,1.0
50.0,4.0,2.0,1.0,14.0,22.0,3.0,3.0
50.0,5.0,2.0,1.0,14.0,22.0,3.0,2.0
50.0,6.0,2.0,1.0,14.0,95.0,2.0,5.0
50.0,7.0,2.0,1.0,14.0,23.0,2.0,1.0
50.0,8.0,2.0,1.0,14.0,22.0,2.0,2.0
50.0,9.0,2.0,1.0,14.0,22.0,2.0,3.0
50.0,10.0,2.0,1.0,14.0,22.0,2.0,4.0
50.0,11.0,2.0,1.0,14.0,95.0,1.0,1.0
50.0,12.0,2.0,1.0,14.0,95.0,2.0,3.0
50.0,13.0,2.0,1.0,14.0,22.0,3.0,3.0
50.0,14.0,2.0,1.0,14.0,22.0,3.0,6.0
50.0,15.0,2.0,1.0,14.0,95.0,3.0,2.0
50.0,16.0,2.0,1.0,31.0,22.0,3.0,1.0
50.0,17.0,2.0,1.0,14.0,95.0,2.0,2.0
50.0,18.0,2.0,1.0,,,,
50.0,19.0,2.0,1.0,14.0,22.0,3.0,1.0
50.0,20.0,2.0,1.0,14.0,95.0,1.0,1.0
51.0,1.0,2.0,1.0,21.0,95.0,4.0,5.0
51.0,2.0,2.0,1.0,21.0,95.0,2.0,8.0
51.0,3.0,2.0,1.0,21.0,22.0,4.0,6.0
51.0,4.0,2.0,1.0,14.0,22.0,3.0,3.0
51.0,5.0,2.0,1.0,14.0,95.0,2.0,7.0
51.0,6.0,2.0,1.0,21.0,95.0,3.0,3.0
51.0,7.0,2.0,1.0,21.0,22.0,5.0,1.0
51.0,8.0,2.0,1.0,14.0,22.0,2.0,1.0
51.0,9.0,2.0,1.0,14.0,95.0,2.0,4.0
51.0,10.0,2.0,1.0,14.0,22.0,3.0,1.0
51.0,11.0,2.0,1.0,21.0,22.0,4.0,6.0
51.0,12.0,2.0,1.0,14.0,95.0,1.0,8.0
51.0,13.0,2.0,1.0,21.0,22.0,5.0,8.0
51.0,14.0,2.0,1.0,21.0,22.0,3.0,7.0
51.0,15.0,2.0,1.0,21.0,95.0,3.0,5.0
51.0,16.0,2.0,1.0,14.0,95.0,3.0,6.0
51.0,17.0,2.0,1.0,14.0,22.0,4.0,4.0
51.0,18.0,2.0,1.0,21.0,23.0,4.0,3.0
51.0,19.0,2.0,1.0,,,,
51.0,20.0,2.0,1.0,14.0,95.0,1.0,10.0
52.0,1.0,2.0,1.0,14.0,21.0,3.0,4.0
52.0,2.0,2.0,1.0,32.0,22.0,3.0,2.0
52.0,3.0,2.0,1.0,14.0,95.0,2.0,1.0
52.0,4.0,2.0,1.0,14.0,95.0,3.0,4.0
52.0,5.0,2.0,1.0,14.0,22.0,3.0,2.0
52.0,6.0,2.0,1.0,14.0,95.0,3.0,5.0
52.0,7.0,2.0,1.0,14.0,22.0,4.0,3.0
52.0,8.0,2.0,1.0,31.0,22.0,4.0,2.0
52.0,9.0,2.0,1.0,21.0,95.0,4.0,1.0
52.0,10.0,2.0,1.0,,,,
52.0,11.0,2.0,1.0,31.0,95.0,3.0,1.0
52.0,12.0,2.0,1.0,14.0,95.0,3.0,6.0
52.0,13.0,2.0,1.0,14.0,22.0,3.0,1.0
52.0,14.0,2.0,1.0,21.0,95.0,5.0,1.0
52.0,15.0,2.0,1.0,21.0,21.0,4.0,1.0
52.0,16.0,2.0,1.0,14.0,22.0,4.0,1.0
52.0,17.0,2.0,1.0,,,,
52.0,18.0,2.0,1.0,21.0,21.0,4.0,4.0
52.0,19.0,2.0,1.0,14.0,95.0,3.0,1.0
52.0,20.0,2.0,1.0,31.0,95.0,3.0,6.0
53.0,1.0,2.0,1.0,14.0,31.0,2.0,1.0
53.0,2.0,2.0,1.0,21.0,31.0,2.0,6.0
53.0,3.0,2.0,1.0,14.0,95.0,1.0,5.0
53.0,4.0,2.0,1.0,21.0,31.0,2.0,4.0
53.0,5.0,2.0,1.0,14.0,31.0,2.0,5.0
53.0,6.0,2.0,1.0,14.0,95.0,2.0,3.0
53.0,7.0,2.0,1.0,21.0,31.0,2.0,4.0
53.0,8.0,2.0,1.0,14.0,23.0,2.0,4.0
53.0,9.0,2.0,1.0,21.0,31.0,2.0,9.0
53.0,10.0,2.0,1.0,21.0,95.0,1.0,4.0
53.0,11.0,2.0,1.0,21.0,31.0,2.0,2.0
53.0,12.0,2.0,1.0,81.0,95.0,2.0,5.0
53.0,13.0,2.0,1.0,81.0,31.0,3.0,2.0
53.0,14.0,2.0,1.0,14.0,31.0,2.0,6.0
53.0,15.0,2.0,1.0,21.0,31.0,3.0,3.0
53.0,16.0,2.0,1.0,21.0,23.0,3.0,1.0
53.0,17.0,2.0,1.0,14.0,31.0,1.0,2.0
53.0,18.0,2.0,1.0,14.0,31.0,2.0,7.0
53.0,19.0,2.0,1.0,21.0,31.0,3.0,6.0
53.0,20.0,2.0,1.0,14.0,95.0,2.0,7.0
54.0,1.0,2.0,1.0,81.0,22.0,4.0,4.0
54.0,2.0,2.0,1.0,21.0,22.0,3.0,2.0
54.0,3.0,2.0,1.0,81.0,95.0,1.0,2.0
54.0,4.0,2.0,1.0,14.0,95.0,3.0,3.0
54.0,5.0,2.0,1.0,,,,
54.0,6.0,2.0,1.0,81.0,23.0,3.0,4.0
54.0,7.0,2.0,1.0,51.0,95.0,4.0,5.0
54.0,8.0,2.0,1.0,51.0,95.0,3.0,1.0
54.0,9.0,2.0,1.0,21.0,95.0,3.0,5.0
54.0,10.0,2.0,1.0,21.0,22.0,4.0,1.0
54.0,11.0,2.0,1.0,81.0,22.0,3.0,1.0
54.0,12.0,2.0,1.0,51.0,95.0,3.0,6.0
54.0,13.0,2.0,1.0,51.0,95.0,4.0,2.0
54.0,14.0,2.0,1.0,41.0,95.0,3.0,3.0
54.0,15.0,2.0,1.0,14.0,95.0,4.0,2.0
54.0,16.0,2.0,1.0,31.0,95.0,3.0,2.0
54.0,17.0,2.0,1.0,51.0,95.0,2.0,2.0
54.0,18.0,2.0,1.0,31.0,23.0,2.0,6.0
54.0,19.0,2.0,1.0,14.0,95.0,2.0,3.0
54.0,20.0,2.0,1.0,21.0,95.0,3.0,4.0
55.0,1.0,2.0,1.0,21.0,95.0,3.0,1.0
55.0,2.0,2.0,1.0,31.0,22.0,4.0,2.0
55.0,3.0,2.0,1.0,32.0,22.0,4.0,1.0
55.0,4.0,2.0,1.0,,,,
55.0,5.0,2.0,1.0,13.0,22.0,4.0,3.0
55.0,6.0,2.0,1.0,31.0,12.0,5.0,3.0
55.0,7.0,2.0,1.0,21.0,21.0,4.0,5.0
55.0,8.0,2.0,1.0,21.0,22.0,3.0,1.0
55.0,9.0,2.0,1.0,21.0,22.0,5.0,6.0
55.0,10.0,2.0,1.0,,,,
55.0,11.0,2.0,1.0,13.0,22.0,5.0,9.0
55.0,12.0,2.0,1.0,31.0,22.0,3.0,1.0
55.0,13.0,2.0,1.0,21.0,95.0,2.0,1.0
55.0,14.0,2.0,1.0,,,,
55.0,15.0,2.0,1.0,21.0,23.0,3.0,5.0
55.0,16.0,2.0,1.0,13.0,22.0,3.0,2.0
55.0,17.0,2.0,1.0,21.0,12.0,5.0,5.0
55.0,18.0,2.0,1.0,21.0,22.0,4.0,7.0
55.0,19.0,2.0,1.0,32.0,23.0,5.0,3.0
55.0,20.0,2.0,1.0,,,,
56.0,1.0,2.0,1.0,32.0,31.0,2.0,3.0
56.0,2.0,2.0,1.0,14.0,95.0,1.0,2.0
56.0,3.0,2.0,1.0,42.0,31.0,2.0,3.0
56.0,4.0,2.0,1.0,14.0,31.0,2.0,5.0
56.0,5.0,2.0,1.0,14.0,23.0,2.0,8.0
56.0,6.0,2.0,1.0,14.0,23.0,3.0,5.0
56.0,7.0,2.0,1.0,14.0,23.0,2.0,5.0
56.0,8.0,2.0,1.0,32.0,31.0,1.0,6.0
56.0,9.0,2.0,1.0,14.0,23.0,1.0,2.0
56.0,10.0,2.0,1.0,14.0,31.0,2.0,5.0
56.0,11.0,2.0,1.0,14.0,31.0,1.0,6.0
56.0,12.0,2.0,1.0,42.0,31.0,1.0,1.0
56.0,13.0,2.0,1.0,14.0,95.0,1.0,1.0
56.0,14.0,2.0,1.0,42.0,31.0,1.0,9.0
56.0,15.0,2.0,1.0,14.0,31.0,2.0,12.0
56.0,16.0,2.0,1.0,81.0,31.0,3.0,5.0
56.0,17.0,2.0,1.0,42.0,31.0,1.0,3.0
56.0,18.0,2.0,1.0,14.0,31.0,2.0,5.0
56.0,19.0,2.0,1.0,14.0,31.0,3.0,7.0
56.0,20.0,2.0,1.0,14.0,23.0,2.0,1.0
57.0,1.0,2.0,1.0,81.0,23.0,1.0,4.0
57.0,2.0,2.0,1.0,42.0,23.0,1.0,4.0
57.0,3.0,2.0,1.0,42.0,23.0,1.0,2.0
57.0,4.0,2.0,1.0,81.0,23.0,1.0,7.0
57.0,5.0,2.0,1.0,81.0,23.0,1.0,5.0
57.0,6.0,2.0,1.0,81.0,95.0,1.0,2.0
57.0,7.0,2.0,1.0,42.0,23.0,1.0,3.0
57.0,8.0,2.0,1.0,,,,
57.0,9.0,2.0,1.0,81.0,23.0,1.0,1.0
57.0,10.0,2.0,1.0,81.0,51.0,2.0,2.0
57.0,11.0,2.0,1.0,14.0,23.0,1.0,4.0
57.0,12.0,2.0,1.0,81.0,23.0,2.0,4.0
57.0,13.0,2.0,1.0,81.0,95.0,1.0,1.0
57.0,14.0,2.0,1.0,81.0,23.0,1.0,2.0
57.0,15.0,2.0,1.0,81.0,23.0,1.0,1.0
57.0,16.0,2.0,1.0,21.0,23.0,2.0,4.0
57.0,17.0,2.0,1.0,81.0,23.0,1.0,1.0
57.0,18.0,2.0,1.0,42.0,23.0,1.0,5.0
57.0,19.0,2.0,1.0,,,,
57.0,20.0,2.0,1.0,14.0,23.0,1.0,2.0
58.0,1.0,2.0,1.0,14.0,31.0,3.0,5.0
58.0,2.0,2.0,1.0,14.0,95.0,4.0,7.0
58.0,3.0,2.0,1.0,,,,
58.0,4.0,2.0,1.0,21.0,22.0,2.0,1.0
58.0,5.0,2.0,1.0,14.0,22.0,3.0,3.0
58.0,6.0,2.0,1.0,14.0,23.0,2.0,1.0
58.0,7.0,2.0,1.0,14.0,31.0,3.0,3.0
58.0,8.0,2.0,1.0,,,,
58.0,9.0,2.0,1.0,14.0,31.0,3.0,2.0
58.0,10.0,2.0,1.0,14.0,95.0,3.0,5.0
58.0,11.0,2.0,1.0,14.0,23.0,2.0,3.0
58.0,12.0,2.0,1.0,14.0,31.0,1.0,4.0
58.0,13.0,2.0,1.0,14.0,23.0,3.0,1.0
58.0,14.0,2.0,1.0,14.0,95.0,2.0,1.0
58.0,15.0,2.0,1.0,14.0,23.0,2.0,2.0
58.0,16.0,2.0,1.0,14.0,23.0,3.0,4.0
58.0,17.0,2.0,1.0,21.0,12.0,5.0,2.0
58.0,18.0,2.0,1.0,14.0,31.0,2.0,2.0
58.0,19.0,2.0,1.0,14.0,23.0,1.0,5.0
58.0,20.0,2.0,1.0,21.0,23.0,1.0,1.0
59.0,1.0,2.0,1.0,32.0,22.0,3.0,3.0
59.0,2.0,2.0,1.0,32.0,23.0,3.0,3.0
59.0,3.0,2.0,1.0,31.0,22.0,3.0,5.0
59.0,4.0,2.0,1.0,31.0,23.0,4.0,5.0
59.0,5.0,2.0,1.0,32.0,23.0,2.0,2.0
59.0,6.0,2.0,1.0,32.0,22.0,3.0,2.0
59.0,7.0,2.0,1.0,,,,
59.0,8.0,2.0,1.0,32.0,22.0,3.0,4.0
59.0,9.0,2.0,1.0,21.0,22.0,5.0,5.0
59.0,10.0,2.0,1.0,32.0,22.0,3.0,7.0
59.0,11.0,2.0,1.0,31.0,22.0,2.0,3.0
59.0,12.0,2.0,1.0,32.0,22.0,3.0,4.0
59.0,13.0,2.0,1.0,,,,
59.0,14.0,2.0,1.0,21.0,95.0,4.0,4.0
59.0,15.0,2.0,1.0,42.0,23.0,3.0,2.0
59.0,16.0,2.0,1.0,32.0,22.0,1.0,8.0
59.0,17.0,2.0,1.0,32.0,22.0,3.0,2.0
59.0,18.0,2.0,1.0,32.0,23.0,1.0,1.0
59.0,19.0,2.0,1.0,31.0,23.0,4.0,3.0
59.0,20.0,2.0,1.0,32.0,22.0,3.0,4.0
60.0,1.0,2.0,1.0,21.0,22.0,3.0,2.0
60.0,2.0,2.0,1.0,21.0,22.0,3.0,8.0
60.0,3.0,2.0,1.0,,,,
60.0,4.0,2.0,1.0,21.0,22.0,3.0,2.0
60.0,5.0,2.0,1.0,92.0,22.0,5.0,1.0
60.0,6.0,2.0,1.0,32.0,23.0,2.0,1.0
60.0,7.0,2.0,1.0,11.0,23.0,5.0,7.0
60.0,8.0,2.0,1.0,21.0,23.0,3.0,11.0
60.0,9.0,2.0,1.0,21.0,23.0,4.0,2.0
60.0,10.0,2.0,1.0,21.0,22.0,4.0,4.0
60.0,11.0,2.0,1.0,,,,
60.0,12.0,2.0,1.0,,,,
60.0,13.0,2.0,1.0,21.0,23.0,3.0,3.0
60.0,14.0,2.0,1.0,21.0,22.0,3.0,2.0
60.0,15.0,2.0,1.0,31.0,22.0,3.0,1.0
60.0,16.0,2.0,1.0,14.0,22.0,3.0,3.0
60.0,17.0,2.0,1.0,21.0,22.0,3.0,5.0
60.0,18.0,2.0,1.0,21.0,22.0,3.0,4.0
60.0,19.0,2.0,1.0,21.0,51.0,3.0,2.0
60.0,20.0,2.0,1.0,21.0,22.0,3.0,8.0
61.0,1.0,1.0,2.0,21.0,95.0,4.0,4.0
61.0,2.0,1.0,2.0,21.0,22.0,3.0,1.0
61.0,3.0,1.0,2.0,14.0,95.0,3.0,4.0
61.0,4.0,1.0,2.0,21.0,22.0,4.0,1.0
61.0,5.0,1.0,2.0,,,,
61.0,6.0,1.0,2.0,14.0,21.0,5.0,4.0
61.0,7.0,1.0,2.0,13.0,22.0,3.0,1.0
61.0,8.0,1.0,2.0,21.0,12.0,5.0,7.0
61.0,9.0,1.0,2.0,21.0,23.0,5.0,8.0
61.0,10.0,1.0,2.0,14.0,21.0,4.0,2.0
61.0,11.0,1.0,2.0,92.0,12.0,5.0,4.0
61.0,12.0,1.0,2.0,14.0,95.0,5.0,3.0
61.0,13.0,1.0,2.0,13.0,22.0,5.0,2.0
61.0,14.0,1.0,2.0,11.0,22.0,4.0,4.0
61.0,15.0,1.0,2.0,21.0,23.0,5.0,4.0
61.0,16.0,1.0,2.0,21.0,23.0,5.0,1.0
61.0,17.0,1.0,2.0,21.0,22.0,3.0,2.0
61.0,18.0,1.0,2.0,14.0,95.0,3.0,7.0
61.0,19.0,1.0,2.0,92.0,22.0,5.0,1.0
61.0,20.0,1.0,2.0,21.0,22.0,5.0,8.0
62.0,1.0,1.0,2.0,31.0,95.0,4.0,4.0
62.0,2.0,1.0,2.0,32.0,13.0,4.0,2.0
62.0,3.0,1.0,2.0,21.0,95.0,4.0,2.0
62.0,4.0,1.0,2.0,31.0,12.0,4.0,2.0
62.0,5.0,1.0,2.0,31.0,95.0,4.0,2.0
62.0,6.0,1.0,2.0,31.0,95.0,4.0,2.0
62.0,7.0,1.0,2.0,31.0,95.0,4.0,1.0
62.0,8.0,1.0,2.0,31.0,95.0,4.0,2.0
62.0,9.0,1.0,2.0,13.0,95.0,4.0,4.0
62.0,10.0,1.0,2.0,32.0,95.0,4.0,1.0
62.0,11.0,1.0,2.0,11.0,12.0,5.0,6.0
62.0,12.0,1.0,2.0,31.0,22.0,4.0,6.0
62.0,13.0,1.0,2.0,13.0,95.0,4.0,9.0
62.0,14.0,1.0,2.0,31.0,95.0,3.0,8.0
62.0,15.0,1.0,2.0,21.0,95.0,3.0,4.0
62.0,16.0,1.0,2.0,21.0,22.0,4.0,2.0
62.0,17.0,1.0,2.0,31.0,95.0,3.0,1.0
62.0,18.0,1.0,2.0,31.0,95.0,4.0,2.0
62.0,19.0,1.0,2.0,31.0,22.0,4.0,5.0
62.0,20.0,1.0,2.0,21.0,95.0,4.0,1.0
63.0,1.0,1.0,2.0,31.0,95.0,3.0,4.0
63.0,2.0,1.0,2.0,21.0,95.0,4.0,5.0
63.0,3.0,1.0,2.0,13.0,95.0,3.0,4.0
63.0,4.0,1.0,2.0,13.0,95.0,4.0,2.0
63.0,5.0,1.0,2.0,32.0,95.0,3.0,3.0
63.0,6.0,1.0,2.0,21.0,23.0,3.0,3.0
63.0,7.0,1.0,2.0,,,,
63.0,8.0,1.0,2.0,31.0,95.0,4.0,1.0
63.0,9.0,1.0,2.0,31.0,21.0,3.0,4.0
63.0,10.0,1.0,2.0,96.0,95.0,4.0,1.0
63.0,11.0,1.0,2.0,32.0,95.0,4.0,13.0
63.0,12.0,1.0,2.0,31.0,22.0,4.0,4.0
63.0,13.0,1.0,2.0,13.0,95.0,3.0,5.0
63.0,14.0,1.0,2.0,32.0,95.0,3.0,2.0
63.0,15.0,1.0,2.0,31.0,22.0,4.0,9.0
63.0,16.0,1.0,2.0,31.0,95.0,3.0,6.0
63.0,17.0,1.0,2.0,,,,
63.0,18.0,1.0,2.0,13.0,95.0,3.0,2.0
63.0,19.0,1.0,2.0,21.0,95.0,3.0,1.0
63.0,20.0,1.0,2.0,31.0,21.0,4.0,1.0
64.0,1.0,1.0,2.0,13.0,12.0,4.0,1.0
64.0,2.0,1.0,2.0,32.0,95.0,3.0,2.0
64.0,3.0,1.0,2.0,32.0,95.0,5.0,6.0
64.0,4.0,1.0,2.0,32.0,95.0,3.0,5.0
64.0,5.0,1.0,2.0,32.0,95.0,4.0,9.0
64.0,6.0,1.0,2.0,21.0,95.0,3.0,6.0
64.0,7.0,1.0,2.0,31.0,95.0,3.0,4.0
64.0,8.0,1.0,2.0,32.0,95.0,2.0,9.0
64.0,9.0,1.0,2.0,32.0,95.0,3.0,10.0
64.0,10.0,1.0,2.0,14.0,95.0,4.0,6.0
64.0,11.0,1.0,2.0,21.0,22.0,5.0,1.0
64.0,12.0,1.0,2.0,,,,
64.0,13.0,1.0,2.0,31.0,22.0,3.0,1.0
64.0,14.0,1.0,2.0,31.0,22.0,4.0,4.0
64.0,15.0,1.0,2.0,32.0,95.0,4.0,5.0
64.0,16.0,1.0,2.0,31.0,22.0,3.0,2.0
64.0,17.0,1.0,2.0,32.0,95.0,4.0,6.0
64.0,18.0,1.0,2.0,21.0,22.0,5.0,4.0
64.0,19.0,1.0,2.0,32.0,95.0,4.0,1.0
64.0,20.0,1.0,2.0,11.0,12.0,5.0,6.0
65.0,1.0,1.0,2.0,14.0,22.0,4.0,5.0
65.0,2.0,1.0,2.0,14.0,22.0,5.0,5.0
65.0,3.0,1.0,2.0,,,,
65.0,4.0,1.0,2.0,14.0,22.0,3.0,2.0
65.0,5.0,1.0,2.0,14.0,22.0,4.0,3.0
65.0,6.0,1.0,2.0,81.0,95.0,4.0,5.0
65.0,7.0,1.0,2.0,,,,
65.0,8.0,1.0,2.0,92.0,12.0,5.0,1.0
65.0,9.0,1.0,2.0,14.0,22.0,4.0,3.0
65.0,10.0,1.0,2.0,13.0,95.0,4.0,1.0
65.0,11.0,1.0,2.0,42.0,22.0,3.0,5.0
65.0,12.0,1.0,2.0,41.0,23.0,4.0,6.0
65.0,13.0,1.0,2.0,81.0,22.0,3.0,1.0
65.0,14.0,1.0,2.0,14.0,12.0,5.0,10.0
65.0,15.0,1.0,2.0,14.0,22.0,4.0,1.0
65.0,16.0,1.0,2.0,13.0,23.0,4.0,4.0
65.0,17.0,1.0,2.0,14.0,22.0,5.0,4.0
65.0,18.0,1.0,2.0,13.0,22.0,4.0,4.0
65.0,19.0,1.0,2.0,14.0,22.0,4.0,5.0
65.0,20.0,1.0,2.0,12.0,12.0,5.0,1.0
66.0,1.0,1.0,2.0,14.0,12.0,5.0,5.0
66.0,2.0,1.0,2.0,,,,
66.0,3.0,1.0,2.0,31.0,23.0,4.0,5.0
66.0,4.0,1.0,2.0,32.0,23.0,3.0,5.0
66.0,5.0,1.0,2.0,12.0,23.0,3.0,5.0
66.0,6.0,1.0,2.0,21.0,21.0,3.0,8.0
66.0,7.0,1.0,2.0,14.0,22.0,5.0,4.0
66.0,8.0,1.0,2.0,14.0,22.0,4.0,1.0
66.0,9.0,1.0,2.0,32.0,22.0,5.0,7.0
66.0,10.0,1.0,2.0,14.0,12.0,5.0,3.0
66.0,11.0,1.0,2.0,,,,
66.0,12.0,1.0,2.0,13.0,23.0,4.0,5.0
66.0,13.0,1.0,2.0,,,,
66.0,14.0,1.0,2.0,13.0,12.0,4.0,6.0
66.0,15.0,1.0,2.0,14.0,12.0,4.0,4.0
66.0,16.0,1.0,2.0,13.0,12.0,4.0,5.0
66.0,17.0,1.0,2.0,12.0,22.0,4.0,1.0
66.0,18.0,1.0,2.0,12.0,12.0,4.0,4.0
66.0,19.0,1.0,2.0,14.0,22.0,4.0,6.0
66.0,20.0,1.0,2.0,,,,
67.0,1.0,1.0,2.0,14.0,22.0,5.0,8.0
67.0,2.0,1.0,2.0,13.0,12.0,5.0,11.0
67.0,3.0,1.0,2.0,14.0,22.0,4.0,6.0
67.0,4.0,1.0,2.0,41.0,22.0,3.0,3.0
67.0,5.0,1.0,2.0,14.0,22.0,4.0,6.0
67.0,6.0,1.0,2.0,92.0,12.0,5.0,8.0
67.0,7.0,1.0,2.0,12.0,12.0,5.0,13.0
67.0,8.0,1.0,2.0,31.0,22.0,4.0,2.0
67.0,9.0,1.0,2.0,31.0,22.0,4.0,9.0
67.0,10.0,1.0,2.0,,,,
67.0,11.0,1.0,2.0,14.0,12.0,4.0,3.0
67.0,12.0,1.0,2.0,13.0,22.0,4.0,5.0
67.0,13.0,1.0,2.0,14.0,12.0,4.0,3.0
67.0,14.0,1.0,2.0,31.0,12.0,4.0,3.0
67.0,15.0,1.0,2.0,14.0,12.0,5.0,6.0
67.0,16.0,1.0,2.0,31.0,22.0,4.0,5.0
67.0,17.0,1.0,2.0,12.0,12.0,4.0,4.0
67.0,18.0,1.0,2.0,,,,
67.0,19.0,1.0,2.0,13.0,22.0,4.0,1.0
67.0,20.0,1.0,2.0,31.0,22.0,5.0,3.0
68.0,1.0,1.0,2.0,14.0,22.0,3.0,4.0
68.0,2.0,1.0,2.0,,,,
68.0,3.0,1.0,2.0,14.0,22.0,5.0,4.0
68.0,4.0,1.0,2.0,32.0,95.0,4.0,5.0
68.0,5.0,1.0,2.0,14.0,22.0,4.0,3.0
68.0,6.0,1.0,2.0,12.0,12.0,5.0,7.0
68.0,7.0,1.0,2.0,14.0,12.0,3.0,8.0
68.0,8.0,1.0,2.0,11.0,22.0,5.0,10.0
68.0,9.0,1.0,2.0,14.0,12.0,5.0,10.0
68.0,10.0,1.0,2.0,14.0,22.0,5.0,8.0
68.0,11.0,1.0,2.0,13.0,22.0,4.0,1.0
68.0,12.0,1.0,2.0,13.0,22.0,4.0,7.0
68.0,13.0,1.0,2.0,12.0,12.0,5.0,3.0
68.0,14.0,1.0,2.0,31.0,22.0,3.0,7.0
68.0,15.0,1.0,2.0,14.0,12.0,5.0,8.0
68.0,16.0,1.0,2.0,92.0,12.0,5.0,8.0
68.0,17.0,1.0,2.0,14.0,22.0,5.0,9.0
68.0,18.0,1.0,2.0,13.0,22.0,4.0,9.0
68.0,19.0,1.0,2.0,31.0,22.0,4.0,5.0
68.0,20.0,1.0,2.0,12.0,22.0,5.0,3.0
69.0,1.0,1.0,2.0,14.0,22.0,3.0,2.0
69.0,2.0,1.0,2.0,14.0,12.0,5.0,5.0
69.0,3.0,1.0,2.0,14.0,96.0,3.0,1.0
69.0,4.0,1.0,2.0,14.0,95.0,4.0,2.0
69.0,5.0,1.0,2.0,14.0,22.0,4.0,3.0
69.0,6.0,1.0,2.0,14.0,12.0,4.0,1.0
69.0,7.0,1.0,2.0,14.0,95.0,3.0,3.0
69.0,8.0,1.0,2.0,14.0,95.0,3.0,4.0
69.0,9.0,1.0,2.0,14.0,21.0,5.0,14.0
69.0,10.0,1.0,2.0,14.0,95.0,4.0,7.0
69.0,11.0,1.0,2.0,14.0,95.0,4.0,4.0
69.0,12.0,1.0,2.0,14.0,21.0,3.0,2.0
69.0,13.0,1.0,2.0,14.0,95.0,4.0,1.0
69.0,14.0,1.0,2.0,14.0,12.0,4.0,4.0
69.0,15.0,1.0,2.0,14.0,95.0,4.0,2.0
69.0,16.0,1.0,2.0,14.0,21.0,3.0,6.0
69.0,17.0,1.0,2.0,14.0,22.0,3.0,1.0
69.0,18.0,1.0,2.0,31.0,12.0,3.0,2.0
69.0,19.0,1.0,2.0,14.0,95.0,4.0,5.0
69.0,20.0,1.0,2.0,14.0,95.0,3.0,5.0
70.0,1.0,1.0,2.0,14.0,21.0,5.0,2.0
70.0,2.0,1.0,2.0,14.0,95.0,3.0,4.0
70.0,3.0,1.0,2.0,31.0,23.0,4.0,8.0
70.0,4.0,1.0,2.0,14.0,21.0,4.0,2.0
70.0,5.0,1.0,2.0,31.0,95.0,4.0,6.0
70.0,6.0,1.0,2.0,32.0,22.0,3.0,17.0
70.0,7.0,1.0,2.0,31.0,22.0,4.0,1.0
70.0,8.0,1.0,2.0,31.0,12.0,5.0,7.0
70.0,9.0,1.0,2.0,31.0,95.0,3.0,5.0
70.0,10.0,1.0,2.0,,,,
70.0,11.0,1.0,2.0,14.0,12.0,5.0,7.0
70.0,12.0,1.0,2.0,32.0,95.0,3.0,7.0
70.0,13.0,1.0,2.0,31.0,95.0,3.0,7.0
70.0,14.0,1.0,2.0,14.0,13.0,4.0,2.0
70.0,15.0,1.0,2.0,32.0,23.0,3.0,5.0
70.0,16.0,1.0,2.0,14.0,95.0,4.0,7.0
70.0,17.0,1.0,2.0,31.0,22.0,4.0,6.0
70.0,18.0,1.0,2.0,32.0,95.0,3.0,6.0
70.0,19.0,1.0,2.0,31.0,95.0,4.0,1.0
70.0,20.0,1.0,2.0,31.0,95.0,4.0,4.0
71.0,1.0,2.0,2.0,81.0,95.0,1.0,1.0
71.0,2.0,2.0,2.0,81.0,95.0,1.0,3.0
71.0,3.0,2.0,2.0,21.0,95.0,2.0,3.0
71.0,4.0,2.0,2.0,14.0,95.0,2.0,5.0
71.0,5.0,2.0,2.0,81.0,95.0,1.0,6.0
71.0,6.0,2.0,2.0,21.0,95.0,2.0,3.0
71.0,7.0,2.0,2.0,81.0,95.0,3.0,4.0
71.0,8.0,2.0,2.0,21.0,95.0,2.0,6.0
71.0,9.0,2.0,2.0,81.0,95.0,1.0,6.0
71.0,10.0,2.0,2.0,81.0,95.0,1.0,1.0
71.0,11.0,2.0,2.0,81.0,95.0,1.0,6.0
71.0,12.0,2.0,2.0,51.0,95.0,1.0,3.0
71.0,13.0,2.0,2.0,14.0,95.0,1.0,4.0
71.0,14.0,2.0,2.0,81.0,95.0,2.0,4.0
71.0,15.0,2.0,2.0,21.0,95.0,2.0,6.0
71.0,16.0,2.0,2.0,81.0,95.0,1.0,12.0
71.0,17.0,2.0,2.0,21.0,95.0,1.0,3.0
71.0,18.0,2.0,2.0,14.0,95.0,2.0,4.0
71.0,19.0,2.0,2.0,81.0,95.0,2.0,5.0
71.0,20.0,2.0,2.0,81.0,95.0,1.0,1.0
72.0,1.0,2.0,2.0,13.0,21.0,3.0,1.0
72.0,2.0,2.0,2.0,21.0,95.0,3.0,5.0
72.0,3.0,2.0,2.0,31.0,95.0,3.0,4.0
72.0,4.0,2.0,2.0,21.0,95.0,1.0,7.0
72.0,5.0,2.0,2.0,21.0,95.0,2.0,5.0
72.0,6.0,2.0,2.0,32.0,95.0,3.0,1.0
72.0,7.0,2.0,2.0,14.0,95.0,3.0,6.0
72.0,8.0,2.0,2.0,21.0,95.0,1.0,4.0
72.0,9.0,2.0,2.0,21.0,95.0,1.0,3.0
72.0,10.0,2.0,2.0,21.0,95.0,3.0,7.0
72.0,11.0,2.0,2.0,31.0,95.0,3.0,9.0
72.0,12.0,2.0,2.0,,,,
72.0,13.0,2.0,2.0,31.0,95.0,3.0,4.0
72.0,14.0,2.0,2.0,31.0,95.0,3.0,1.0
72.0,15.0,2.0,2.0,31.0,95.0,3.0,3.0
72.0,16.0,2.0,2.0,21.0,95.0,3.0,5.0
72.0,17.0,2.0,2.0,14.0,95.0,2.0,1.0
72.0,18.0,2.0,2.0,14.0,21.0,3.0,1.0
72.0,19.0,2.0,2.0,21.0,95.0,1.0,1.0
72.0,20.0,2.0,2.0,21.0,95.0,3.0,1.0
73.0,1.0,2.0,2.0,21.0,95.0,2.0,2.0
73.0,2.0,2.0,2.0,21.0,95.0,2.0,3.0
73.0,3.0,2.0,2.0,14.0,95.0,1.0,1.0
73.0,4.0,2.0,2.0,21.0,95.0,2.0,1.0
73.0,5.0,2.0,2.0,14.0,95.0,2.0,2.0
73.0,6.0,2.0,2.0,21.0,95.0,1.0,3.0
73.0,7.0,2.0,2.0,21.0,95.0,2.0,4.0
73.0,8.0,2.0,2.0,14.0,95.0,2.0,4.0
73.0,9.0,2.0,2.0,21.0,95.0,2.0,2.0
73.0,10.0,2.0,2.0,21.0,95.0,1.0,1.0
73.0,11.0,2.0,2.0,21.0,95.0,2.0,4.0
73.0,12.0,2.0,2.0,21.0,95.0,1.0,3.0
73.0,13.0,2.0,2.0,21.0,95.0,1.0,6.0
73.0,14.0,2.0,2.0,,,,
73.0,15.0,2.0,2.0,14.0,95.0,2.0,3.0
73.0,16.0,2.0,2.0,21.0,95.0,2.0,1.0
73.0,17.0,2.0,2.0,21.0,95.0,1.0,4.0
73.0,18.0,2.0,2.0,21.0,95.0,1.0,6.0
73.0,19.0,2.0,2.0,14.0,95.0,1.0,2.0
73.0,20.0,2.0,2.0,21.0,95.0,2.0,6.0
74.0,1.0,2.0,2.0,81.0,95.0,2.0,9.0
74.0,2.0,2.0,2.0,51.0,95.0,3.0,7.0
74.0,3.0,2.0,2.0,21.0,95.0,1.0,1.0
74.0,4.0,2.0,2.0,81.0,95.0,2.0,6.0
74.0,5.0,2.0,2.0,,,,
74.0,6.0,2.0,2.0,21.0,95.0,1.0,3.0
74.0,7.0,2.0,2.0,81.0,95.0,2.0,5.0
74.0,8.0,2.0,2.0,,,,
74.0,9.0,2.0,2.0,21.0,95.0,1.0,3.0
74.0,10.0,2.0,2.0,81.0,95.0,2.0,2.0
74.0,11.0,2.0,2.0,81.0,95.0,2.0,4.0
74.0,12.0,2.0,2.0,81.0,95.0,1.0,2.0
74.0,13.0,2.0,2.0,81.0,95.0,1.0,4.0
74.0,14.0,2.0,2.0,81.0,95.0,1.0,3.0
74.0,15.0,2.0,2.0,21.0,95.0,2.0,4.0
74.0,16.0,2.0,2.0,81.0,95.0,1.0,2.0
74.0,17.0,2.0,2.0,81.0,95.0,2.0,1.0
74.0,18.0,2.0,2.0,81.0,95.0,2.0,3.0
74.0,19.0,2.0,2.0,21.0,95.0,3.0,1.0
74.0,20.0,2.0,2.0,81.0,95.0,2.0,2.0
75.0,1.0,2.0,2.0,14.0,23.0,2.0,7.0
75.0,2.0,2.0,2.0,21.0,95.0,1.0,2.0
75.0,3.0,2.0,2.0,14.0,95.0,1.0,3.0
75.0,4.0,2.0,2.0,21.0,22.0,2.0,5.0
75.0,5.0,2.0,2.0,14.0,21.0,3.0,3.0
75.0,6.0,2.0,2.0,21.0,22.0,3.0,8.0
75.0,7.0,2.0,2.0,14.0,95.0,2.0,6.0
75.0,8.0,2.0,2.0,21.0,95.0,3.0,1.0
75.0,9.0,2.0,2.0,14.0,95.0,1.0,6.0
75.0,10.0,2.0,2.0,21.0,95.0,2.0,2.0
75.0,11.0,2.0,2.0,14.0,95.0,1.0,4.0
75.0,12.0,2.0,2.0,14.0,95.0,2.0,2.0
75.0,13.0,2.0,2.0,21.0,95.0,1.0,4.0
75.0,14.0,2.0,2.0,14.0,95.0,1.0,3.0
75.0,15.0,2.0,2.0,21.0,23.0,1.0,7.0
75.0,16.0,2.0,2.0,21.0,22.0,2.0,1.0
75.0,17.0,2.0,2.0,14.0,95.0,2.0,4.0
75.0,18.0,2.0,2.0,21.0,95.0,3.0,1.0
75.0,19.0,2.0,2.0,14.0,95.0,1.0,3.0
75.0,20.0,2.0,2.0,21.0,95.0,1.0,4.0
76.0,1.0,2.0,2.0,31.0,95.0,1.0,3.0
76.0,2.0,2.0,2.0,32.0,95.0,1.0,4.0
76.0,3.0,2.0,2.0,31.0,95.0,2.0,7.0
76.0,4.0,2.0,2.0,31.0,95.0,2.0,9.0
76.0,5.0,2.0,2.0,31.0,95.0,2.0,5.0
76.0,6.0,2.0,2.0,32.0,95.0,1.0,2.0
76.0,7.0,2.0,2.0,31.0,95.0,1.0,3.0
76.0,8.0,2.0,2.0,32.0,95.0,1.0,6.0
76.0,9.0,2.0,2.0,31.0,95.0,1.0,1.0
76.0,10.0,2.0,2.0,31.0,95.0,1.0,6.0
76.0,11.0,2.0,2.0,31.0,95.0,1.0,5.0
76.0,12.0,2.0,2.0,32.0,95.0,1.0,2.0
76.0,13.0,2.0,2.0,31.0,95.0,2.0,6.0
76.0,14.0,2.0,2.0,32.0,95.0,2.0,3.0
76.0,15.0,2.0,2.0,32.0,95.0,1.0,6.0
76.0,16.0,2.0,2.0,32.0,95.0,3.0,5.0
76.0,17.0,2.0,2.0,32.0,95.0,2.0,8.0
76.0,18.0,2.0,2.0,31.0,95.0,2.0,6.0
76.0,19.0,2.0,2.0,32.0,95.0,1.0,1.0
76.0,20.0,2.0,2.0,31.0,95.0,2.0,3.0
77.0,1.0,2.0,2.0,21.0,95.0,2.0,2.0
77.0,2.0,2.0,2.0,31.0,95.0,2.0,3.0
77.0,3.0,2.0,2.0,21.0,22.0,2.0,4.0
77.0,4.0,2.0,2.0,81.0,95.0,1.0,3.0
77.0,5.0,2.0,2.0,14.0,95.0,1.0,3.0
77.0,6.0,2.0,2.0,31.0,22.0,2.0,3.0
77.0,7.0,2.0,2.0,31.0,95.0,2.0,6.0
77.0,8.0,2.0,2.0,21.0,95.0,2.0,2.0
77.0,9.0,2.0,2.0,81.0,95.0,1.0,5.0
77.0,10.0,2.0,2.0,14.0,95.0,1.0,6.0
77.0,11.0,2.0,2.0,,,,
77.0,12.0,2.0,2.0,32.0,22.0,3.0,3.0
77.0,13.0,2.0,2.0,21.0,95.0,2.0,4.0
77.0,14.0,2.0,2.0,81.0,95.0,1.0,9.0
77.0,15.0,2.0,2.0,31.0,95.0,1.0,3.0
77.0,16.0,2.0,2.0,31.0,95.0,3.0,1.0
77.0,17.0,2.0,2.0,32.0,95.0,1.0,6.0
77.0,18.0,2.0,2.0,51.0,95.0,1.0,1.0
77.0,19.0,2.0,2.0,32.0,22.0,3.0,2.0
77.0,20.0,2.0,2.0,32.0,95.0,2.0,4.0
78.0,1.0,2.0,2.0,14.0,95.0,1.0,4.0
78.0,2.0,2.0,2.0,21.0,95.0,1.0,4.0
78.0,3.0,2.0,2.0,14.0,95.0,1.0,1.0
78.0,4.0,2.0,2.0,21.0,95.0,1.0,4.0
78.0,5.0,2.0,2.0,32.0,95.0,1.0,9.0
78.0,6.0,2.0,2.0,32.0,95.0,1.0,10.0
78.0,7.0,2.0,2.0,21.0,95.0,1.0,6.0
78.0,8.0,2.0,2.0,14.0,95.0,1.0,5.0
78.0,9.0,2.0,2.0,31.0,95.0,2.0,5.0
78.0,10.0,2.0,2.0,21.0,95.0,2.0,6.0
78.0,11.0,2.0,2.0,32.0,95.0,2.0,4.0
78.0,12.0,2.0,2.0,32.0,95.0,1.0,5.0
78.0,13.0,2.0,2.0,21.0,95.0,2.0,4.0
78.0,14.0,2.0,2.0,21.0,95.0,1.0,8.0
78.0,15.0,2.0,2.0,32.0,95.0,2.0,6.0
78.0,16.0,2.0,2.0,21.0,95.0,1.0,6.0
78.0,17.0,2.0,2.0,21.0,95.0,2.0,3.0
78.0,18.0,2.0,2.0,14.0,95.0,1.0,3.0
78.0,19.0,2.0,2.0,14.0,95.0,1.0,4.0
78.0,20.0,2.0,2.0,32.0,23.0,2.0,4.0
79.0,1.0,2.0,2.0,81.0,95.0,1.0,4.0
79.0,2.0,2.0,2.0,81.0,95.0,3.0,5.0
79.0,3.0,2.0,2.0,81.0,95.0,1.0,9.0
79.0,4.0,2.0,2.0,81.0,95.0,1.0,6.0
79.0,5.0,2.0,2.0,81.0,95.0,1.0,2.0
79.0,6.0,2.0,2.0,51.0,95.0,1.0,4.0
79.0,7.0,2.0,2.0,81.0,95.0,1.0,6.0
79.0,8.0,2.0,2.0,21.0,95.0,2.0,1.0
79.0,9.0,2.0,2.0,21.0,95.0,2.0,3.0
79.0,10.0,2.0,2.0,81.0,95.0,1.0,5.0
79.0,11.0,2.0,2.0,81.0,95.0,1.0,1.0
79.0,12.0,2.0,2.0,21.0,95.0,2.0,3.0
79.0,13.0,2.0,2.0,81.0,95.0,1.0,1.0
79.0,14.0,2.0,2.0,81.0,95.0,1.0,3.0
79.0,15.0,2.0,2.0,81.0,95.0,2.0,5.0
79.0,16.0,2.0,2.0,21.0,95.0,2.0,9.0
79.0,17.0,2.0,2.0,81.0,95.0,1.0,5.0
79.0,18.0,2.0,2.0,81.0,95.0,3.0,5.0
79.0,19.0,2.0,2.0,81.0,95.0,2.0,4.0
79.0,20.0,2.0,2.0,21.0,95.0,2.0,3.0
80.0,1.0,2.0,2.0,21.0,95.0,2.0,4.0
80.0,2.0,2.0,2.0,21.0,95.0,2.0,2.0
80.0,3.0,2.0,2.0,14.0,95.0,1.0,4.0
80.0,4.0,2.0,2.0,14.0,95.0,1.0,1.0
80.0,5.0,2.0,2.0,21.0,95.0,2.0,2.0
80.0,6.0,2.0,2.0,21.0,95.0,1.0,1.0
80.0,7.0,2.0,2.0,21.0,95.0,2.0,6.0
80.0,8.0,2.0,2.0,21.0,95.0,2.0,3.0
80.0,9.0,2.0,2.0,21.0,95.0,1.0,2.0
80.0,10.0,2.0,2.0,21.0,95.0,2.0,5.0
80.0,11.0,2.0,2.0,21.0,95.0,1.0,5.0
80.0,12.0,2.0,2.0,21.0,95.0,2.0,5.0
80.0,13.0,2.0,2.0,14.0,95.0,2.0,5.0
80.0,14.0,2.0,2.0,14.0,95.0,1.0,4.0
80.0,15.0,2.0,2.0,14.0,95.0,2.0,1.0
80.0,16.0,2.0,2.0,21.0,95.0,2.0,2.0
80.0,17.0,2.0,2.0,,,,
80.0,18.0,2.0,2.0,21.0,95.0,2.0,5.0
80.0,19.0,2.0,2.0,21.0,95.0,1.0,5.0
80.0,20.0,2.0,2.0,21.0,95.0,2.0,3.0
81.0,1.0,2.0,2.0,81.0,95.0,1.0,2.0
81.0,2.0,2.0,2.0,21.0,95.0,1.0,5.0
81.0,3.0,2.0,2.0,81.0,95.0,1.0,2.0
81.0,4.0,2.0,2.0,81.0,95.0,2.0,3.0
81.0,5.0,2.0,2.0,81.0,95.0,1.0,2.0
81.0,6.0,2.0,2.0,21.0,95.0,2.0,4.0
81.0,7.0,2.0,2.0,81.0,95.0,1.0,3.0
81.0,8.0,2.0,2.0,81.0,95.0,1.0,7.0
81.0,9.0,2.0,2.0,81.0,95.0,2.0,7.0
81.0,10.0,2.0,2.0,21.0,95.0,1.0,6.0
81.0,11.0,2.0,2.0,21.0,95.0,2.0,3.0
81.0,12.0,2.0,2.0,21.0,95.0,1.0,6.0
81.0,13.0,2.0,2.0,81.0,95.0,1.0,7.0
81.0,14.0,2.0,2.0,21.0,95.0,1.0,5.0
81.0,15.0,2.0,2.0,21.0,95.0,1.0,4.0
81.0,16.0,2.0,2.0,21.0,95.0,1.0,11.0
81.0,17.0,2.0,2.0,81.0,95.0,1.0,3.0
81.0,18.0,2.0,2.0,21.0,95.0,1.0,4.0
81.0,19.0,2.0,2.0,81.0,95.0,1.0,5.0
81.0,20.0,2.0,2.0,21.0,95.0,2.0,7.0
82.0,1.0,2.0,2.0,32.0,95.0,2.0,5.0
82.0,2.0,2.0,2.0,32.0,95.0,1.0,5.0
82.0,3.0,2.0,2.0,32.0,95.0,1.0,5.0
82.0,4.0,2.0,2.0,81.0,95.0,1.0,14.0
82.0,5.0,2.0,2.0,81.0,95.0,1.0,6.0
82.0,6.0,2.0,2.0,32.0,95.0,1.0,5.0
82.0,7.0,2.0,2.0,32.0,95.0,2.0,8.0
82.0,8.0,2.0,2.0,,,,
82.0,9.0,2.0,2.0,81.0,95.0,1.0,8.0
82.0,10.0,2.0,2.0,32.0,95.0,1.0,10.0
82.0,11.0,2.0,2.0,,,,
82.0,12.0,2.0,2.0,81.0,95.0,1.0,7.0
82.0,13.0,2.0,2.0,32.0,95.0,2.0,12.0
82.0,14.0,2.0,2.0,81.0,95.0,1.0,8.0
82.0,15.0,2.0,2.0,,,,
82.0,16.0,2.0,2.0,31.0,95.0,3.0,4.0
82.0,17.0,2.0,2.0,32.0,95.0,1.0,4.0
82.0,18.0,2.0,2.0,81.0,95.0,1.0,6.0
82.0,19.0,2.0,2.0,32.0,95.0,2.0,8.0
82.0,20.0,2.0,2.0,81.0,95.0,1.0,8.0
83.0,1.0,2.0,2.0,32.0,95.0,1.0,1.0
83.0,2.0,2.0,2.0,,,,
83.0,3.0,2.0,2.0,21.0,22.0,4.0,5.0
83.0,4.0,2.0,2.0,31.0,95.0,4.0,3.0
83.0,5.0,2.0,2.0,32.0,95.0,1.0,1.0
83.0,6.0,2.0,2.0,92.0,23.0,5.0,1.0
83.0,7.0,2.0,2.0,81.0,95.0,3.0,6.0
83.0,8.0,2.0,2.0,92.0,23.0,5.0,1.0
83.0,9.0,2.0,2.0,32.0,95.0,3.0,2.0
83.0,10.0,2.0,2.0,32.0,95.0,3.0,4.0
83.0,11.0,2.0,2.0,31.0,31.0,3.0,5.0
83.0,12.0,2.0,2.0,31.0,22.0,4.0,2.0
83.0,13.0,2.0,2.0,31.0,95.0,1.0,4.0
83.0,14.0,2.0,2.0,,,,
83.0,15.0,2.0,2.0,21.0,95.0,4.0,5.0
83.0,16.0,2.0,2.0,32.0,95.0,3.0,1.0
83.0,17.0,2.0,2.0,21.0,31.0,3.0,4.0
83.0,18.0,2.0,2.0,31.0,95.0,3.0,4.0
83.0,19.0,2.0,2.0,21.0,23.0,5.0,3.0
83.0,20.0,2.0,2.0,31.0,13.0,3.0,2.0
84.0,1.0,2.0,2.0,81.0,95.0,2.0,10.0
84.0,2.0,2.0,2.0,96.0,23.0,2.0,3.0
84.0,3.0,2.0,2.0,21.0,95.0,3.0,1.0
84.0,4.0,2.0,2.0,14.0,95.0,3.0,3.0
84.0,5.0,2.0,2.0,21.0,22.0,4.0,5.0
84.0,6.0,2.0,2.0,81.0,22.0,3.0,1.0
84.0,7.0,2.0,2.0,14.0,95.0,1.0,2.0
84.0,8.0,2.0,2.0,,,,
84.0,9.0,2.0,2.0,21.0,22.0,3.0,3.0
84.0,10.0,2.0,2.0,21.0,23.0,3.0,8.0
84.0,11.0,2.0,2.0,21.0,22.0,3.0,2.0
84.0,12.0,2.0,2.0,14.0,23.0,2.0,4.0
84.0,13.0,2.0,2.0,21.0,95.0,1.0,9.0
84.0,14.0,2.0,2.0,81.0,23.0,1.0,7.0
84.0,15.0,2.0,2.0,21.0,95.0,2.0,3.0
84.0,16.0,2.0,2.0,14.0,23.0,2.0,1.0
84.0,17.0,2.0,2.0,21.0,95.0,2.0,1.0
84.0,18.0,2.0,2.0,21.0,22.0,3.0,1.0
84.0,19.0,2.0,2.0,,,,
84.0,20.0,2.0,2.0,21.0,95.0,3.0,3.0
85.0,1.0,2.0,2.0,81.0,95.0,1.0,9.0
85.0,2.0,2.0,2.0,81.0,23.0,3.0,3.0
85.0,3.0,2.0,2.0,81.0,23.0,1.0,3.0
85.0,4.0,2.0,2.0,81.0,95.0,1.0,9.0
85.0,5.0,2.0,2.0,81.0,95.0,2.0,9.0
85.0,6.0,2.0,2.0,81.0,23.0,2.0,5.0
85.0,7.0,2.0,2.0,81.0,23.0,2.0,4.0
85.0,8.0,2.0,2.0,81.0,95.0,2.0,2.0
85.0,9.0,2.0,2.0,81.0,95.0,1.0,6.0
85.0,10.0,2.0,2.0,81.0,95.0,1.0,5.0
85.0,11.0,2.0,2.0,81.0,95.0,1.0,4.0
85.0,12.0,2.0,2.0,81.0,23.0,2.0,5.0
85.0,13.0,2.0,2.0,81.0,95.0,2.0,5.0
85.0,14.0,2.0,2.0,81.0,23.0,1.0,11.0
85.0,15.0,2.0,2.0,81.0,95.0,1.0,6.0
85.0,16.0,2.0,2.0,14.0,95.0,1.0,3.0
85.0,17.0,2.0,2.0,81.0,95.0,2.0,9.0
85.0,18.0,2.0,2.0,81.0,22.0,2.0,10.0
85.0,19.0,2.0,2.0,81.0,95.0,1.0,1.0
85.0,20.0,2.0,2.0,14.0,23.0,2.0,6.0
86.0,1.0,2.0,2.0,21.0,95.0,2.0,5.0
86.0,2.0,2.0,2.0,21.0,95.0,1.0,7.0
86.0,3.0,2.0,2.0,21.0,95.0,1.0,3.0
86.0,4.0,2.0,2.0,81.0,95.0,1.0,4.0
86.0,5.0,2.0,2.0,21.0,95.0,2.0,1.0
86.0,6.0,2.0,2.0,96.0,95.0,1.0,1.0
86.0,7.0,2.0,2.0,21.0,95.0,2.0,2.0
86.0,8.0,2.0,2.0,21.0,95.0,1.0,6.0
86.0,9.0,2.0,2.0,21.0,95.0,2.0,4.0
86.0,10.0,2.0,2.0,21.0,95.0,1.0,5.0
86.0,11.0,2.0,2.0,21.0,95.0,2.0,3.0
86.0,12.0,2.0,2.0,21.0,95.0,3.0,1.0
86.0,13.0,2.0,2.0,21.0,95.0,2.0,6.0
86.0,14.0,2.0,2.0,21.0,95.0,1.0,3.0
86.0,15.0,2.0,2.0,21.0,95.0,2.0,5.0
86.0,16.0,2.0,2.0,21.0,95.0,1.0,1.0
86.0,17.0,2.0,2.0,81.0,95.0,1.0,5.0
86.0,18.0,2.0,2.0,21.0,95.0,1.0,9.0
86.0,19.0,2.0,2.0,21.0,95.0,1.0,1.0
86.0,20.0,2.0,2.0,21.0,95.0,2.0,4.0
87.0,1.0,2.0,2.0,42.0,23.0,1.0,5.0
87.0,2.0,2.0,2.0,81.0,23.0,1.0,4.0
87.0,3.0,2.0,2.0,81.0,23.0,2.0,9.0
87.0,4.0,2.0,2.0,81.0,23.0,3.0,7.0
87.0,5.0,2.0,2.0,32.0,23.0,2.0,6.0
87.0,6.0,2.0,2.0,42.0,95.0,2.0,6.0
87.0,7.0,2.0,2.0,32.0,23.0,3.0,7.0
87.0,8.0,2.0,2.0,81.0,23.0,2.0,5.0
87.0,9.0,2.0,2.0,81.0,23.0,3.0,5.0
87.0,10.0,2.0,2.0,92.0,23.0,3.0,2.0
87.0,11.0,2.0,2.0,81.0,23.0,2.0,5.0
87.0,12.0,2.0,2.0,81.0,23.0,3.0,6.0
87.0,13.0,2.0,2.0,81.0,23.0,2.0,1.0
87.0,14.0,2.0,2.0,81.0,23.0,2.0,4.0
87.0,15.0,2.0,2.0,31.0,95.0,2.0,6.0
87.0,16.0,2.0,2.0,81.0,23.0,3.0,2.0
87.0,17.0,2.0,2.0,31.0,23.0,3.0,6.0
87.0,18.0,2.0,2.0,51.0,23.0,3.0,4.0
87.0,19.0,2.0,2.0,42.0,23.0,2.0,3.0
87.0,20.0,2.0,2.0,81.0,23.0,3.0,1.0
88.0,1.0,2.0,2.0,14.0,21.0,2.0,2.0
88.0,2.0,2.0,2.0,21.0,22.0,2.0,5.0
88.0,3.0,2.0,2.0,21.0,23.0,2.0,4.0
88.0,4.0,2.0,2.0,41.0,22.0,2.0,5.0
88.0,5.0,2.0,2.0,81.0,95.0,2.0,4.0
88.0,6.0,2.0,2.0,81.0,95.0,1.0,13.0
88.0,7.0,2.0,2.0,,,,
88.0,8.0,2.0,2.0,21.0,22.0,1.0,1.0
88.0,9.0,2.0,2.0,,,,
88.0,10.0,2.0,2.0,21.0,22.0,1.0,4.0
88.0,11.0,2.0,2.0,41.0,21.0,2.0,1.0
88.0,12.0,2.0,2.0,,,,
88.0,13.0,2.0,2.0,41.0,21.0,2.0,7.0
88.0,14.0,2.0,2.0,21.0,23.0,2.0,5.0
88.0,15.0,2.0,2.0,21.0,22.0,2.0,2.0
88.0,16.0,2.0,2.0,81.0,95.0,1.0,6.0
88.0,17.0,2.0,2.0,14.0,22.0,2.0,1.0
88.0,18.0,2.0,2.0,41.0,22.0,2.0,7.0
88.0,19.0,2.0,2.0,81.0,95.0,1.0,7.0
88.0,20.0,2.0,2.0,14.0,21.0,2.0,8.0
89.0,1.0,2.0,2.0,81.0,23.0,2.0,4.0
89.0,2.0,2.0,2.0,81.0,23.0,1.0,1.0
89.0,3.0,2.0,2.0,81.0,23.0,2.0,5.0
89.0,4.0,2.0,2.0,81.0,23.0,1.0,4.0
89.0,5.0,2.0,2.0,81.0,96.0,2.0,5.0
89.0,6.0,2.0,2.0,81.0,96.0,1.0,6.0
89.0,7.0,2.0,2.0,81.0,23.0,1.0,9.0
89.0,8.0,2.0,2.0,81.0,23.0,2.0,4.0
89.0,9.0,2.0,2.0,81.0,31.0,2.0,2.0
89.0,10.0,2.0,2.0,81.0,22.0,2.0,9.0
89.0,11.0,2.0,2.0,81.0,23.0,2.0,5.0
89.0,12.0,2.0,2.0,81.0,23.0,1.0,2.0
89.0,13.0,2.0,2.0,81.0,21.0,2.0,7.0
89.0,14.0,2.0,2.0,42.0,23.0,1.0,5.0
89.0,15.0,2.0,2.0,81.0,23.0,2.0,5.0
89.0,16.0,2.0,2.0,81.0,96.0,2.0,6.0
89.0,17.0,2.0,2.0,81.0,96.0,2.0,5.0
89.0,18.0,2.0,2.0,81.0,96.0,3.0,2.0
89.0,19.0,2.0,2.0,81.0,22.0,2.0,3.0
89.0,20.0,2.0,2.0,81.0,23.0,2.0,2.0
90.0,1.0,2.0,2.0,21.0,51.0,3.0,6.0
90.0,2.0,2.0,2.0,81.0,23.0,4.0,1.0
90.0,3.0,2.0,2.0,14.0,21.0,3.0,4.0
90.0,4.0,2.0,2.0,81.0,23.0,3.0,6.0
90.0,5.0,2.0,2.0,,,,
90.0,6.0,2.0,2.0,92.0,22.0,3.0,8.0
90.0,7.0,2.0,2.0,81.0,95.0,1.0,4.0
90.0,8.0,2.0,2.0,21.0,23.0,2.0,2.0
90.0,9.0,2.0,2.0,81.0,23.0,3.0,3.0
90.0,10.0,2.0,2.0,81.0,21.0,3.0,5.0
90.0,11.0,2.0,2.0,81.0,95.0,3.0,8.0
90.0,12.0,2.0,2.0,81.0,23.0,2.0,2.0
90.0,13.0,2.0,2.0,21.0,13.0,5.0,5.0
90.0,14.0,2.0,2.0,21.0,22.0,4.0,4.0
90.0,15.0,2.0,2.0,81.0,21.0,4.0,3.0
90.0,16.0,2.0,2.0,81.0,31.0,4.0,10.0
90.0,17.0,2.0,2.0,81.0,95.0,3.0,4.0
90.0,18.0,2.0,2.0,,,,
90.0,19.0,2.0,2.0,81.0,23.0,1.0,1.0
90.0,20.0,2.0,2.0,81.0,23.0,2.0,2.0
91.0,1.0,2.0,2.0,31.0,22.0,3.0,6.0
91.0,2.0,2.0,2.0,14.0,95.0,3.0,4.0
91.0,3.0,2.0,2.0,,,,
91.0,4.0,2.0,2.0,13.0,23.0,4.0,2.0
91.0,5.0,2.0,2.0,31.0,22.0,3.0,1.0
91.0,6.0,2.0,2.0,14.0,95.0,4.0,8.0
91.0,7.0,2.0,2.0,13.0,95.0,3.0,1.0
91.0,8.0,2.0,2.0,14.0,22.0,3.0,3.0
91.0,9.0,2.0,2.0,42.0,22.0,5.0,3.0
91.0,10.0,2.0,2.0,92.0,12.0,5.0,1.0
91.0,11.0,2.0,2.0,14.0,22.0,3.0,1.0
91.0,12.0,2.0,2.0,31.0,22.0,3.0,8.0
91.0,13.0,2.0,2.0,21.0,22.0,4.0,4.0
91.0,14.0,2.0,2.0,14.0,95.0,4.0,4.0
91.0,15.0,2.0,2.0,12.0,22.0,4.0,2.0
91.0,16.0,2.0,2.0,14.0,95.0,3.0,3.0
91.0,17.0,2.0,2.0,14.0,22.0,3.0,2.0
91.0,18.0,2.0,2.0,,,,
91.0,19.0,2.0,2.0,14.0,95.0,3.0,5.0
91.0,20.0,2.0,2.0,14.0,22.0,3.0,4.0
92.0,1.0,2.0,2.0,21.0,23.0,2.0,2.0
92.0,2.0,2.0,2.0,21.0,23.0,2.0,3.0
92.0,3.0,2.0,2.0,14.0,23.0,2.0,2.0
92.0,4.0,2.0,2.0,14.0,31.0,2.0,1.0
92.0,5.0,2.0,2.0,21.0,22.0,2.0,4.0
92.0,6.0,2.0,2.0,12.0,31.0,3.0,8.0
92.0,7.0,2.0,2.0,,,,
92.0,8.0,2.0,2.0,21.0,31.0,2.0,2.0
92.0,9.0,2.0,2.0,14.0,23.0,2.0,3.0
92.0,10.0,2.0,2.0,13.0,31.0,3.0,6.0
92.0,11.0,2.0,2.0,21.0,23.0,1.0,3.0
92.0,12.0,2.0,2.0,81.0,31.0,1.0,7.0
92.0,13.0,2.0,2.0,13.0,31.0,2.0,5.0
92.0,14.0,2.0,2.0,21.0,23.0,2.0,3.0
92.0,15.0,2.0,2.0,81.0,31.0,2.0,3.0
92.0,16.0,2.0,2.0,21.0,95.0,1.0,1.0
92.0,17.0,2.0,2.0,14.0,23.0,1.0,3.0
92.0,18.0,2.0,2.0,81.0,31.0,2.0,3.0
92.0,19.0,2.0,2.0,81.0,95.0,2.0,3.0
92.0,20.0,2.0,2.0,21.0,23.0,2.0,3.0
93.0,1.0,2.0,2.0,31.0,95.0,4.0,10.0
93.0,2.0,2.0,2.0,14.0,22.0,3.0,2.0
93.0,3.0,2.0,2.0,31.0,95.0,4.0,2.0
93.0,4.0,2.0,2.0,31.0,95.0,4.0,6.0
93.0,5.0,2.0,2.0,,,,
93.0,6.0,2.0,2.0,21.0,22.0,5.0,6.0
93.0,7.0,2.0,2.0,42.0,95.0,5.0,6.0
93.0,8.0,2.0,2.0,21.0,95.0,3.0,4.0
93.0,9.0,2.0,2.0,21.0,95.0,3.0,1.0
93.0,10.0,2.0,2.0,,,,
93.0,11.0,2.0,2.0,13.0,95.0,2.0,4.0
93.0,12.0,2.0,2.0,,,,
93.0,13.0,2.0,2.0,31.0,21.0,4.0,5.0
93.0,14.0,2.0,2.0,14.0,22.0,4.0,5.0
93.0,15.0,2.0,2.0,14.0,21.0,4.0,3.0
93.0,16.0,2.0,2.0,31.0,95.0,3.0,3.0
93.0,17.0,2.0,2.0,13.0,95.0,4.0,3.0
93.0,18.0,2.0,2.0,21.0,95.0,2.0,5.0
93.0,19.0,2.0,2.0,14.0,95.0,3.0,1.0
93.0,20.0,2.0,2.0,31.0,22.0,5.0,14.0
94.0,1.0,2.0,2.0,14.0,95.0,3.0,1.0
94.0,2.0,2.0,2.0,21.0,95.0,3.0,1.0
94.0,3.0,2.0,2.0,31.0,95.0,2.0,7.0
94.0,4.0,2.0,2.0,31.0,95.0,2.0,5.0
94.0,5.0,2.0,2.0,12.0,95.0,3.0,1.0
94.0,6.0,2.0,2.0,12.0,95.0,3.0,4.0
94.0,7.0,2.0,2.0,32.0,95.0,1.0,1.0
94.0,8.0,2.0,2.0,31.0,95.0,2.0,1.0
94.0,9.0,2.0,2.0,31.0,95.0,1.0,8.0
94.0,10.0,2.0,2.0,14.0,22.0,2.0,5.0
94.0,11.0,2.0,2.0,,,,
94.0,12.0,2.0,2.0,81.0,21.0,2.0,3.0
94.0,13.0,2.0,2.0,31.0,22.0,3.0,7.0
94.0,14.0,2.0,2.0,81.0,95.0,2.0,2.0
94.0,15.0,2.0,2.0,31.0,95.0,2.0,2.0
94.0,16.0,2.0,2.0,13.0,95.0,3.0,1.0
94.0,17.0,2.0,2.0,32.0,95.0,2.0,5.0
94.0,18.0,2.0,2.0,,,,
94.0,19.0,2.0,2.0,31.0,95.0,2.0,2.0
94.0,20.0,2.0,2.0,31.0,95.0,2.0,5.0
95.0,1.0,2.0,2.0,81.0,95.0,1.0,1.0
95.0,2.0,2.0,2.0,42.0,95.0,1.0,2.0
95.0,3.0,2.0,2.0,42.0,95.0,1.0,1.0
95.0,4.0,2.0,2.0,42.0,23.0,3.0,5.0
95.0,5.0,2.0,2.0,81.0,23.0,1.0,4.0
95.0,6.0,2.0,2.0,81.0,22.0,1.0,5.0
95.0,7.0,2.0,2.0,42.0,23.0,2.0,4.0
95.0,8.0,2.0,2.0,,,,
95.0,9.0,2.0,2.0,42.0,23.0,3.0,3.0
95.0,10.0,2.0,2.0,42.0,95.0,1.0,5.0
95.0,11.0,2.0,2.0,42.0,95.0,1.0,4.0
95.0,12.0,2.0,2.0,42.0,23.0,3.0,5.0
95.0,13.0,2.0,2.0,81.0,95.0,2.0,6.0
95.0,14.0,2.0,2.0,81.0,23.0,2.0,10.0
95.0,15.0,2.0,2.0,81.0,31.0,1.0,5.0
95.0,16.0,2.0,2.0,81.0,22.0,2.0,4.0
95.0,17.0,2.0,2.0,,,,
95.0,18.0,2.0,2.0,81.0,31.0,2.0,4.0
95.0,19.0,2.0,2.0,81.0,23.0,1.0,1.0
95.0,20.0,2.0,2.0,81.0,31.0,1.0,1.0
96.0,1.0,2.0,2.0,14.0,23.0,3.0,2.0
96.0,2.0,2.0,2.0,12.0,95.0,3.0,1.0
96.0,3.0,2.0,2.0,14.0,22.0,2.0,2.0
96.0,4.0,2.0,2.0,14.0,23.0,2.0,3.0
96.0,5.0,2.0,2.0,14.0,23.0,3.0,7.0
96.0,6.0,2.0,2.0,14.0,23.0,3.0,2.0
96.0,7.0,2.0,2.0,14.0,22.0,3.0,2.0
96.0,8.0,2.0,2.0,14.0,23.0,2.0,2.0
96.0,9.0,2.0,2.0,14.0,23.0,2.0,7.0
96.0,10.0,2.0,2.0,14.0,23.0,4.0,3.0
96.0,11.0,2.0,2.0,14.0,22.0,3.0,2.0
96.0,12.0,2.0,2.0,14.0,31.0,3.0,6.0
96.0,13.0,2.0,2.0,14.0,23.0,2.0,4.0
96.0,14.0,2.0,2.0,12.0,21.0,5.0,2.0
96.0,15.0,2.0,2.0,14.0,23.0,2.0,1.0
96.0,16.0,2.0,2.0,14.0,23.0,3.0,3.0
96.0,17.0,2.0,2.0,14.0,22.0,3.0,6.0
96.0,18.0,2.0,2.0,14.0,23.0,3.0,3.0
96.0,19.0,2.0,2.0,14.0,95.0,3.0,4.0
96.0,20.0,2.0,2.0,14.0,95.0,3.0,6.0
97.0,1.0,2.0,2.0,42.0,23.0,2.0,1.0
97.0,2.0,2.0,2.0,21.0,23.0,2.0,5.0
97.0,3.0,2.0,2.0,81.0,23.0,3.0,5.0
97.0,4.0,2.0,2.0,14.0,23.0,2.0,4.0
97.0,5.0,2.0,2.0,42.0,23.0,2.0,4.0
97.0,6.0,2.0,2.0,,,,
97.0,7.0,2.0,2.0,42.0,31.0,4.0,3.0
97.0,8.0,2.0,2.0,81.0,23.0,3.0,5.0
97.0,9.0,2.0,2.0,81.0,22.0,3.0,3.0
97.0,10.0,2.0,2.0,81.0,23.0,3.0,5.0
97.0,11.0,2.0,2.0,42.0,95.0,1.0,1.0
97.0,12.0,2.0,2.0,81.0,23.0,3.0,7.0
97.0,13.0,2.0,2.0,81.0,23.0,4.0,8.0
97.0,14.0,2.0,2.0,81.0,23.0,3.0,9.0
97.0,15.0,2.0,2.0,81.0,23.0,3.0,2.0
97.0,16.0,2.0,2.0,81.0,23.0,2.0,4.0
97.0,17.0,2.0,2.0,81.0,31.0,2.0,4.0
97.0,18.0,2.0,2.0,81.0,23.0,2.0,3.0
97.0,19.0,2.0,2.0,14.0,23.0,4.0,3.0
97.0,20.0,2.0,2.0,81.0,23.0,3.0,3.0
98.0,1.0,2.0,2.0,12.0,95.0,4.0,4.0
98.0,2.0,2.0,2.0,14.0,12.0,3.0,2.0
98.0,3.0,2.0,2.0,14.0,18.0,3.0,7.0
98.0,4.0,2.0,2.0,13.0,22.0,4.0,5.0
98.0,5.0,2.0,2.0,,,,
98.0,6.0,2.0,2.0,31.0,95.0,3.0,5.0
98.0,7.0,2.0,2.0,14.0,95.0,3.0,2.0
98.0,8.0,2.0,2.0,14.0,95.0,3.0,5.0
98.0,9.0,2.0,2.0,31.0,95.0,3.0,3.0
98.0,10.0,2.0,2.0,31.0,22.0,4.0,6.0
98.0,11.0,2.0,2.0,12.0,95.0,3.0,2.0
98.0,12.0,2.0,2.0,31.0,12.0,3.0,5.0
98.0,13.0,2.0,2.0,31.0,95.0,3.0,5.0
98.0,14.0,2.0,2.0,,,,
98.0,15.0,2.0,2.0,14.0,22.0,3.0,1.0
98.0,16.0,2.0,2.0,,,,
98.0,17.0,2.0,2.0,31.0,95.0,4.0,14.0
98.0,18.0,2.0,2.0,13.0,22.0,3.0,1.0
98.0,19.0,2.0,2.0,13.0,95.0,3.0,4.0
98.0,20.0,2.0,2.0,31.0,22.0,3.0,2.0
99.0,1.0,2.0,2.0,42.0,95.0,3.0,2.0
99.0,2.0,2.0,2.0,81.0,21.0,2.0,4.0
99.0,3.0,2.0,2.0,81.0,22.0,3.0,5.0
99.0,4.0,2.0,2.0,81.0,95.0,2.0,5.0
99.0,5.0,2.0,2.0,21.0,31.0,2.0,5.0
99.0,6.0,2.0,2.0,81.0,95.0,3.0,1.0
99.0,7.0,2.0,2.0,14.0,95.0,2.0,6.0
99.0,8.0,2.0,2.0,14.0,22.0,4.0,5.0
99.0,9.0,2.0,2.0,81.0,23.0,3.0,5.0
99.0,10.0,2.0,2.0,81.0,23.0,3.0,4.0
99.0,11.0,2.0,2.0,42.0,95.0,2.0,2.0
99.0,12.0,2.0,2.0,92.0,22.0,5.0,3.0
99.0,13.0,2.0,2.0,81.0,23.0,1.0,1.0
99.0,14.0,2.0,2.0,81.0,22.0,5.0,12.0
99.0,15.0,2.0,2.0,81.0,95.0,4.0,6.0
99.0,16.0,2.0,2.0,21.0,95.0,3.0,5.0
99.0,17.0,2.0,2.0,21.0,22.0,5.0,6.0
99.0,18.0,2.0,2.0,81.0,95.0,2.0,2.0
99.0,19.0,2.0,2.0,81.0,22.0,2.0,2.0
99.0,20.0,2.0,2.0,21.0,23.0,3.0,1.0
100.0,1.0,2.0,2.0,21.0,23.0,1.0,9.0
100.0,2.0,2.0,2.0,21.0,31.0,2.0,4.0
100.0,3.0,2.0,2.0,14.0,23.0,3.0,9.0
100.0,4.0,2.0,2.0,42.0,23.0,1.0,6.0
100.0,5.0,2.0,2.0,32.0,31.0,2.0,3.0
100.0,6.0,2.0,2.0,81.0,95.0,1.0,6.0
100.0,7.0,2.0,2.0,81.0,95.0,1.0,2.0
100.0,8.0,2.0,2.0,81.0,23.0,3.0,7.0
100.0,9.0,2.0,2.0,81.0,23.0,3.0,3.0
100.0,10.0,2.0,2.0,42.0,95.0,1.0,3.0
100.0,11.0,2.0,2.0,14.0,23.0,2.0,7.0
100.0,12.0,2.0,2.0,42.0,95.0,1.0,2.0
100.0,13.0,2.0,2.0,32.0,23.0,1.0,4.0
100.0,14.0,2.0,2.0,14.0,95.0,3.0,6.0
100.0,15.0,2.0,2.0,81.0,95.0,2.0,5.0
100.0,16.0,2.0,2.0,81.0,23.0,2.0,6.0
100.0,17.0,2.0,2.0,81.0,31.0,2.0,3.0
100.0,18.0,2.0,2.0,,,,
100.0,19.0,2.0,2.0,32.0,23.0,2.0,5.0
100.0,20.0,2.0,2.0,21.0,23.0,3.0,1.0
101.0,1.0,2.0,2.0,12.0,95.0,4.0,3.0
101.0,2.0,2.0,2.0,12.0,95.0,3.0,5.0
101.0,3.0,2.0,2.0,14.0,95.0,3.0,3.0
101.0,4.0,2.0,2.0,14.0,23.0,3.0,1.0
101.0,5.0,2.0,2.0,12.0,95.0,3.0,6.0
101.0,6.0,2.0,2.0,14.0,95.0,3.0,5.0
101.0,7.0,2.0,2.0,13.0,31.0,4.0,5.0
101.0,8.0,2.0,2.0,11.0,22.0,5.0,5.0
101.0,9.0,2.0,2.0,11.0,95.0,4.0,3.0
101.0,10.0,2.0,2.0,11.0,95.0,3.0,2.0
101.0,11.0,2.0,2.0,,,,
101.0,12.0,2.0,2.0,14.0,95.0,3.0,6.0
101.0,13.0,2.0,2.0,11.0,95.0,3.0,2.0
101.0,14.0,2.0,2.0,,,,
101.0,15.0,2.0,2.0,11.0,12.0,5.0,2.0
101.0,16.0,2.0,2.0,13.0,22.0,2.0,1.0
101.0,17.0,2.0,2.0,,,,
101.0,18.0,2.0,2.0,12.0,95.0,3.0,8.0
101.0,19.0,2.0,2.0,14.0,95.0,2.0,4.0
101.0,20.0,2.0,2.0,,,,
102.0,1.0,2.0,2.0,41.0,31.0,4.0,9.0
102.0,2.0,2.0,2.0,14.0,22.0,4.0,6.0
102.0,3.0,2.0,2.0,81.0,21.0,2.0,3.0
102.0,4.0,2.0,2.0,81.0,31.0,3.0,7.0
102.0,5.0,2.0,2.0,41.0,13.0,3.0,3.0
102.0,6.0,2.0,2.0,41.0,21.0,3.0,5.0
102.0,7.0,2.0,2.0,42.0,23.0,4.0,7.0
102.0,8.0,2.0,2.0,21.0,22.0,2.0,3.0
102.0,9.0,2.0,2.0,41.0,22.0,5.0,4.0
102.0,10.0,2.0,2.0,,,,
102.0,11.0,2.0,2.0,14.0,22.0,3.0,4.0
102.0,12.0,2.0,2.0,41.0,21.0,4.0,4.0
102.0,13.0,2.0,2.0,14.0,22.0,4.0,3.0
102.0,14.0,2.0,2.0,41.0,22.0,4.0,2.0
102.0,15.0,2.0,2.0,14.0,22.0,4.0,3.0
102.0,16.0,2.0,2.0,42.0,21.0,3.0,3.0
102.0,17.0,2.0,2.0,14.0,95.0,2.0,5.0
102.0,18.0,2.0,2.0,,,,
102.0,19.0,2.0,2.0,14.0,22.0,3.0,3.0
102.0,20.0,2.0,2.0,,,,
103.0,1.0,2.0,2.0,11.0,22.0,3.0,4.0
103.0,2.0,2.0,2.0,14.0,22.0,3.0,2.0
103.0,3.0,2.0,2.0,14.0,22.0,2.0,9.0
103.0,4.0,2.0,2.0,12.0,22.0,4.0,4.0
103.0,5.0,2.0,2.0,12.0,23.0,4.0,3.0
103.0,6.0,2.0,2.0,13.0,22.0,3.0,6.0
103.0,7.0,2.0,2.0,11.0,22.0,4.0,7.0
103.0,8.0,2.0,2.0,13.0,22.0,3.0,3.0
103.0,9.0,2.0,2.0,14.0,22.0,3.0,3.0
103.0,10.0,2.0,2.0,14.0,22.0,3.0,3.0
103.0,11.0,2.0,2.0,12.0,22.0,4.0,6.0
103.0,12.0,2.0,2.0,12.0,22.0,4.0,5.0
103.0,13.0,2.0,2.0,14.0,22.0,3.0,4.0
103.0,14.0,2.0,2.0,11.0,22.0,4.0,4.0
103.0,15.0,2.0,2.0,12.0,22.0,3.0,9.0
103.0,16.0,2.0,2.0,11.0,23.0,4.0,6.0
103.0,17.0,2.0,2.0,13.0,22.0,2.0,2.0
103.0,18.0,2.0,2.0,14.0,22.0,3.0,5.0
103.0,19.0,2.0,2.0,12.0,22.0,3.0,3.0
103.0,20.0,2.0,2.0,12.0,22.0,3.0,8.0
104.0,1.0,2.0,2.0,14.0,22.0,3.0,3.0
104.0,2.0,2.0,2.0,,,,
104.0,3.0,2.0,2.0,14.0,23.0,3.0,3.0
104.0,4.0,2.0,2.0,14.0,95.0,3.0,2.0
104.0,5.0,2.0,2.0,12.0,12.0,5.0,6.0
104.0,6.0,2.0,2.0,14.0,95.0,3.0,2.0
104.0,7.0,2.0,2.0,14.0,95.0,3.0,1.0
104.0,8.0,2.0,2.0,14.0,22.0,3.0,7.0
104.0,9.0,2.0,2.0,14.0,95.0,3.0,3.0
104.0,10.0,2.0,2.0,14.0,22.0,4.0,6.0
104.0,11.0,2.0,2.0,,,,
104.0,12.0,2.0,2.0,14.0,22.0,3.0,3.0
104.0,13.0,2.0,2.0,,,,
104.0,14.0,2.0,2.0,14.0,22.0,4.0,7.0
104.0,15.0,2.0,2.0,14.0,22.0,5.0,4.0
104.0,16.0,2.0,2.0,14.0,95.0,4.0,8.0
104.0,17.0,2.0,2.0,14.0,22.0,4.0,1.0
104.0,18.0,2.0,2.0,14.0,23.0,4.0,3.0
104.0,19.0,2.0,2.0,,,,
104.0,20.0,2.0,2.0,31.0,22.0,5.0,9.0
105.0,1.0,2.0,2.0,21.0,23.0,2.0,15.0
105.0,2.0,2.0,2.0,51.0,23.0,3.0,7.0
105.0,3.0,2.0,2.0,31.0,22.0,3.0,2.0
105.0,4.0,2.0,2.0,32.0,23.0,4.0,3.0
105.0,5.0,2.0,2.0,81.0,23.0,1.0,4.0
105.0,6.0,2.0,2.0,,,,
105.0,7.0,2.0,2.0,42.0,95.0,2.0,4.0
105.0,8.0,2.0,2.0,14.0,23.0,2.0,5.0
105.0,9.0,2.0,2.0,21.0,23.0,2.0,4.0
105.0,10.0,2.0,2.0,81.0,95.0,1.0,17.0
105.0,11.0,2.0,2.0,42.0,23.0,2.0,5.0
105.0,12.0,2.0,2.0,,,,
105.0,13.0,2.0,2.0,42.0,23.0,2.0,4.0
105.0,14.0,2.0,2.0,81.0,23.0,2.0,3.0
105.0,15.0,2.0,2.0,32.0,23.0,1.0,1.0
105.0,16.0,2.0,2.0,81.0,23.0,2.0,4.0
105.0,17.0,2.0,2.0,31.0,22.0,3.0,3.0
105.0,18.0,2.0,2.0,,,,
105.0,19.0,2.0,2.0,81.0,95.0,1.0,1.0
105.0,20.0,2.0,2.0,81.0,31.0,2.0,4.0
106.0,1.0,2.0,2.0,,,,
106.0,2.0,2.0,2.0,32.0,95.0,1.0,2.0
106.0,3.0,2.0,2.0,,,,
106.0,4.0,2.0,2.0,32.0,22.0,3.0,1.0
106.0,5.0,2.0,2.0,31.0,22.0,3.0,3.0
106.0,6.0,2.0,2.0,31.0,95.0,3.0,1.0
106.0,7.0,2.0,2.0,31.0,22.0,3.0,2.0
106.0,8.0,2.0,2.0,13.0,22.0,3.0,1.0
106.0,9.0,2.0,2.0,31.0,22.0,3.0,2.0
106.0,10.0,2.0,2.0,,,,
106.0,11.0,2.0,2.0,31.0,95.0,3.0,4.0
106.0,12.0,2.0,2.0,31.0,12.0,3.0,2.0
106.0,13.0,2.0,2.0,32.0,31.0,3.0,5.0
106.0,14.0,2.0,2.0,32.0,31.0,3.0,8.0
106.0,15.0,2.0,2.0,81.0,22.0,3.0,6.0
106.0,16.0,2.0,2.0,31.0,22.0,2.0,1.0
106.0,17.0,2.0,2.0,31.0,22.0,4.0,5.0
106.0,18.0,2.0,2.0,31.0,22.0,3.0,3.0
106.0,19.0,2.0,2.0,41.0,22.0,2.0,4.0
106.0,20.0,2.0,2.0,31.0,22.0,3.0,2.0
107.0,1.0,2.0,2.0,41.0,95.0,3.0,8.0
107.0,2.0,2.0,2.0,14.0,95.0,2.0,1.0
107.0,3.0,2.0,2.0,21.0,95.0,2.0,6.0
107.0,4.0,2.0,2.0,41.0,95.0,2.0,1.0
107.0,5.0,2.0,2.0,14.0,22.0,2.0,5.0
107.0,6.0,2.0,2.0,31.0,95.0,3.0,1.0
107.0,7.0,2.0,2.0,14.0,95.0,2.0,2.0
107.0,8.0,2.0,2.0,21.0,95.0,3.0,6.0
107.0,9.0,2.0,2.0,41.0,95.0,3.0,2.0
107.0,10.0,2.0,2.0,21.0,95.0,3.0,2.0
107.0,11.0,2.0,2.0,14.0,22.0,3.0,3.0
107.0,12.0,2.0,2.0,14.0,95.0,2.0,1.0
107.0,13.0,2.0,2.0,14.0,95.0,2.0,1.0
107.0,14.0,2.0,2.0,21.0,95.0,3.0,5.0
107.0,15.0,2.0,2.0,41.0,95.0,1.0,1.0
107.0,16.0,2.0,2.0,32.0,95.0,1.0,1.0
107.0,17.0,2.0,2.0,41.0,23.0,3.0,3.0
107.0,18.0,2.0,2.0,31.0,95.0,3.0,2.0
107.0,19.0,2.0,2.0,14.0,22.0,3.0,4.0
107.0,20.0,2.0,2.0,21.0,95.0,2.0,3.0
108.0,1.0,2.0,2.0,14.0,95.0,3.0,4.0
108.0,2.0,2.0,2.0,81.0,95.0,1.0,4.0
108.0,3.0,2.0,2.0,81.0,95.0,1.0,5.0
108.0,4.0,2.0,2.0,81.0,95.0,2.0,2.0
108.0,5.0,2.0,2.0,81.0,95.0,2.0,10.0
108.0,6.0,2.0,2.0,81.0,95.0,1.0,1.0
108.0,7.0,2.0,2.0,42.0,31.0,2.0,4.0
108.0,8.0,2.0,2.0,81.0,22.0,2.0,5.0
108.0,9.0,2.0,2.0,81.0,22.0,3.0,4.0
108.0,10.0,2.0,2.0,81.0,22.0,2.0,1.0
108.0,11.0,2.0,2.0,42.0,31.0,3.0,2.0
108.0,12.0,2.0,2.0,81.0,95.0,2.0,7.0
108.0,13.0,2.0,2.0,42.0,95.0,2.0,5.0
108.0,14.0,2.0,2.0,42.0,95.0,3.0,5.0
108.0,15.0,2.0,2.0,,,,
108.0,16.0,2.0,2.0,81.0,95.0,1.0,4.0
108.0,17.0,2.0,2.0,42.0,95.0,1.0,6.0
108.0,18.0,2.0,2.0,81.0,22.0,2.0,4.0
108.0,19.0,2.0,2.0,42.0,95.0,3.0,5.0
108.0,20.0,2.0,2.0,42.0,95.0,3.0,9.0
109.0,1.0,2.0,2.0,51.0,95.0,2.0,1.0
109.0,2.0,2.0,2.0,51.0,95.0,2.0,1.0
109.0,3.0,2.0,2.0,21.0,95.0,1.0,1.0
109.0,4.0,2.0,2.0,,,,
109.0,5.0,2.0,2.0,14.0,95.0,1.0,2.0
109.0,6.0,2.0,2.0,21.0,31.0,3.0,6.0
109.0,7.0,2.0,2.0,21.0,95.0,1.0,5.0
109.0,8.0,2.0,2.0,21.0,95.0,2.0,3.0
109.0,9.0,2.0,2.0,32.0,95.0,2.0,4.0
109.0,10.0,2.0,2.0,12.0,95.0,3.0,4.0
109.0,11.0,2.0,2.0,21.0,31.0,2.0,4.0
109.0,12.0,2.0,2.0,21.0,95.0,2.0,9.0
109.0,13.0,2.0,2.0,14.0,95.0,3.0,5.0
109.0,14.0,2.0,2.0,21.0,95.0,2.0,3.0
109.0,15.0,2.0,2.0,14.0,95.0,3.0,3.0
109.0,16.0,2.0,2.0,,,,
109.0,17.0,2.0,2.0,21.0,95.0,2.0,8.0
109.0,18.0,2.0,2.0,21.0,95.0,2.0,4.0
109.0,19.0,2.0,2.0,21.0,95.0,2.0,5.0
109.0,20.0,2.0,2.0,51.0,95.0,2.0,1.0
110.0,1.0,2.0,2.0,51.0,22.0,2.0,4.0
110.0,2.0,2.0,2.0,21.0,95.0,2.0,5.0
110.0,3.0,2.0,2.0,21.0,95.0,1.0,3.0
110.0,4.0,2.0,2.0,32.0,95.0,2.0,6.0
110.0,5.0,2.0,2.0,21.0,95.0,1.0,7.0
110.0,6.0,2.0,2.0,21.0,95.0,2.0,5.0
110.0,7.0,2.0,2.0,14.0,95.0,3.0,9.0
110.0,8.0,2.0,2.0,14.0,95.0,3.0,3.0
110.0,9.0,2.0,2.0,21.0,95.0,2.0,6.0
110.0,10.0,2.0,2.0,21.0,95.0,1.0,1.0
110.0,11.0,2.0,2.0,21.0,31.0,2.0,3.0
110.0,12.0,2.0,2.0,32.0,95.0,1.0,3.0
110.0,13.0,2.0,2.0,21.0,95.0,2.0,2.0
110.0,14.0,2.0,2.0,21.0,23.0,2.0,9.0
110.0,15.0,2.0,2.0,21.0,95.0,2.0,10.0
110.0,16.0,2.0,2.0,21.0,21.0,1.0,4.0
110.0,17.0,2.0,2.0,21.0,95.0,1.0,5.0
110.0,18.0,2.0,2.0,51.0,95.0,1.0,4.0
110.0,19.0,2.0,2.0,21.0,95.0,1.0,3.0
110.0,20.0,2.0,2.0,21.0,95.0,1.0,6.0
111.0,1.0,2.0,2.0,31.0,95.0,2.0,5.0
111.0,2.0,2.0,2.0,32.0,31.0,1.0,4.0
111.0,3.0,2.0,2.0,21.0,11.0,5.0,12.0
111.0,4.0,2.0,2.0,21.0,95.0,2.0,2.0
111.0,5.0,2.0,2.0,81.0,95.0,1.0,4.0
111.0,6.0,2.0,2.0,14.0,31.0,3.0,1.0
111.0,7.0,2.0,2.0,32.0,31.0,3.0,10.0
111.0,8.0,2.0,2.0,41.0,95.0,3.0,5.0
111.0,9.0,2.0,2.0,32.0,31.0,3.0,5.0
111.0,10.0,2.0,2.0,31.0,95.0,3.0,6.0
111.0,11.0,2.0,2.0,31.0,95.0,3.0,3.0
111.0,12.0,2.0,2.0,21.0,95.0,3.0,5.0
111.0,13.0,2.0,2.0,21.0,95.0,3.0,5.0
111.0,14.0,2.0,2.0,32.0,95.0,3.0,2.0
111.0,15.0,2.0,2.0,32.0,22.0,3.0,3.0
111.0,16.0,2.0,2.0,14.0,11.0,3.0,3.0
111.0,17.0,2.0,2.0,32.0,31.0,3.0,2.0
111.0,18.0,2.0,2.0,31.0,95.0,2.0,6.0
111.0,19.0,2.0,2.0,21.0,31.0,5.0,3.0
111.0,20.0,2.0,2.0,32.0,95.0,4.0,3.0
112.0,1.0,2.0,2.0,42.0,95.0,3.0,5.0
112.0,2.0,2.0,2.0,32.0,95.0,2.0,2.0
112.0,3.0,2.0,2.0,14.0,95.0,3.0,1.0
112.0,4.0,2.0,2.0,81.0,95.0,1.0,6.0
112.0,5.0,2.0,2.0,51.0,95.0,1.0,2.0
112.0,6.0,2.0,2.0,81.0,95.0,1.0,2.0
112.0,7.0,2.0,2.0,81.0,95.0,1.0,6.0
112.0,8.0,2.0,2.0,51.0,95.0,1.0,8.0
112.0,9.0,2.0,2.0,32.0,95.0,1.0,3.0
112.0,10.0,2.0,2.0,81.0,95.0,1.0,3.0
112.0,11.0,2.0,2.0,32.0,95.0,1.0,3.0
112.0,12.0,2.0,2.0,81.0,95.0,1.0,3.0
112.0,13.0,2.0,2.0,21.0,95.0,2.0,3.0
112.0,14.0,2.0,2.0,42.0,95.0,2.0,2.0
112.0,15.0,2.0,2.0,51.0,95.0,3.0,6.0
112.0,16.0,2.0,2.0,,,,
112.0,17.0,2.0,2.0,51.0,95.0,2.0,3.0
112.0,18.0,2.0,2.0,81.0,95.0,2.0,3.0
112.0,19.0,2.0,2.0,42.0,95.0,2.0,3.0
112.0,20.0,2.0,2.0,32.0,95.0,2.0,2.0
113.0,1.0,2.0,2.0,21.0,95.0,3.0,4.0
113.0,2.0,2.0,2.0,51.0,95.0,2.0,4.0
113.0,3.0,2.0,2.0,14.0,95.0,1.0,8.0
113.0,4.0,2.0,2.0,21.0,95.0,2.0,5.0
113.0,5.0,2.0,2.0,81.0,95.0,1.0,8.0
113.0,6.0,2.0,2.0,21.0,12.0,2.0,5.0
113.0,7.0,2.0,2.0,21.0,95.0,1.0,7.0
113.0,8.0,2.0,2.0,81.0,95.0,1.0,8.0
113.0,9.0,2.0,2.0,14.0,95.0,2.0,5.0
113.0,10.0,2.0,2.0,21.0,95.0,2.0,2.0
113.0,11.0,2.0,2.0,14.0,95.0,1.0,11.0
113.0,12.0,2.0,2.0,42.0,95.0,2.0,5.0
113.0,13.0,2.0,2.0,14.0,95.0,2.0,2.0
113.0,14.0,2.0,2.0,21.0,12.0,2.0,5.0
113.0,15.0,2.0,2.0,42.0,95.0,2.0,4.0
113.0,16.0,2.0,2.0,14.0,95.0,2.0,4.0
113.0,17.0,2.0,2.0,21.0,12.0,2.0,8.0
113.0,18.0,2.0,2.0,14.0,95.0,2.0,6.0
113.0,19.0,2.0,2.0,51.0,95.0,3.0,8.0
113.0,20.0,2.0,2.0,21.0,95.0,2.0,6.0
114.0,1.0,2.0,2.0,31.0,95.0,1.0,4.0
114.0,2.0,2.0,2.0,81.0,95.0,2.0,4.0
114.0,3.0,2.0,2.0,81.0,95.0,2.0,5.0
114.0,4.0,2.0,2.0,,,,
114.0,5.0,2.0,2.0,14.0,95.0,2.0,4.0
114.0,6.0,2.0,2.0,81.0,95.0,1.0,5.0
114.0,7.0,2.0,2.0,81.0,95.0,2.0,1.0
114.0,8.0,2.0,2.0,81.0,95.0,1.0,5.0
114.0,9.0,2.0,2.0,14.0,95.0,3.0,3.0
114.0,10.0,2.0,2.0,21.0,95.0,2.0,10.0
114.0,11.0,2.0,2.0,31.0,95.0,2.0,8.0
114.0,12.0,2.0,2.0,21.0,95.0,2.0,8.0
114.0,13.0,2.0,2.0,81.0,95.0,2.0,2.0
114.0,14.0,2.0,2.0,81.0,95.0,2.0,1.0
114.0,15.0,2.0,2.0,14.0,95.0,2.0,7.0
114.0,16.0,2.0,2.0,14.0,95.0,3.0,1.0
114.0,17.0,2.0,2.0,21.0,23.0,2.0,4.0
114.0,18.0,2.0,2.0,42.0,95.0,2.0,4.0
114.0,19.0,2.0,2.0,32.0,95.0,2.0,5.0
114.0,20.0,2.0,2.0,,,,
115.0,1.0,2.0,2.0,14.0,95.0,3.0,2.0
115.0,2.0,2.0,2.0,14.0,95.0,2.0,6.0
115.0,3.0,2.0,2.0,21.0,95.0,2.0,3.0
115.0,4.0,2.0,2.0,31.0,95.0,2.0,4.0
115.0,5.0,2.0,2.0,21.0,95.0,3.0,4.0
115.0,6.0,2.0,2.0,31.0,95.0,1.0,5.0
115.0,7.0,2.0,2.0,21.0,95.0,2.0,1.0
115.0,8.0,2.0,2.0,21.0,95.0,3.0,6.0
115.0,9.0,2.0,2.0,21.0,95.0,2.0,2.0
115.0,10.0,2.0,2.0,21.0,95.0,2.0,3.0
115.0,11.0,2.0,2.0,21.0,95.0,3.0,6.0
115.0,12.0,2.0,2.0,21.0,95.0,2.0,1.0
115.0,13.0,2.0,2.0,21.0,95.0,3.0,6.0
115.0,14.0,2.0,2.0,21.0,95.0,1.0,1.0
115.0,15.0,2.0,2.0,14.0,95.0,2.0,4.0
115.0,16.0,2.0,2.0,,,,
115.0,17.0,2.0,2.0,14.0,95.0,2.0,13.0
115.0,18.0,2.0,2.0,51.0,95.0,2.0,5.0
115.0,19.0,2.0,2.0,21.0,95.0,2.0,8.0
115.0,20.0,2.0,2.0,21.0,95.0,3.0,7.0
116.0,1.0,2.0,2.0,32.0,95.0,2.0,7.0
116.0,2.0,2.0,2.0,81.0,95.0,1.0,7.0
116.0,3.0,2.0,2.0,32.0,95.0,1.0,2.0
116.0,4.0,2.0,2.0,32.0,95.0,1.0,4.0
116.0,5.0,2.0,2.0,81.0,95.0,1.0,9.0
116.0,6.0,2.0,2.0,32.0,95.0,2.0,4.0
116.0,7.0,2.0,2.0,32.0,95.0,2.0,10.0
116.0,8.0,2.0,2.0,32.0,95.0,2.0,1.0
116.0,9.0,2.0,2.0,32.0,95.0,1.0,1.0
116.0,10.0,2.0,2.0,32.0,95.0,2.0,2.0
116.0,11.0,2.0,2.0,31.0,95.0,3.0,8.0
116.0,12.0,2.0,2.0,31.0,95.0,2.0,5.0
116.0,13.0,2.0,2.0,31.0,95.0,2.0,8.0
116.0,14.0,2.0,2.0,31.0,95.0,3.0,5.0
116.0,15.0,2.0,2.0,31.0,95.0,1.0,1.0
116.0,16.0,2.0,2.0,21.0,95.0,3.0,3.0
116.0,17.0,2.0,2.0,21.0,95.0,2.0,15.0
116.0,18.0,2.0,2.0,21.0,95.0,3.0,2.0
116.0,19.0,2.0,2.0,21.0,95.0,2.0,6.0
116.0,20.0,2.0,2.0,21.0,95.0,2.0,3.0
117.0,1.0,2.0,2.0,21.0,95.0,3.0,3.0
117.0,2.0,2.0,2.0,21.0,95.0,2.0,4.0
117.0,3.0,2.0,2.0,21.0,95.0,2.0,4.0
117.0,4.0,2.0,2.0,21.0,95.0,1.0,7.0
117.0,5.0,2.0,2.0,81.0,95.0,1.0,5.0
117.0,6.0,2.0,2.0,14.0,95.0,1.0,3.0
117.0,7.0,2.0,2.0,21.0,95.0,1.0,9.0
117.0,8.0,2.0,2.0,21.0,95.0,1.0,6.0
117.0,9.0,2.0,2.0,81.0,95.0,2.0,3.0
117.0,10.0,2.0,2.0,14.0,95.0,1.0,5.0
117.0,11.0,2.0,2.0,21.0,95.0,2.0,8.0
117.0,12.0,2.0,2.0,21.0,95.0,2.0,5.0
117.0,13.0,2.0,2.0,21.0,95.0,3.0,9.0
117.0,14.0,2.0,2.0,21.0,95.0,2.0,8.0
117.0,15.0,2.0,2.0,,,,
117.0,16.0,2.0,2.0,21.0,95.0,2.0,6.0
117.0,17.0,2.0,2.0,21.0,95.0,1.0,8.0
117.0,18.0,2.0,2.0,21.0,95.0,1.0,2.0
117.0,19.0,2.0,2.0,21.0,95.0,1.0,3.0
117.0,20.0,2.0,2.0,81.0,95.0,1.0,4.0
118.0,1.0,2.0,2.0,21.0,95.0,3.0,2.0
118.0,2.0,2.0,2.0,81.0,95.0,1.0,6.0
118.0,3.0,2.0,2.0,14.0,95.0,2.0,6.0
118.0,4.0,2.0,2.0,21.0,95.0,1.0,2.0
118.0,5.0,2.0,2.0,21.0,95.0,2.0,4.0
118.0,6.0,2.0,2.0,14.0,23.0,3.0,4.0
118.0,7.0,2.0,2.0,81.0,95.0,1.0,8.0
118.0,8.0,2.0,2.0,42.0,95.0,1.0,4.0
118.0,9.0,2.0,2.0,81.0,95.0,1.0,4.0
118.0,10.0,2.0,2.0,81.0,95.0,1.0,6.0
118.0,11.0,2.0,2.0,14.0,95.0,2.0,5.0
118.0,12.0,2.0,2.0,,,,
118.0,13.0,2.0,2.0,21.0,95.0,3.0,1.0
118.0,14.0,2.0,2.0,,,,
118.0,15.0,2.0,2.0,81.0,95.0,1.0,5.0
118.0,16.0,2.0,2.0,21.0,95.0,1.0,1.0
118.0,17.0,2.0,2.0,81.0,95.0,1.0,3.0
118.0,18.0,2.0,2.0,32.0,23.0,2.0,4.0
118.0,19.0,2.0,2.0,32.0,95.0,2.0,5.0
118.0,20.0,2.0,2.0,14.0,95.0,3.0,1.0
119.0,1.0,2.0,2.0,14.0,95.0,2.0,7.0
119.0,2.0,2.0,2.0,14.0,95.0,2.0,6.0
119.0,3.0,2.0,2.0,14.0,95.0,1.0,5.0
119.0,4.0,2.0,2.0,14.0,95.0,3.0,3.0
119.0,5.0,2.0,2.0,14.0,95.0,3.0,1.0
119.0,6.0,2.0,2.0,14.0,95.0,2.0,3.0
119.0,7.0,2.0,2.0,32.0,95.0,2.0,5.0
119.0,8.0,2.0,2.0,41.0,95.0,2.0,3.0
119.0,9.0,2.0,2.0,31.0,95.0,2.0,6.0
119.0,10.0,2.0,2.0,14.0,95.0,2.0,3.0
119.0,11.0,2.0,2.0,41.0,95.0,3.0,4.0
119.0,12.0,2.0,2.0,14.0,95.0,3.0,3.0
119.0,13.0,2.0,2.0,14.0,95.0,2.0,4.0
119.0,14.0,2.0,2.0,14.0,95.0,2.0,2.0
119.0,15.0,2.0,2.0,14.0,95.0,2.0,3.0
119.0,16.0,2.0,2.0,14.0,95.0,2.0,4.0
119.0,17.0,2.0,2.0,21.0,95.0,3.0,4.0
119.0,18.0,2.0,2.0,21.0,95.0,2.0,1.0
119.0,19.0,2.0,2.0,14.0,95.0,2.0,4.0
119.0,20.0,2.0,2.0,21.0,95.0,2.0,2.0
120.0,1.0,2.0,2.0,14.0,95.0,2.0,1.0
120.0,2.0,2.0,2.0,12.0,22.0,4.0,11.0
120.0,3.0,2.0,2.0,12.0,12.0,4.0,7.0
120.0,4.0,2.0,2.0,12.0,22.0,3.0,5.0
120.0,5.0,2.0,2.0,,,,
120.0,6.0,2.0,2.0,41.0,95.0,1.0,8.0
120.0,7.0,2.0,2.0,13.0,95.0,1.0,1.0
120.0,8.0,2.0,2.0,41.0,95.0,3.0,6.0
120.0,9.0,2.0,2.0,13.0,22.0,1.0,4.0
120.0,10.0,2.0,2.0,,,,
120.0,11.0,2.0,2.0,14.0,95.0,3.0,5.0
120.0,12.0,2.0,2.0,12.0,95.0,4.0,3.0
120.0,13.0,2.0,2.0,14.0,22.0,3.0,3.0
120.0,14.0,2.0,2.0,41.0,95.0,3.0,3.0
120.0,15.0,2.0,2.0,12.0,95.0,3.0,1.0
120.0,16.0,2.0,2.0,12.0,95.0,4.0,13.0
120.0,17.0,2.0,2.0,14.0,95.0,4.0,3.0
120.0,18.0,2.0,2.0,13.0,95.0,2.0,7.0
120.0,19.0,2.0,2.0,13.0,95.0,4.0,7.0
120.0,20.0,2.0,2.0,12.0,12.0,5.0,6.0
121.0,1.0,1.0,3.0,21.0,23.0,5.0,7.0
121.0,2.0,1.0,3.0,41.0,95.0,4.0,10.0
121.0,3.0,1.0,3.0,31.0,22.0,4.0,3.0
121.0,4.0,1.0,3.0,31.0,21.0,3.0,1.0
121.0,5.0,1.0,3.0,21.0,22.0,5.0,1.0
121.0,6.0,1.0,3.0,32.0,22.0,3.0,7.0
121.0,7.0,1.0,3.0,31.0,21.0,5.0,5.0
121.0,8.0,1.0,3.0,21.0,12.0,4.0,7.0
121.0,9.0,1.0,3.0,92.0,12.0,5.0,3.0
121.0,10.0,1.0,3.0,31.0,12.0,5.0,5.0
121.0,11.0,1.0,3.0,31.0,95.0,3.0,3.0
121.0,12.0,1.0,3.0,14.0,12.0,5.0,2.0
121.0,13.0,1.0,3.0,21.0,12.0,5.0,3.0
121.0,14.0,1.0,3.0,21.0,12.0,4.0,3.0
121.0,15.0,1.0,3.0,31.0,12.0,5.0,1.0
121.0,16.0,1.0,3.0,21.0,22.0,3.0,1.0
121.0,17.0,1.0,3.0,21.0,21.0,3.0,18.0
121.0,18.0,1.0,3.0,,,,
121.0,19.0,1.0,3.0,31.0,12.0,4.0,1.0
121.0,20.0,1.0,3.0,32.0,95.0,4.0,2.0
122.0,1.0,1.0,3.0,14.0,21.0,3.0,5.0
122.0,2.0,1.0,3.0,21.0,22.0,4.0,5.0
122.0,3.0,1.0,3.0,,,,
122.0,4.0,1.0,3.0,92.0,12.0,5.0,1.0
122.0,5.0,1.0,3.0,14.0,96.0,4.0,3.0
122.0,6.0,1.0,3.0,14.0,22.0,4.0,1.0
122.0,7.0,1.0,3.0,14.0,22.0,3.0,5.0
122.0,8.0,1.0,3.0,12.0,21.0,4.0,1.0
122.0,9.0,1.0,3.0,41.0,23.0,3.0,3.0
122.0,10.0,1.0,3.0,14.0,13.0,4.0,5.0
122.0,11.0,1.0,3.0,21.0,95.0,3.0,3.0
122.0,12.0,1.0,3.0,11.0,21.0,5.0,8.0
122.0,13.0,1.0,3.0,92.0,23.0,3.0,2.0
122.0,14.0,1.0,3.0,14.0,23.0,3.0,1.0
122.0,15.0,1.0,3.0,12.0,22.0,5.0,2.0
122.0,16.0,1.0,3.0,92.0,12.0,5.0,3.0
122.0,17.0,1.0,3.0,14.0,23.0,3.0,1.0
122.0,18.0,1.0,3.0,14.0,23.0,3.0,1.0
122.0,19.0,1.0,3.0,31.0,22.0,4.0,10.0
122.0,20.0,1.0,3.0,14.0,95.0,3.0,1.0
123.0,1.0,1.0,3.0,31.0,21.0,4.0,4.0
123.0,2.0,1.0,3.0,32.0,21.0,3.0,9.0
123.0,3.0,1.0,3.0,41.0,21.0,4.0,9.0
123.0,4.0,1.0,3.0,31.0,12.0,5.0,4.0
123.0,5.0,1.0,3.0,31.0,21.0,4.0,22.0
123.0,6.0,1.0,3.0,31.0,95.0,4.0,1.0
123.0,7.0,1.0,3.0,31.0,12.0,4.0,3.0
123.0,8.0,1.0,3.0,32.0,22.0,4.0,10.0
123.0,9.0,1.0,3.0,31.0,22.0,5.0,14.0
123.0,10.0,1.0,3.0,14.0,21.0,4.0,8.0
123.0,11.0,1.0,3.0,41.0,21.0,3.0,6.0
123.0,12.0,1.0,3.0,32.0,22.0,4.0,1.0
123.0,13.0,1.0,3.0,21.0,96.0,4.0,6.0
123.0,14.0,1.0,3.0,32.0,21.0,4.0,7.0
123.0,15.0,1.0,3.0,32.0,21.0,2.0,3.0
123.0,16.0,1.0,3.0,31.0,21.0,3.0,1.0
123.0,17.0,1.0,3.0,31.0,21.0,3.0,8.0
123.0,18.0,1.0,3.0,31.0,21.0,3.0,8.0
123.0,19.0,1.0,3.0,32.0,95.0,3.0,1.0
123.0,20.0,1.0,3.0,32.0,95.0,4.0,4.0
124.0,1.0,1.0,3.0,12.0,12.0,5.0,6.0
124.0,2.0,1.0,3.0,14.0,95.0,3.0,3.0
124.0,3.0,1.0,3.0,,,,
124.0,4.0,1.0,3.0,31.0,21.0,4.0,1.0
124.0,5.0,1.0,3.0,14.0,21.0,4.0,1.0
124.0,6.0,1.0,3.0,31.0,22.0,4.0,6.0
124.0,7.0,1.0,3.0,14.0,12.0,5.0,5.0
124.0,8.0,1.0,3.0,21.0,21.0,4.0,2.0
124.0,9.0,1.0,3.0,31.0,22.0,4.0,4.0
124.0,10.0,1.0,3.0,21.0,21.0,4.0,2.0
124.0,11.0,1.0,3.0,12.0,22.0,4.0,4.0
124.0,12.0,1.0,3.0,21.0,12.0,4.0,7.0
124.0,13.0,1.0,3.0,11.0,22.0,5.0,12.0
124.0,14.0,1.0,3.0,11.0,12.0,5.0,6.0
124.0,15.0,1.0,3.0,14.0,22.0,4.0,6.0
124.0,16.0,1.0,3.0,14.0,21.0,3.0,11.0
124.0,17.0,1.0,3.0,21.0,18.0,4.0,2.0
124.0,18.0,1.0,3.0,11.0,12.0,5.0,8.0
124.0,19.0,1.0,3.0,13.0,31.0,4.0,5.0
124.0,20.0,1.0,3.0,31.0,21.0,4.0,2.0
125.0,1.0,1.0,3.0,31.0,95.0,3.0,8.0
125.0,2.0,1.0,3.0,31.0,22.0,3.0,1.0
125.0,3.0,1.0,3.0,14.0,22.0,3.0,1.0
125.0,4.0,1.0,3.0,14.0,95.0,3.0,3.0
125.0,5.0,1.0,3.0,14.0,95.0,4.0,9.0
125.0,6.0,1.0,3.0,14.0,95.0,4.0,4.0
125.0,7.0,1.0,3.0,31.0,95.0,3.0,2.0
125.0,8.0,1.0,3.0,13.0,21.0,3.0,1.0
125.0,9.0,1.0,3.0,32.0,23.0,3.0,3.0
125.0,10.0,1.0,3.0,14.0,21.0,3.0,3.0
125.0,11.0,1.0,3.0,21.0,95.0,4.0,10.0
125.0,12.0,1.0,3.0,32.0,13.0,4.0,5.0
125.0,13.0,1.0,3.0,14.0,12.0,4.0,1.0
125.0,14.0,1.0,3.0,21.0,95.0,4.0,4.0
125.0,15.0,1.0,3.0,14.0,95.0,3.0,1.0
125.0,16.0,1.0,3.0,21.0,95.0,3.0,1.0
125.0,17.0,1.0,3.0,21.0,22.0,3.0,3.0
125.0,18.0,1.0,3.0,31.0,95.0,3.0,3.0
125.0,19.0,1.0,3.0,21.0,21.0,4.0,4.0
125.0,20.0,1.0,3.0,31.0,22.0,4.0,2.0
126.0,1.0,1.0,3.0,13.0,95.0,3.0,1.0
126.0,2.0,1.0,3.0,14.0,21.0,4.0,3.0
126.0,3.0,1.0,3.0,21.0,95.0,3.0,4.0
126.0,4.0,1.0,3.0,31.0,21.0,4.0,2.0
126.0,5.0,1.0,3.0,12.0,21.0,4.0,12.0
126.0,6.0,1.0,3.0,21.0,95.0,3.0,6.0
126.0,7.0,1.0,3.0,31.0,21.0,3.0,1.0
126.0,8.0,1.0,3.0,21.0,95.0,4.0,5.0
126.0,9.0,1.0,3.0,13.0,21.0,4.0,1.0
126.0,10.0,1.0,3.0,92.0,22.0,5.0,1.0
126.0,11.0,1.0,3.0,21.0,21.0,5.0,5.0
126.0,12.0,1.0,3.0,14.0,12.0,5.0,1.0
126.0,13.0,1.0,3.0,12.0,12.0,4.0,1.0
126.0,14.0,1.0,3.0,21.0,12.0,3.0,1.0
126.0,15.0,1.0,3.0,14.0,95.0,3.0,1.0
126.0,16.0,1.0,3.0,14.0,22.0,4.0,4.0
126.0,17.0,1.0,3.0,,,,
126.0,18.0,1.0,3.0,31.0,21.0,4.0,2.0
126.0,19.0,1.0,3.0,13.0,22.0,4.0,6.0
126.0,20.0,1.0,3.0,14.0,21.0,5.0,1.0
127.0,1.0,1.0,3.0,12.0,12.0,5.0,5.0
127.0,2.0,1.0,3.0,21.0,18.0,5.0,9.0
127.0,3.0,1.0,3.0,,,,
127.0,4.0,1.0,3.0,14.0,21.0,4.0,1.0
127.0,5.0,1.0,3.0,21.0,21.0,4.0,1.0
127.0,6.0,1.0,3.0,13.0,22.0,5.0,5.0
127.0,7.0,1.0,3.0,11.0,12.0,5.0,7.0
127.0,8.0,1.0,3.0,14.0,21.0,4.0,6.0
127.0,9.0,1.0,3.0,31.0,22.0,3.0,3.0
127.0,10.0,1.0,3.0,14.0,22.0,4.0,3.0
127.0,11.0,1.0,3.0,11.0,12.0,5.0,3.0
127.0,12.0,1.0,3.0,,,,
127.0,13.0,1.0,3.0,13.0,95.0,3.0,4.0
127.0,14.0,1.0,3.0,14.0,12.0,4.0,2.0
127.0,15.0,1.0,3.0,11.0,21.0,5.0,3.0
127.0,16.0,1.0,3.0,,,,
127.0,17.0,1.0,3.0,21.0,21.0,5.0,2.0
127.0,18.0,1.0,3.0,21.0,21.0,4.0,5.0
127.0,19.0,1.0,3.0,21.0,12.0,5.0,4.0
127.0,20.0,1.0,3.0,11.0,13.0,5.0,4.0
128.0,1.0,1.0,3.0,14.0,23.0,3.0,4.0
128.0,2.0,1.0,3.0,14.0,21.0,4.0,2.0
128.0,3.0,1.0,3.0,14.0,21.0,4.0,10.0
128.0,4.0,1.0,3.0,14.0,21.0,4.0,2.0
128.0,5.0,1.0,3.0,31.0,21.0,3.0,1.0
128.0,6.0,1.0,3.0,14.0,21.0,4.0,4.0
128.0,7.0,1.0,3.0,21.0,95.0,4.0,6.0
128.0,8.0,1.0,3.0,21.0,22.0,3.0,1.0
128.0,9.0,1.0,3.0,14.0,95.0,4.0,5.0
128.0,10.0,1.0,3.0,12.0,12.0,5.0,4.0
128.0,11.0,1.0,3.0,14.0,23.0,3.0,3.0
128.0,12.0,1.0,3.0,21.0,21.0,5.0,6.0
128.0,13.0,1.0,3.0,21.0,21.0,4.0,7.0
128.0,14.0,1.0,3.0,92.0,21.0,4.0,2.0
128.0,15.0,1.0,3.0,14.0,21.0,4.0,5.0
128.0,16.0,1.0,3.0,14.0,95.0,3.0,1.0
128.0,17.0,1.0,3.0,21.0,22.0,3.0,6.0
128.0,18.0,1.0,3.0,14.0,21.0,4.0,2.0
128.0,19.0,1.0,3.0,14.0,21.0,3.0,4.0
128.0,20.0,1.0,3.0,12.0,21.0,5.0,16.0
129.0,1.0,1.0,3.0,32.0,23.0,4.0,4.0
129.0,2.0,1.0,3.0,31.0,95.0,4.0,4.0
129.0,3.0,1.0,3.0,32.0,95.0,4.0,6.0
129.0,4.0,1.0,3.0,32.0,95.0,4.0,8.0
129.0,5.0,1.0,3.0,11.0,12.0,5.0,3.0
129.0,6.0,1.0,3.0,32.0,95.0,4.0,1.0
129.0,7.0,1.0,3.0,32.0,95.0,4.0,8.0
129.0,8.0,1.0,3.0,31.0,95.0,4.0,1.0
129.0,9.0,1.0,3.0,,,,
129.0,10.0,1.0,3.0,32.0,95.0,4.0,2.0
129.0,11.0,1.0,3.0,31.0,95.0,4.0,4.0
129.0,12.0,1.0,3.0,31.0,31.0,4.0,7.0
129.0,13.0,1.0,3.0,31.0,23.0,3.0,2.0
129.0,14.0,1.0,3.0,,,,
129.0,15.0,1.0,3.0,32.0,95.0,4.0,8.0
129.0,16.0,1.0,3.0,31.0,95.0,4.0,4.0
129.0,17.0,1.0,3.0,13.0,22.0,5.0,1.0
129.0,18.0,1.0,3.0,32.0,95.0,4.0,4.0
129.0,19.0,1.0,3.0,32.0,95.0,4.0,1.0
129.0,20.0,1.0,3.0,32.0,95.0,3.0,6.0
130.0,1.0,1.0,3.0,13.0,21.0,4.0,3.0
130.0,2.0,1.0,3.0,31.0,95.0,3.0,4.0
130.0,3.0,1.0,3.0,32.0,31.0,4.0,4.0
130.0,4.0,1.0,3.0,31.0,95.0,3.0,3.0
130.0,5.0,1.0,3.0,14.0,22.0,5.0,6.0
130.0,6.0,1.0,3.0,12.0,13.0,4.0,1.0
130.0,7.0,1.0,3.0,32.0,95.0,3.0,4.0
130.0,8.0,1.0,3.0,12.0,12.0,5.0,5.0
130.0,9.0,1.0,3.0,,,,
130.0,10.0,1.0,3.0,31.0,95.0,4.0,5.0
130.0,11.0,1.0,3.0,31.0,23.0,4.0,3.0
130.0,12.0,1.0,3.0,41.0,23.0,4.0,2.0
130.0,13.0,1.0,3.0,14.0,22.0,4.0,4.0
130.0,14.0,1.0,3.0,32.0,95.0,4.0,3.0
130.0,15.0,1.0,3.0,31.0,13.0,5.0,10.0
130.0,16.0,1.0,3.0,31.0,95.0,4.0,4.0
130.0,17.0,1.0,3.0,31.0,95.0,3.0,1.0
130.0,18.0,1.0,3.0,31.0,95.0,4.0,3.0
130.0,19.0,1.0,3.0,31.0,22.0,4.0,4.0
130.0,20.0,1.0,3.0,31.0,95.0,4.0,1.0
131.0,1.0,1.0,3.0,32.0,22.0,4.0,1.0
131.0,2.0,1.0,3.0,92.0,95.0,4.0,1.0
131.0,3.0,1.0,3.0,21.0,21.0,4.0,4.0
131.0,4.0,1.0,3.0,31.0,21.0,5.0,1.0
131.0,5.0,1.0,3.0,14.0,12.0,5.0,4.0
131.0,6.0,1.0,3.0,91.0,22.0,5.0,1.0
131.0,7.0,1.0,3.0,,,,
131.0,8.0,1.0,3.0,14.0,21.0,3.0,4.0
131.0,9.0,1.0,3.0,31.0,12.0,5.0,3.0
131.0,10.0,1.0,3.0,32.0,95.0,3.0,4.0
131.0,11.0,1.0,3.0,14.0,31.0,3.0,5.0
131.0,12.0,1.0,3.0,31.0,95.0,4.0,3.0
131.0,13.0,1.0,3.0,31.0,21.0,3.0,3.0
131.0,14.0,1.0,3.0,31.0,21.0,4.0,5.0
131.0,15.0,1.0,3.0,31.0,21.0,3.0,12.0
131.0,16.0,1.0,3.0,31.0,12.0,5.0,3.0
131.0,17.0,1.0,3.0,21.0,12.0,4.0,2.0
131.0,18.0,1.0,3.0,21.0,23.0,4.0,5.0
131.0,19.0,1.0,3.0,21.0,95.0,4.0,3.0
131.0,20.0,1.0,3.0,21.0,31.0,5.0,8.0
132.0,1.0,2.0,3.0,,,,
132.0,2.0,2.0,3.0,21.0,95.0,2.0,1.0
132.0,3.0,2.0,3.0,21.0,95.0,1.0,5.0
132.0,4.0,2.0,3.0,31.0,95.0,1.0,6.0
132.0,5.0,2.0,3.0,21.0,95.0,1.0,13.0
132.0,6.0,2.0,3.0,81.0,95.0,2.0,3.0
132.0,7.0,2.0,3.0,31.0,95.0,2.0,2.0
132.0,8.0,2.0,3.0,81.0,95.0,2.0,3.0
132.0,9.0,2.0,3.0,81.0,95.0,1.0,5.0
132.0,10.0,2.0,3.0,32.0,95.0,2.0,11.0
132.0,11.0,2.0,3.0,21.0,95.0,3.0,5.0
132.0,12.0,2.0,3.0,32.0,95.0,1.0,4.0
132.0,13.0,2.0,3.0,,,,
132.0,14.0,2.0,3.0,21.0,95.0,1.0,5.0
132.0,15.0,2.0,3.0,32.0,95.0,2.0,15.0
132.0,16.0,2.0,3.0,31.0,95.0,2.0,11.0
132.0,17.0,2.0,3.0,81.0,95.0,1.0,1.0
132.0,18.0,2.0,3.0,21.0,95.0,2.0,2.0
132.0,19.0,2.0,3.0,81.0,95.0,2.0,3.0
132.0,20.0,2.0,3.0,31.0,95.0,2.0,18.0
133.0,1.0,2.0,3.0,31.0,12.0,5.0,6.0
133.0,2.0,2.0,3.0,31.0,95.0,3.0,9.0
133.0,3.0,2.0,3.0,31.0,95.0,3.0,3.0
133.0,4.0,2.0,3.0,41.0,95.0,4.0,9.0
133.0,5.0,2.0,3.0,41.0,21.0,5.0,5.0
133.0,6.0,2.0,3.0,31.0,21.0,4.0,2.0
133.0,7.0,2.0,3.0,31.0,21.0,4.0,9.0
133.0,8.0,2.0,3.0,31.0,95.0,3.0,3.0
133.0,9.0,2.0,3.0,32.0,95.0,3.0,6.0
133.0,10.0,2.0,3.0,31.0,95.0,3.0,5.0
133.0,11.0,2.0,3.0,31.0,21.0,5.0,4.0
133.0,12.0,2.0,3.0,31.0,21.0,4.0,6.0
133.0,13.0,2.0,3.0,,,,
133.0,14.0,2.0,3.0,31.0,22.0,5.0,11.0
133.0,15.0,2.0,3.0,31.0,95.0,3.0,6.0
133.0,16.0,2.0,3.0,31.0,95.0,4.0,1.0
133.0,17.0,2.0,3.0,31.0,12.0,5.0,3.0
133.0,18.0,2.0,3.0,31.0,95.0,2.0,2.0
133.0,19.0,2.0,3.0,31.0,21.0,3.0,5.0
133.0,20.0,2.0,3.0,21.0,95.0,3.0,9.0
134.0,1.0,2.0,3.0,14.0,95.0,3.0,2.0
134.0,2.0,2.0,3.0,31.0,95.0,5.0,11.0
134.0,3.0,2.0,3.0,21.0,95.0,3.0,4.0
134.0,4.0,2.0,3.0,14.0,95.0,2.0,4.0
134.0,5.0,2.0,3.0,21.0,95.0,3.0,6.0
134.0,6.0,2.0,3.0,31.0,95.0,3.0,10.0
134.0,7.0,2.0,3.0,21.0,95.0,4.0,2.0
134.0,8.0,2.0,3.0,31.0,95.0,1.0,5.0
134.0,9.0,2.0,3.0,21.0,95.0,3.0,7.0
134.0,10.0,2.0,3.0,21.0,95.0,3.0,14.0
134.0,11.0,2.0,3.0,31.0,95.0,3.0,8.0
134.0,12.0,2.0,3.0,14.0,22.0,3.0,1.0
134.0,13.0,2.0,3.0,31.0,95.0,3.0,9.0
134.0,14.0,2.0,3.0,21.0,95.0,3.0,7.0
134.0,15.0,2.0,3.0,21.0,95.0,3.0,7.0
134.0,16.0,2.0,3.0,32.0,95.0,3.0,9.0
134.0,17.0,2.0,3.0,92.0,95.0,5.0,9.0
134.0,18.0,2.0,3.0,21.0,95.0,3.0,6.0
134.0,19.0,2.0,3.0,31.0,95.0,4.0,6.0
134.0,20.0,2.0,3.0,21.0,95.0,3.0,4.0
135.0,1.0,2.0,3.0,31.0,95.0,2.0,4.0
135.0,2.0,2.0,3.0,31.0,95.0,2.0,5.0
135.0,3.0,2.0,3.0,31.0,95.0,3.0,5.0
135.0,4.0,2.0,3.0,31.0,95.0,2.0,10.0
135.0,5.0,2.0,3.0,31.0,95.0,1.0,3.0
135.0,6.0,2.0,3.0,31.0,95.0,2.0,5.0
135.0,7.0,2.0,3.0,32.0,95.0,1.0,5.0
135.0,8.0,2.0,3.0,31.0,95.0,2.0,3.0
135.0,9.0,2.0,3.0,31.0,95.0,1.0,5.0
135.0,10.0,2.0,3.0,31.0,95.0,2.0,5.0
135.0,11.0,2.0,3.0,31.0,95.0,2.0,5.0
135.0,12.0,2.0,3.0,31.0,95.0,1.0,3.0
135.0,13.0,2.0,3.0,31.0,95.0,1.0,7.0
135.0,14.0,2.0,3.0,31.0,95.0,2.0,4.0
135.0,15.0,2.0,3.0,32.0,95.0,1.0,5.0
135.0,16.0,2.0,3.0,31.0,95.0,2.0,7.0
135.0,17.0,2.0,3.0,31.0,95.0,2.0,9.0
135.0,18.0,2.0,3.0,32.0,95.0,2.0,7.0
135.0,19.0,2.0,3.0,31.0,95.0,2.0,7.0
135.0,20.0,2.0,3.0,31.0,95.0,1.0,7.0
136.0,1.0,2.0,3.0,21.0,95.0,2.0,7.0
136.0,2.0,2.0,3.0,31.0,95.0,2.0,2.0
136.0,3.0,2.0,3.0,31.0,95.0,2.0,6.0
136.0,4.0,2.0,3.0,31.0,95.0,2.0,2.0
136.0,5.0,2.0,3.0,31.0,95.0,1.0,6.0
136.0,6.0,2.0,3.0,21.0,95.0,1.0,6.0
136.0,7.0,2.0,3.0,31.0,95.0,2.0,6.0
136.0,8.0,2.0,3.0,21.0,95.0,1.0,3.0
136.0,9.0,2.0,3.0,21.0,22.0,1.0,4.0
136.0,10.0,2.0,3.0,31.0,95.0,2.0,10.0
136.0,11.0,2.0,3.0,31.0,95.0,3.0,5.0
136.0,12.0,2.0,3.0,21.0,95.0,2.0,2.0
136.0,13.0,2.0,3.0,21.0,95.0,2.0,11.0
136.0,14.0,2.0,3.0,21.0,22.0,2.0,4.0
136.0,15.0,2.0,3.0,21.0,95.0,1.0,6.0
136.0,16.0,2.0,3.0,21.0,95.0,1.0,4.0
136.0,17.0,2.0,3.0,21.0,95.0,1.0,6.0
136.0,18.0,2.0,3.0,32.0,95.0,1.0,5.0
136.0,19.0,2.0,3.0,32.0,95.0,4.0,5.0
136.0,20.0,2.0,3.0,21.0,22.0,2.0,9.0
137.0,1.0,2.0,3.0,32.0,95.0,3.0,3.0
137.0,2.0,2.0,3.0,31.0,95.0,4.0,3.0
137.0,3.0,2.0,3.0,31.0,95.0,3.0,1.0
137.0,4.0,2.0,3.0,31.0,95.0,4.0,7.0
137.0,5.0,2.0,3.0,31.0,95.0,4.0,6.0
137.0,6.0,2.0,3.0,31.0,95.0,1.0,5.0
137.0,7.0,2.0,3.0,32.0,95.0,3.0,7.0
137.0,8.0,2.0,3.0,32.0,95.0,4.0,6.0
137.0,9.0,2.0,3.0,31.0,95.0,3.0,5.0
137.0,10.0,2.0,3.0,21.0,95.0,3.0,1.0
137.0,11.0,2.0,3.0,31.0,95.0,3.0,5.0
137.0,12.0,2.0,3.0,31.0,95.0,2.0,3.0
137.0,13.0,2.0,3.0,31.0,95.0,2.0,1.0
137.0,14.0,2.0,3.0,31.0,95.0,3.0,4.0
137.0,15.0,2.0,3.0,31.0,95.0,2.0,4.0
137.0,16.0,2.0,3.0,31.0,95.0,1.0,1.0
137.0,17.0,2.0,3.0,41.0,95.0,1.0,2.0
137.0,18.0,2.0,3.0,13.0,95.0,3.0,6.0
137.0,19.0,2.0,3.0,31.0,95.0,3.0,6.0
137.0,20.0,2.0,3.0,31.0,95.0,3.0,1.0
138.0,1.0,2.0,3.0,31.0,95.0,3.0,3.0
138.0,2.0,2.0,3.0,31.0,95.0,3.0,7.0
138.0,3.0,2.0,3.0,31.0,95.0,3.0,4.0
138.0,4.0,2.0,3.0,31.0,95.0,4.0,9.0
138.0,5.0,2.0,3.0,31.0,95.0,3.0,4.0
138.0,6.0,2.0,3.0,31.0,95.0,3.0,1.0
138.0,7.0,2.0,3.0,31.0,95.0,1.0,1.0
138.0,8.0,2.0,3.0,31.0,95.0,3.0,1.0
138.0,9.0,2.0,3.0,31.0,95.0,3.0,4.0
138.0,10.0,2.0,3.0,31.0,95.0,4.0,7.0
138.0,11.0,2.0,3.0,31.0,95.0,4.0,4.0
138.0,12.0,2.0,3.0,31.0,95.0,5.0,2.0
138.0,13.0,2.0,3.0,31.0,95.0,3.0,6.0
138.0,14.0,2.0,3.0,31.0,95.0,3.0,5.0
138.0,15.0,2.0,3.0,31.0,95.0,5.0,1.0
138.0,16.0,2.0,3.0,31.0,95.0,4.0,5.0
138.0,17.0,2.0,3.0,31.0,95.0,2.0,3.0
138.0,18.0,2.0,3.0,31.0,95.0,3.0,5.0
138.0,19.0,2.0,3.0,31.0,95.0,1.0,3.0
138.0,20.0,2.0,3.0,41.0,95.0,3.0,2.0
139.0,1.0,2.0,3.0,32.0,95.0,3.0,2.0
139.0,2.0,2.0,3.0,31.0,22.0,3.0,1.0
139.0,3.0,2.0,3.0,31.0,95.0,3.0,3.0
139.0,4.0,2.0,3.0,31.0,95.0,4.0,7.0
139.0,5.0,2.0,3.0,31.0,22.0,4.0,5.0
139.0,6.0,2.0,3.0,32.0,95.0,3.0,3.0
139.0,7.0,2.0,3.0,31.0,23.0,4.0,5.0
139.0,8.0,2.0,3.0,31.0,21.0,3.0,6.0
139.0,9.0,2.0,3.0,31.0,95.0,4.0,7.0
139.0,10.0,2.0,3.0,31.0,21.0,5.0,2.0
139.0,11.0,2.0,3.0,31.0,21.0,3.0,3.0
139.0,12.0,2.0,3.0,31.0,95.0,3.0,4.0
139.0,13.0,2.0,3.0,32.0,95.0,3.0,2.0
139.0,14.0,2.0,3.0,31.0,21.0,3.0,6.0
139.0,15.0,2.0,3.0,31.0,95.0,3.0,10.0
139.0,16.0,2.0,3.0,31.0,95.0,3.0,2.0
139.0,17.0,2.0,3.0,32.0,95.0,3.0,6.0
139.0,18.0,2.0,3.0,31.0,21.0,4.0,1.0
139.0,19.0,2.0,3.0,31.0,95.0,3.0,5.0
139.0,20.0,2.0,3.0,31.0,95.0,3.0,8.0
140.0,1.0,2.0,3.0,31.0,95.0,3.0,2.0
140.0,2.0,2.0,3.0,21.0,95.0,2.0,4.0
140.0,3.0,2.0,3.0,21.0,22.0,3.0,5.0
140.0,4.0,2.0,3.0,21.0,95.0,3.0,6.0
140.0,5.0,2.0,3.0,21.0,23.0,3.0,2.0
140.0,6.0,2.0,3.0,21.0,95.0,3.0,9.0
140.0,7.0,2.0,3.0,13.0,95.0,3.0,2.0
140.0,8.0,2.0,3.0,21.0,21.0,3.0,5.0
140.0,9.0,2.0,3.0,31.0,95.0,2.0,7.0
140.0,10.0,2.0,3.0,31.0,95.0,3.0,6.0
140.0,11.0,2.0,3.0,21.0,22.0,3.0,1.0
140.0,12.0,2.0,3.0,14.0,95.0,2.0,3.0
140.0,13.0,2.0,3.0,21.0,95.0,1.0,3.0
140.0,14.0,2.0,3.0,21.0,95.0,3.0,4.0
140.0,15.0,2.0,3.0,21.0,95.0,3.0,1.0
140.0,16.0,2.0,3.0,21.0,23.0,3.0,6.0
140.0,17.0,2.0,3.0,13.0,22.0,3.0,1.0
140.0,18.0,2.0,3.0,21.0,12.0,3.0,1.0
140.0,19.0,2.0,3.0,21.0,22.0,4.0,5.0
140.0,20.0,2.0,3.0,,,,
141.0,1.0,2.0,3.0,31.0,21.0,5.0,10.0
141.0,2.0,2.0,3.0,14.0,95.0,5.0,3.0
141.0,3.0,2.0,3.0,31.0,95.0,3.0,3.0
141.0,4.0,2.0,3.0,31.0,21.0,4.0,12.0
141.0,5.0,2.0,3.0,13.0,21.0,4.0,3.0
141.0,6.0,2.0,3.0,31.0,21.0,5.0,9.0
141.0,7.0,2.0,3.0,32.0,95.0,4.0,8.0
141.0,8.0,2.0,3.0,31.0,95.0,4.0,8.0
141.0,9.0,2.0,3.0,31.0,22.0,3.0,1.0
141.0,10.0,2.0,3.0,,,,
141.0,11.0,2.0,3.0,14.0,21.0,5.0,2.0
141.0,12.0,2.0,3.0,21.0,95.0,4.0,1.0
141.0,13.0,2.0,3.0,92.0,23.0,5.0,9.0
141.0,14.0,2.0,3.0,31.0,95.0,3.0,1.0
141.0,15.0,2.0,3.0,14.0,23.0,5.0,4.0
141.0,16.0,2.0,3.0,14.0,95.0,3.0,8.0
141.0,17.0,2.0,3.0,14.0,22.0,3.0,12.0
141.0,18.0,2.0,3.0,21.0,95.0,4.0,1.0
141.0,19.0,2.0,3.0,31.0,95.0,3.0,10.0
141.0,20.0,2.0,3.0,31.0,95.0,3.0,1.0
142.0,1.0,2.0,3.0,31.0,21.0,3.0,6.0
142.0,2.0,2.0,3.0,32.0,21.0,4.0,8.0
142.0,3.0,2.0,3.0,32.0,21.0,3.0,9.0
142.0,4.0,2.0,3.0,32.0,22.0,4.0,6.0
142.0,5.0,2.0,3.0,32.0,22.0,4.0,6.0
142.0,6.0,2.0,3.0,,,,
142.0,7.0,2.0,3.0,32.0,95.0,3.0,8.0
142.0,8.0,2.0,3.0,32.0,95.0,4.0,9.0
142.0,9.0,2.0,3.0,31.0,21.0,3.0,13.0
142.0,10.0,2.0,3.0,31.0,23.0,3.0,4.0
142.0,11.0,2.0,3.0,31.0,21.0,3.0,4.0
142.0,12.0,2.0,3.0,21.0,95.0,1.0,2.0
142.0,13.0,2.0,3.0,21.0,22.0,3.0,7.0
142.0,14.0,2.0,3.0,32.0,95.0,3.0,1.0
142.0,15.0,2.0,3.0,31.0,21.0,4.0,4.0
142.0,16.0,2.0,3.0,31.0,95.0,3.0,6.0
142.0,17.0,2.0,3.0,31.0,95.0,2.0,4.0
142.0,18.0,2.0,3.0,31.0,95.0,1.0,3.0
142.0,19.0,2.0,3.0,31.0,22.0,3.0,7.0
142.0,20.0,2.0,3.0,32.0,21.0,3.0,4.0
143.0,1.0,2.0,3.0,31.0,95.0,1.0,6.0
143.0,2.0,2.0,3.0,14.0,95.0,1.0,1.0
143.0,3.0,2.0,3.0,32.0,95.0,2.0,4.0
143.0,4.0,2.0,3.0,21.0,95.0,1.0,6.0
143.0,5.0,2.0,3.0,31.0,95.0,2.0,4.0
143.0,6.0,2.0,3.0,32.0,95.0,2.0,6.0
143.0,7.0,2.0,3.0,,,,
143.0,8.0,2.0,3.0,14.0,95.0,1.0,5.0
143.0,9.0,2.0,3.0,14.0,95.0,1.0,3.0
143.0,10.0,2.0,3.0,14.0,95.0,2.0,5.0
143.0,11.0,2.0,3.0,14.0,95.0,1.0,8.0
143.0,12.0,2.0,3.0,14.0,95.0,2.0,7.0
143.0,13.0,2.0,3.0,14.0,95.0,2.0,9.0
143.0,14.0,2.0,3.0,,,,
143.0,15.0,2.0,3.0,32.0,95.0,1.0,7.0
143.0,16.0,2.0,3.0,14.0,95.0,1.0,7.0
143.0,17.0,2.0,3.0,32.0,95.0,1.0,6.0
143.0,18.0,2.0,3.0,14.0,95.0,2.0,4.0
143.0,19.0,2.0,3.0,14.0,95.0,2.0,5.0
143.0,20.0,2.0,3.0,32.0,95.0,2.0,3.0
144.0,1.0,2.0,3.0,31.0,95.0,2.0,8.0
144.0,2.0,2.0,3.0,14.0,95.0,1.0,5.0
144.0,3.0,2.0,3.0,14.0,95.0,2.0,3.0
144.0,4.0,2.0,3.0,14.0,21.0,4.0,12.0
144.0,5.0,2.0,3.0,21.0,95.0,2.0,6.0
144.0,6.0,2.0,3.0,31.0,95.0,1.0,5.0
144.0,7.0,2.0,3.0,14.0,95.0,1.0,2.0
144.0,8.0,2.0,3.0,14.0,21.0,2.0,4.0
144.0,9.0,2.0,3.0,14.0,95.0,1.0,1.0
144.0,10.0,2.0,3.0,14.0,95.0,2.0,1.0
144.0,11.0,2.0,3.0,21.0,95.0,2.0,2.0
144.0,12.0,2.0,3.0,14.0,95.0,2.0,5.0
144.0,13.0,2.0,3.0,31.0,95.0,2.0,11.0
144.0,14.0,2.0,3.0,14.0,95.0,3.0,2.0
144.0,15.0,2.0,3.0,14.0,95.0,3.0,3.0
144.0,16.0,2.0,3.0,21.0,21.0,2.0,7.0
144.0,17.0,2.0,3.0,14.0,95.0,2.0,3.0
144.0,18.0,2.0,3.0,21.0,95.0,2.0,7.0
144.0,19.0,2.0,3.0,21.0,95.0,3.0,5.0
144.0,20.0,2.0,3.0,14.0,95.0,1.0,6.0
145.0,1.0,2.0,3.0,14.0,21.0,3.0,1.0
145.0,2.0,2.0,3.0,21.0,12.0,5.0,1.0
145.0,3.0,2.0,3.0,14.0,22.0,3.0,4.0
145.0,4.0,2.0,3.0,31.0,23.0,3.0,2.0
145.0,5.0,2.0,3.0,11.0,12.0,5.0,2.0
145.0,6.0,2.0,3.0,21.0,95.0,3.0,1.0
145.0,7.0,2.0,3.0,14.0,95.0,2.0,4.0
145.0,8.0,2.0,3.0,21.0,95.0,2.0,3.0
145.0,9.0,2.0,3.0,14.0,21.0,4.0,4.0
145.0,10.0,2.0,3.0,14.0,21.0,3.0,3.0
145.0,11.0,2.0,3.0,14.0,22.0,3.0,1.0
145.0,12.0,2.0,3.0,14.0,95.0,3.0,2.0
145.0,13.0,2.0,3.0,12.0,12.0,5.0,2.0
145.0,14.0,2.0,3.0,21.0,95.0,4.0,9.0
145.0,15.0,2.0,3.0,14.0,95.0,3.0,1.0
145.0,16.0,2.0,3.0,14.0,21.0,3.0,4.0
145.0,17.0,2.0,3.0,14.0,21.0,3.0,1.0
145.0,18.0,2.0,3.0,14.0,95.0,4.0,7.0
145.0,19.0,2.0,3.0,14.0,22.0,4.0,5.0
145.0,20.0,2.0,3.0,21.0,95.0,3.0,2.0
146.0,1.0,2.0,3.0,14.0,95.0,4.0,2.0
146.0,2.0,2.0,3.0,14.0,21.0,4.0,4.0
146.0,3.0,2.0,3.0,14.0,95.0,3.0,3.0
146.0,4.0,2.0,3.0,14.0,23.0,3.0,5.0
146.0,5.0,2.0,3.0,14.0,95.0,3.0,2.0
146.0,6.0,2.0,3.0,21.0,21.0,3.0,4.0
146.0,7.0,2.0,3.0,21.0,95.0,3.0,1.0
146.0,8.0,2.0,3.0,14.0,95.0,2.0,2.0
146.0,9.0,2.0,3.0,21.0,95.0,3.0,1.0
146.0,10.0,2.0,3.0,14.0,95.0,3.0,2.0
146.0,11.0,2.0,3.0,14.0,95.0,3.0,6.0
146.0,12.0,2.0,3.0,14.0,95.0,3.0,5.0
146.0,13.0,2.0,3.0,21.0,21.0,4.0,1.0
146.0,14.0,2.0,3.0,14.0,95.0,3.0,5.0
146.0,15.0,2.0,3.0,14.0,95.0,1.0,1.0
146.0,16.0,2.0,3.0,14.0,95.0,3.0,4.0
146.0,17.0,2.0,3.0,92.0,95.0,3.0,1.0
146.0,18.0,2.0,3.0,21.0,95.0,3.0,8.0
146.0,19.0,2.0,3.0,14.0,22.0,3.0,1.0
146.0,20.0,2.0,3.0,21.0,95.0,4.0,6.0
147.0,1.0,2.0,3.0,,,,
147.0,2.0,2.0,3.0,42.0,95.0,1.0,1.0
147.0,3.0,2.0,3.0,31.0,95.0,3.0,4.0
147.0,4.0,2.0,3.0,32.0,95.0,1.0,3.0
147.0,5.0,2.0,3.0,31.0,95.0,1.0,5.0
147.0,6.0,2.0,3.0,21.0,95.0,2.0,3.0
147.0,7.0,2.0,3.0,32.0,95.0,1.0,3.0
147.0,8.0,2.0,3.0,21.0,95.0,2.0,4.0
147.0,9.0,2.0,3.0,31.0,95.0,2.0,7.0
147.0,10.0,2.0,3.0,42.0,95.0,2.0,10.0
147.0,11.0,2.0,3.0,21.0,95.0,1.0,1.0
147.0,12.0,2.0,3.0,21.0,95.0,1.0,8.0
147.0,13.0,2.0,3.0,31.0,95.0,2.0,1.0
147.0,14.0,2.0,3.0,31.0,95.0,2.0,2.0
147.0,15.0,2.0,3.0,31.0,95.0,1.0,1.0
147.0,16.0,2.0,3.0,42.0,95.0,2.0,5.0
147.0,17.0,2.0,3.0,21.0,95.0,1.0,1.0
147.0,18.0,2.0,3.0,,,,
147.0,19.0,2.0,3.0,32.0,95.0,1.0,5.0
147.0,20.0,2.0,3.0,42.0,95.0,2.0,6.0
148.0,1.0,2.0,3.0,14.0,21.0,2.0,2.0
148.0,2.0,2.0,3.0,14.0,95.0,3.0,2.0
148.0,3.0,2.0,3.0,14.0,21.0,3.0,7.0
148.0,4.0,2.0,3.0,14.0,95.0,3.0,1.0
148.0,5.0,2.0,3.0,31.0,95.0,1.0,3.0
148.0,6.0,2.0,3.0,21.0,95.0,2.0,3.0
148.0,7.0,2.0,3.0,13.0,95.0,3.0,1.0
148.0,8.0,2.0,3.0,14.0,21.0,2.0,6.0
148.0,9.0,2.0,3.0,13.0,95.0,1.0,4.0
148.0,10.0,2.0,3.0,14.0,95.0,2.0,2.0
148.0,11.0,2.0,3.0,14.0,21.0,3.0,2.0
148.0,12.0,2.0,3.0,14.0,21.0,2.0,2.0
148.0,13.0,2.0,3.0,13.0,95.0,2.0,5.0
148.0,14.0,2.0,3.0,13.0,21.0,3.0,4.0
148.0,15.0,2.0,3.0,21.0,23.0,2.0,9.0
148.0,16.0,2.0,3.0,32.0,95.0,1.0,1.0
148.0,17.0,2.0,3.0,14.0,95.0,2.0,4.0
148.0,18.0,2.0,3.0,14.0,21.0,3.0,10.0
148.0,19.0,2.0,3.0,21.0,95.0,3.0,2.0
148.0,20.0,2.0,3.0,21.0,95.0,3.0,3.0
149.0,1.0,2.0,3.0,31.0,95.0,2.0,2.0
149.0,2.0,2.0,3.0,31.0,95.0,2.0,5.0
149.0,3.0,2.0,3.0,14.0,95.0,1.0,5.0
149.0,4.0,2.0,3.0,31.0,95.0,2.0,3.0
149.0,5.0,2.0,3.0,31.0,95.0,1.0,7.0
149.0,6.0,2.0,3.0,32.0,95.0,1.0,5.0
149.0,7.0,2.0,3.0,,,,
149.0,8.0,2.0,3.0,41.0,95.0,2.0,10.0
149.0,9.0,2.0,3.0,32.0,95.0,1.0,10.0
149.0,10.0,2.0,3.0,31.0,95.0,1.0,5.0
149.0,11.0,2.0,3.0,14.0,95.0,2.0,1.0
149.0,12.0,2.0,3.0,42.0,95.0,1.0,1.0
149.0,13.0,2.0,3.0,32.0,95.0,2.0,4.0
149.0,14.0,2.0,3.0,32.0,95.0,3.0,3.0
149.0,15.0,2.0,3.0,81.0,95.0,2.0,7.0
149.0,16.0,2.0,3.0,32.0,95.0,1.0,3.0
149.0,17.0,2.0,3.0,21.0,95.0,1.0,5.0
149.0,18.0,2.0,3.0,81.0,95.0,1.0,5.0
149.0,19.0,2.0,3.0,42.0,95.0,1.0,3.0
149.0,20.0,2.0,3.0,42.0,95.0,2.0,1.0
150.0,1.0,2.0,3.0,32.0,95.0,1.0,6.0
150.0,2.0,2.0,3.0,32.0,95.0,2.0,8.0
150.0,3.0,2.0,3.0,32.0,95.0,1.0,5.0
150.0,4.0,2.0,3.0,14.0,95.0,2.0,9.0
150.0,5.0,2.0,3.0,81.0,95.0,1.0,3.0
150.0,6.0,2.0,3.0,32.0,95.0,2.0,6.0
150.0,7.0,2.0,3.0,81.0,95.0,1.0,7.0
150.0,8.0,2.0,3.0,21.0,95.0,1.0,7.0
150.0,9.0,2.0,3.0,,,,
150.0,10.0,2.0,3.0,32.0,95.0,2.0,11.0
150.0,11.0,2.0,3.0,81.0,95.0,1.0,3.0
150.0,12.0,2.0,3.0,21.0,95.0,1.0,4.0
150.0,13.0,2.0,3.0,31.0,95.0,1.0,3.0
150.0,14.0,2.0,3.0,32.0,95.0,1.0,1.0
150.0,15.0,2.0,3.0,32.0,95.0,1.0,1.0
150.0,16.0,2.0,3.0,31.0,95.0,1.0,2.0
150.0,17.0,2.0,3.0,32.0,95.0,2.0,6.0
150.0,18.0,2.0,3.0,,,,
150.0,19.0,2.0,3.0,81.0,95.0,1.0,7.0
150.0,20.0,2.0,3.0,31.0,95.0,1.0,2.0
151.0,1.0,2.0,3.0,31.0,95.0,2.0,4.0
151.0,2.0,2.0,3.0,32.0,95.0,3.0,1.0
151.0,3.0,2.0,3.0,14.0,95.0,2.0,5.0
151.0,4.0,2.0,3.0,31.0,21.0,3.0,6.0
151.0,5.0,2.0,3.0,32.0,95.0,1.0,4.0
151.0,6.0,2.0,3.0,32.0,95.0,3.0,4.0
151.0,7.0,2.0,3.0,32.0,95.0,3.0,4.0
151.0,8.0,2.0,3.0,31.0,23.0,4.0,3.0
151.0,9.0,2.0,3.0,21.0,95.0,3.0,1.0
151.0,10.0,2.0,3.0,32.0,95.0,3.0,4.0
151.0,11.0,2.0,3.0,12.0,95.0,4.0,1.0
151.0,12.0,2.0,3.0,32.0,95.0,1.0,3.0
151.0,13.0,2.0,3.0,32.0,95.0,4.0,7.0
151.0,14.0,2.0,3.0,32.0,95.0,2.0,2.0
151.0,15.0,2.0,3.0,31.0,22.0,2.0,1.0
151.0,16.0,2.0,3.0,32.0,95.0,5.0,5.0
151.0,17.0,2.0,3.0,21.0,95.0,3.0,3.0
151.0,18.0,2.0,3.0,32.0,95.0,3.0,6.0
151.0,19.0,2.0,3.0,31.0,95.0,1.0,4.0
151.0,20.0,2.0,3.0,31.0,95.0,3.0,1.0
152.0,1.0,2.0,3.0,32.0,22.0,2.0,7.0
152.0,2.0,2.0,3.0,,,,
152.0,3.0,2.0,3.0,21.0,95.0,2.0,4.0
152.0,4.0,2.0,3.0,14.0,95.0,2.0,5.0
152.0,5.0,2.0,3.0,,,,
152.0,6.0,2.0,3.0,21.0,23.0,2.0,7.0
152.0,7.0,2.0,3.0,32.0,21.0,2.0,11.0
152.0,8.0,2.0,3.0,21.0,95.0,2.0,6.0
152.0,9.0,2.0,3.0,32.0,31.0,2.0,6.0
152.0,10.0,2.0,3.0,32.0,23.0,2.0,9.0
152.0,11.0,2.0,3.0,41.0,22.0,2.0,3.0
152.0,12.0,2.0,3.0,21.0,95.0,2.0,4.0
152.0,13.0,2.0,3.0,32.0,95.0,2.0,1.0
152.0,14.0,2.0,3.0,21.0,95.0,1.0,4.0
152.0,15.0,2.0,3.0,32.0,21.0,2.0,3.0
152.0,16.0,2.0,3.0,32.0,51.0,2.0,10.0
152.0,17.0,2.0,3.0,,,,
152.0,18.0,2.0,3.0,21.0,31.0,1.0,4.0
152.0,19.0,2.0,3.0,21.0,31.0,2.0,2.0
152.0,20.0,2.0,3.0,31.0,23.0,2.0,5.0
153.0,1.0,2.0,3.0,31.0,95.0,1.0,5.0
153.0,2.0,2.0,3.0,21.0,95.0,3.0,3.0
153.0,3.0,2.0,3.0,21.0,95.0,3.0,4.0
153.0,4.0,2.0,3.0,31.0,95.0,2.0,5.0
153.0,5.0,2.0,3.0,31.0,95.0,2.0,5.0
153.0,6.0,2.0,3.0,31.0,22.0,3.0,4.0
153.0,7.0,2.0,3.0,21.0,95.0,3.0,7.0
153.0,8.0,2.0,3.0,21.0,95.0,3.0,5.0
153.0,9.0,2.0,3.0,32.0,95.0,2.0,5.0
153.0,10.0,2.0,3.0,21.0,95.0,2.0,6.0
153.0,11.0,2.0,3.0,31.0,95.0,3.0,2.0
153.0,12.0,2.0,3.0,31.0,95.0,3.0,4.0
153.0,13.0,2.0,3.0,21.0,95.0,3.0,1.0
153.0,14.0,2.0,3.0,31.0,95.0,3.0,5.0
153.0,15.0,2.0,3.0,31.0,95.0,2.0,2.0
153.0,16.0,2.0,3.0,21.0,95.0,3.0,11.0
153.0,17.0,2.0,3.0,21.0,95.0,3.0,8.0
153.0,18.0,2.0,3.0,32.0,31.0,3.0,5.0
153.0,19.0,2.0,3.0,21.0,95.0,3.0,2.0
153.0,20.0,2.0,3.0,31.0,22.0,3.0,6.0
154.0,1.0,2.0,3.0,31.0,95.0,2.0,14.0
154.0,2.0,2.0,3.0,32.0,95.0,1.0,6.0
154.0,3.0,2.0,3.0,32.0,95.0,3.0,4.0
154.0,4.0,2.0,3.0,,,,
154.0,5.0,2.0,3.0,,,,
154.0,6.0,2.0,3.0,21.0,22.0,2.0,1.0
154.0,7.0,2.0,3.0,32.0,95.0,1.0,2.0
154.0,8.0,2.0,3.0,32.0,95.0,1.0,1.0
154.0,9.0,2.0,3.0,21.0,95.0,1.0,2.0
154.0,10.0,2.0,3.0,21.0,21.0,1.0,11.0
154.0,11.0,2.0,3.0,14.0,95.0,1.0,3.0
154.0,12.0,2.0,3.0,21.0,21.0,3.0,2.0
154.0,13.0,2.0,3.0,21.0,95.0,2.0,3.0
154.0,14.0,2.0,3.0,32.0,95.0,1.0,11.0
154.0,15.0,2.0,3.0,31.0,95.0,3.0,5.0
154.0,16.0,2.0,3.0,32.0,95.0,2.0,6.0
154.0,17.0,2.0,3.0,31.0,21.0,1.0,2.0
154.0,18.0,2.0,3.0,14.0,95.0,1.0,5.0
154.0,19.0,2.0,3.0,,,,
154.0,20.0,2.0,3.0,32.0,95.0,3.0,1.0
154.0,21.0,2.0,3.0,21.0,31.0,2.0,4.0
154.0,22.0,2.0,3.0,21.0,31.0,2.0,2.0
155.0,1.0,2.0,3.0,32.0,95.0,1.0,3.0
155.0,2.0,2.0,3.0,81.0,95.0,1.0,7.0
155.0,3.0,2.0,3.0,32.0,95.0,1.0,3.0
155.0,4.0,2.0,3.0,31.0,95.0,1.0,2.0
155.0,5.0,2.0,3.0,32.0,95.0,1.0,4.0
155.0,6.0,2.0,3.0,21.0,95.0,2.0,4.0
155.0,7.0,2.0,3.0,31.0,95.0,1.0,3.0
155.0,8.0,2.0,3.0,14.0,95.0,2.0,6.0
155.0,9.0,2.0,3.0,21.0,95.0,1.0,11.0
155.0,10.0,2.0,3.0,21.0,95.0,2.0,4.0
155.0,11.0,2.0,3.0,21.0,95.0,2.0,12.0
155.0,12.0,2.0,3.0,32.0,95.0,1.0,5.0
155.0,13.0,2.0,3.0,32.0,95.0,1.0,4.0
155.0,14.0,2.0,3.0,31.0,95.0,1.0,2.0
155.0,15.0,2.0,3.0,81.0,95.0,1.0,1.0
155.0,16.0,2.0,3.0,31.0,95.0,1.0,1.0
155.0,17.0,2.0,3.0,32.0,95.0,1.0,3.0
155.0,18.0,2.0,3.0,14.0,95.0,2.0,8.0
155.0,19.0,2.0,3.0,21.0,95.0,1.0,7.0
155.0,20.0,2.0,3.0,32.0,95.0,2.0,8.0
156.0,1.0,2.0,3.0,32.0,95.0,2.0,5.0
156.0,2.0,2.0,3.0,32.0,95.0,1.0,5.0
156.0,3.0,2.0,3.0,32.0,95.0,2.0,1.0
156.0,4.0,2.0,3.0,21.0,95.0,3.0,1.0
156.0,5.0,2.0,3.0,31.0,95.0,3.0,2.0
156.0,6.0,2.0,3.0,21.0,22.0,3.0,1.0
156.0,7.0,2.0,3.0,31.0,95.0,3.0,3.0
156.0,8.0,2.0,3.0,21.0,95.0,4.0,4.0
156.0,9.0,2.0,3.0,21.0,95.0,4.0,2.0
156.0,10.0,2.0,3.0,31.0,31.0,4.0,5.0
156.0,11.0,2.0,3.0,21.0,95.0,3.0,4.0
156.0,12.0,2.0,3.0,21.0,22.0,3.0,5.0
156.0,13.0,2.0,3.0,21.0,95.0,3.0,5.0
156.0,14.0,2.0,3.0,21.0,95.0,1.0,6.0
156.0,15.0,2.0,3.0,21.0,22.0,4.0,4.0
156.0,16.0,2.0,3.0,,,,
156.0,17.0,2.0,3.0,14.0,95.0,3.0,8.0
156.0,18.0,2.0,3.0,14.0,95.0,3.0,2.0
156.0,19.0,2.0,3.0,21.0,95.0,3.0,1.0
156.0,20.0,2.0,3.0,31.0,95.0,2.0,1.0
157.0,1.0,2.0,3.0,31.0,95.0,2.0,2.0
157.0,2.0,2.0,3.0,31.0,95.0,1.0,4.0
157.0,3.0,2.0,3.0,31.0,95.0,2.0,6.0
157.0,4.0,2.0,3.0,31.0,95.0,3.0,4.0
157.0,5.0,2.0,3.0,31.0,95.0,1.0,5.0
157.0,6.0,2.0,3.0,31.0,95.0,1.0,5.0
157.0,7.0,2.0,3.0,31.0,95.0,1.0,3.0
157.0,8.0,2.0,3.0,31.0,95.0,2.0,4.0
157.0,9.0,2.0,3.0,31.0,95.0,1.0,1.0
157.0,10.0,2.0,3.0,32.0,95.0,1.0,5.0
157.0,11.0,2.0,3.0,31.0,95.0,1.0,6.0
157.0,12.0,2.0,3.0,31.0,95.0,1.0,9.0
157.0,13.0,2.0,3.0,31.0,95.0,2.0,1.0
157.0,14.0,2.0,3.0,31.0,95.0,2.0,2.0
157.0,15.0,2.0,3.0,32.0,22.0,2.0,2.0
157.0,16.0,2.0,3.0,31.0,95.0,2.0,5.0
157.0,17.0,2.0,3.0,31.0,95.0,2.0,5.0
157.0,18.0,2.0,3.0,32.0,95.0,1.0,3.0
157.0,19.0,2.0,3.0,31.0,95.0,2.0,4.0
157.0,20.0,2.0,3.0,31.0,95.0,1.0,3.0
158.0,1.0,2.0,3.0,21.0,22.0,3.0,2.0
158.0,2.0,2.0,3.0,21.0,22.0,4.0,4.0
158.0,3.0,2.0,3.0,14.0,95.0,3.0,8.0
158.0,4.0,2.0,3.0,31.0,95.0,1.0,7.0
158.0,5.0,2.0,3.0,14.0,95.0,3.0,4.0
158.0,6.0,2.0,3.0,32.0,95.0,3.0,4.0
158.0,7.0,2.0,3.0,21.0,95.0,2.0,6.0
158.0,8.0,2.0,3.0,14.0,95.0,4.0,4.0
158.0,9.0,2.0,3.0,21.0,95.0,3.0,4.0
158.0,10.0,2.0,3.0,14.0,95.0,3.0,5.0
158.0,11.0,2.0,3.0,32.0,95.0,2.0,4.0
158.0,12.0,2.0,3.0,14.0,95.0,3.0,1.0
158.0,13.0,2.0,3.0,14.0,95.0,3.0,9.0
158.0,14.0,2.0,3.0,31.0,95.0,3.0,2.0
158.0,15.0,2.0,3.0,21.0,95.0,4.0,12.0
158.0,16.0,2.0,3.0,31.0,95.0,2.0,1.0
158.0,17.0,2.0,3.0,21.0,21.0,5.0,6.0
158.0,18.0,2.0,3.0,31.0,22.0,3.0,2.0
158.0,19.0,2.0,3.0,32.0,95.0,2.0,9.0
158.0,20.0,2.0,3.0,21.0,95.0,3.0,5.0
159.0,1.0,2.0,3.0,31.0,95.0,3.0,1.0
159.0,2.0,2.0,3.0,21.0,95.0,3.0,1.0
159.0,3.0,2.0,3.0,32.0,22.0,4.0,4.0
159.0,4.0,2.0,3.0,32.0,95.0,3.0,7.0
159.0,5.0,2.0,3.0,32.0,22.0,4.0,2.0
159.0,6.0,2.0,3.0,51.0,95.0,2.0,4.0
159.0,7.0,2.0,3.0,32.0,95.0,3.0,1.0
159.0,8.0,2.0,3.0,21.0,95.0,3.0,5.0
159.0,9.0,2.0,3.0,31.0,95.0,3.0,2.0
159.0,10.0,2.0,3.0,21.0,95.0,3.0,6.0
159.0,11.0,2.0,3.0,32.0,22.0,3.0,1.0
159.0,12.0,2.0,3.0,32.0,95.0,1.0,1.0
159.0,13.0,2.0,3.0,32.0,95.0,2.0,4.0
159.0,14.0,2.0,3.0,21.0,95.0,3.0,6.0
159.0,15.0,2.0,3.0,31.0,95.0,1.0,1.0
159.0,16.0,2.0,3.0,32.0,95.0,3.0,4.0
159.0,17.0,2.0,3.0,32.0,22.0,3.0,1.0
159.0,18.0,2.0,3.0,32.0,95.0,3.0,5.0
159.0,19.0,2.0,3.0,32.0,95.0,2.0,4.0
159.0,20.0,2.0,3.0,32.0,95.0,3.0,1.0
160.0,1.0,2.0,3.0,21.0,95.0,2.0,3.0
160.0,2.0,2.0,3.0,81.0,95.0,1.0,4.0
160.0,3.0,2.0,3.0,81.0,22.0,2.0,1.0
160.0,4.0,2.0,3.0,81.0,95.0,2.0,3.0
160.0,5.0,2.0,3.0,31.0,95.0,2.0,6.0
160.0,6.0,2.0,3.0,31.0,22.0,1.0,3.0
160.0,7.0,2.0,3.0,32.0,95.0,2.0,4.0
160.0,8.0,2.0,3.0,81.0,95.0,2.0,4.0
160.0,9.0,2.0,3.0,32.0,95.0,1.0,3.0
160.0,10.0,2.0,3.0,31.0,95.0,2.0,3.0
160.0,11.0,2.0,3.0,32.0,95.0,1.0,4.0
160.0,12.0,2.0,3.0,81.0,95.0,2.0,7.0
160.0,13.0,2.0,3.0,31.0,22.0,2.0,3.0
160.0,14.0,2.0,3.0,32.0,95.0,1.0,3.0
160.0,15.0,2.0,3.0,31.0,95.0,1.0,7.0
160.0,16.0,2.0,3.0,21.0,95.0,2.0,5.0
160.0,17.0,2.0,3.0,42.0,95.0,1.0,4.0
160.0,18.0,2.0,3.0,31.0,22.0,1.0,1.0
160.0,19.0,2.0,3.0,31.0,23.0,2.0,6.0
160.0,20.0,2.0,3.0,32.0,95.0,1.0,8.0
161.0,1.0,2.0,3.0,31.0,95.0,2.0,1.0
161.0,2.0,2.0,3.0,31.0,95.0,3.0,1.0
161.0,3.0,2.0,3.0,31.0,95.0,4.0,3.0
161.0,4.0,2.0,3.0,31.0,95.0,3.0,4.0
161.0,5.0,2.0,3.0,,,,
161.0,6.0,2.0,3.0,,,,
161.0,7.0,2.0,3.0,32.0,95.0,3.0,3.0
161.0,8.0,2.0,3.0,14.0,95.0,5.0,3.0
161.0,9.0,2.0,3.0,32.0,95.0,3.0,11.0
161.0,10.0,2.0,3.0,31.0,95.0,2.0,4.0
161.0,11.0,2.0,3.0,32.0,95.0,3.0,2.0
161.0,12.0,2.0,3.0,32.0,95.0,1.0,3.0
161.0,13.0,2.0,3.0,31.0,95.0,3.0,5.0
161.0,14.0,2.0,3.0,31.0,95.0,3.0,5.0
161.0,15.0,2.0,3.0,31.0,22.0,5.0,12.0
161.0,16.0,2.0,3.0,21.0,95.0,2.0,4.0
161.0,17.0,2.0,3.0,32.0,95.0,1.0,1.0
161.0,18.0,2.0,3.0,31.0,95.0,1.0,2.0
161.0,19.0,2.0,3.0,31.0,95.0,3.0,6.0
161.0,20.0,2.0,3.0,31.0,95.0,3.0,3.0
162.0,1.0,2.0,3.0,32.0,95.0,1.0,2.0
162.0,2.0,2.0,3.0,14.0,22.0,2.0,2.0
162.0,3.0,2.0,3.0,21.0,95.0,2.0,6.0
162.0,4.0,2.0,3.0,32.0,95.0,1.0,1.0
162.0,5.0,2.0,3.0,32.0,95.0,1.0,2.0
162.0,6.0,2.0,3.0,21.0,22.0,2.0,7.0
162.0,7.0,2.0,3.0,81.0,95.0,1.0,5.0
162.0,8.0,2.0,3.0,14.0,95.0,2.0,3.0
162.0,9.0,2.0,3.0,21.0,22.0,3.0,3.0
162.0,10.0,2.0,3.0,21.0,23.0,3.0,2.0
162.0,11.0,2.0,3.0,32.0,22.0,2.0,5.0
162.0,12.0,2.0,3.0,31.0,95.0,2.0,4.0
162.0,13.0,2.0,3.0,42.0,95.0,1.0,3.0
162.0,14.0,2.0,3.0,31.0,22.0,3.0,5.0
162.0,15.0,2.0,3.0,14.0,95.0,1.0,2.0
162.0,16.0,2.0,3.0,21.0,22.0,3.0,6.0
162.0,17.0,2.0,3.0,14.0,23.0,2.0,6.0
162.0,18.0,2.0,3.0,32.0,95.0,1.0,4.0
162.0,19.0,2.0,3.0,32.0,22.0,3.0,1.0
162.0,20.0,2.0,3.0,21.0,31.0,3.0,4.0
163.0,1.0,2.0,3.0,21.0,95.0,3.0,5.0
163.0,2.0,2.0,3.0,32.0,31.0,4.0,10.0
163.0,3.0,2.0,3.0,32.0,22.0,3.0,10.0
163.0,4.0,2.0,3.0,32.0,95.0,2.0,4.0
163.0,5.0,2.0,3.0,31.0,95.0,4.0,3.0
163.0,6.0,2.0,3.0,31.0,95.0,3.0,5.0
163.0,7.0,2.0,3.0,21.0,22.0,5.0,11.0
163.0,8.0,2.0,3.0,21.0,22.0,3.0,4.0
163.0,9.0,2.0,3.0,32.0,95.0,1.0,1.0
163.0,10.0,2.0,3.0,14.0,95.0,3.0,5.0
163.0,11.0,2.0,3.0,,,,
163.0,12.0,2.0,3.0,32.0,95.0,3.0,5.0
163.0,13.0,2.0,3.0,42.0,22.0,4.0,10.0
163.0,14.0,2.0,3.0,21.0,95.0,1.0,6.0
163.0,15.0,2.0,3.0,31.0,21.0,3.0,7.0
163.0,16.0,2.0,3.0,31.0,22.0,2.0,4.0
163.0,17.0,2.0,3.0,32.0,22.0,3.0,4.0
163.0,18.0,2.0,3.0,31.0,95.0,3.0,11.0
163.0,19.0,2.0,3.0,21.0,22.0,4.0,7.0
163.0,20.0,2.0,3.0,14.0,95.0,4.0,3.0
164.0,1.0,2.0,3.0,31.0,95.0,4.0,3.0
164.0,2.0,2.0,3.0,14.0,95.0,3.0,2.0
164.0,3.0,2.0,3.0,31.0,31.0,4.0,7.0
164.0,4.0,2.0,3.0,31.0,95.0,2.0,1.0
164.0,5.0,2.0,3.0,21.0,95.0,2.0,5.0
164.0,6.0,2.0,3.0,32.0,95.0,1.0,3.0
164.0,7.0,2.0,3.0,32.0,95.0,2.0,4.0
164.0,8.0,2.0,3.0,32.0,95.0,3.0,4.0
164.0,9.0,2.0,3.0,92.0,95.0,3.0,1.0
164.0,10.0,2.0,3.0,21.0,95.0,4.0,5.0
164.0,11.0,2.0,3.0,32.0,95.0,1.0,7.0
164.0,12.0,2.0,3.0,32.0,95.0,2.0,3.0
164.0,13.0,2.0,3.0,21.0,95.0,5.0,5.0
164.0,14.0,2.0,3.0,32.0,95.0,4.0,2.0
164.0,15.0,2.0,3.0,31.0,95.0,2.0,1.0
164.0,16.0,2.0,3.0,31.0,22.0,4.0,6.0
164.0,17.0,2.0,3.0,32.0,95.0,1.0,5.0
164.0,18.0,2.0,3.0,,,,
164.0,19.0,2.0,3.0,32.0,95.0,2.0,5.0
164.0,20.0,2.0,3.0,,,,
165.0,1.0,2.0,3.0,14.0,95.0,2.0,4.0
165.0,2.0,2.0,3.0,31.0,23.0,2.0,4.0
165.0,3.0,2.0,3.0,,,,
165.0,4.0,2.0,3.0,21.0,23.0,2.0,3.0
165.0,5.0,2.0,3.0,32.0,95.0,1.0,2.0
165.0,6.0,2.0,3.0,32.0,95.0,2.0,5.0
165.0,7.0,2.0,3.0,32.0,95.0,1.0,3.0
165.0,8.0,2.0,3.0,21.0,95.0,1.0,3.0
165.0,9.0,2.0,3.0,21.0,95.0,2.0,4.0
165.0,10.0,2.0,3.0,21.0,95.0,2.0,7.0
165.0,11.0,2.0,3.0,31.0,23.0,1.0,9.0
165.0,12.0,2.0,3.0,32.0,23.0,3.0,10.0
165.0,13.0,2.0,3.0,21.0,95.0,2.0,3.0
165.0,14.0,2.0,3.0,21.0,95.0,2.0,3.0
165.0,15.0,2.0,3.0,21.0,95.0,1.0,2.0
165.0,16.0,2.0,3.0,,,,
165.0,17.0,2.0,3.0,32.0,23.0,2.0,4.0
165.0,18.0,2.0,3.0,,,,
165.0,19.0,2.0,3.0,31.0,23.0,2.0,3.0
165.0,20.0,2.0,3.0,31.0,23.0,2.0,10.0
166.0,1.0,2.0,3.0,32.0,95.0,2.0,2.0
166.0,2.0,2.0,3.0,31.0,95.0,2.0,5.0
166.0,3.0,2.0,3.0,81.0,95.0,1.0,6.0
166.0,4.0,2.0,3.0,21.0,95.0,1.0,5.0
166.0,5.0,2.0,3.0,32.0,95.0,1.0,2.0
166.0,6.0,2.0,3.0,21.0,95.0,2.0,3.0
166.0,7.0,2.0,3.0,31.0,95.0,1.0,4.0
166.0,8.0,2.0,3.0,32.0,95.0,2.0,7.0
166.0,9.0,2.0,3.0,21.0,95.0,1.0,4.0
166.0,10.0,2.0,3.0,32.0,95.0,1.0,3.0
166.0,11.0,2.0,3.0,31.0,95.0,1.0,5.0
166.0,12.0,2.0,3.0,21.0,95.0,1.0,2.0
166.0,13.0,2.0,3.0,31.0,95.0,2.0,9.0
166.0,14.0,2.0,3.0,21.0,95.0,1.0,3.0
166.0,15.0,2.0,3.0,21.0,95.0,1.0,9.0
166.0,16.0,2.0,3.0,21.0,95.0,2.0,1.0
166.0,17.0,2.0,3.0,21.0,95.0,1.0,9.0
166.0,18.0,2.0,3.0,81.0,95.0,2.0,3.0
166.0,19.0,2.0,3.0,21.0,95.0,1.0,5.0
166.0,20.0,2.0,3.0,,,,
166.0,21.0,2.0,3.0,21.0,95.0,1.0,2.0
166.0,22.0,2.0,3.0,21.0,95.0,2.0,5.0
167.0,1.0,2.0,3.0,32.0,95.0,3.0,3.0
167.0,2.0,2.0,3.0,31.0,22.0,4.0,12.0
167.0,3.0,2.0,3.0,31.0,95.0,4.0,1.0
167.0,4.0,2.0,3.0,,,,
167.0,5.0,2.0,3.0,31.0,12.0,5.0,7.0
167.0,6.0,2.0,3.0,21.0,95.0,3.0,4.0
167.0,7.0,2.0,3.0,31.0,95.0,3.0,2.0
167.0,8.0,2.0,3.0,32.0,95.0,3.0,5.0
167.0,9.0,2.0,3.0,31.0,95.0,1.0,6.0
167.0,10.0,2.0,3.0,32.0,22.0,4.0,1.0
167.0,11.0,2.0,3.0,,,,
167.0,12.0,2.0,3.0,32.0,95.0,2.0,4.0
167.0,13.0,2.0,3.0,32.0,95.0,1.0,7.0
167.0,14.0,2.0,3.0,32.0,22.0,3.0,1.0
167.0,15.0,2.0,3.0,31.0,95.0,3.0,4.0
167.0,16.0,2.0,3.0,32.0,95.0,4.0,4.0
167.0,17.0,2.0,3.0,31.0,95.0,3.0,4.0
167.0,18.0,2.0,3.0,32.0,95.0,3.0,1.0
167.0,19.0,2.0,3.0,32.0,95.0,3.0,2.0
167.0,20.0,2.0,3.0,14.0,22.0,2.0,1.0
168.0,1.0,2.0,3.0,31.0,95.0,1.0,4.0
168.0,2.0,2.0,3.0,81.0,95.0,1.0,4.0
168.0,3.0,2.0,3.0,81.0,95.0,1.0,2.0
168.0,4.0,2.0,3.0,21.0,95.0,1.0,6.0
168.0,5.0,2.0,3.0,31.0,95.0,2.0,2.0
168.0,6.0,2.0,3.0,21.0,95.0,1.0,4.0
168.0,7.0,2.0,3.0,32.0,95.0,1.0,5.0
168.0,8.0,2.0,3.0,,,,
168.0,9.0,2.0,3.0,32.0,95.0,1.0,4.0
168.0,10.0,2.0,3.0,32.0,95.0,1.0,2.0
168.0,11.0,2.0,3.0,21.0,95.0,1.0,5.0
168.0,12.0,2.0,3.0,81.0,95.0,1.0,2.0
168.0,13.0,2.0,3.0,32.0,95.0,1.0,1.0
168.0,14.0,2.0,3.0,31.0,95.0,1.0,2.0
168.0,15.0,2.0,3.0,21.0,95.0,1.0,3.0
168.0,16.0,2.0,3.0,14.0,95.0,1.0,8.0
168.0,17.0,2.0,3.0,32.0,95.0,2.0,2.0
168.0,18.0,2.0,3.0,21.0,95.0,1.0,6.0
168.0,19.0,2.0,3.0,21.0,95.0,2.0,5.0
168.0,20.0,2.0,3.0,81.0,95.0,1.0,6.0
169.0,1.0,2.0,3.0,21.0,31.0,2.0,4.0
169.0,2.0,2.0,3.0,,,,
169.0,3.0,2.0,3.0,31.0,21.0,1.0,5.0
169.0,4.0,2.0,3.0,31.0,95.0,1.0,1.0
169.0,5.0,2.0,3.0,31.0,95.0,2.0,2.0
169.0,6.0,2.0,3.0,31.0,95.0,2.0,2.0
169.0,7.0,2.0,3.0,32.0,95.0,2.0,1.0
169.0,8.0,2.0,3.0,21.0,21.0,2.0,5.0
169.0,9.0,2.0,3.0,32.0,95.0,2.0,5.0
169.0,10.0,2.0,3.0,21.0,95.0,1.0,1.0
169.0,11.0,2.0,3.0,21.0,22.0,1.0,4.0
169.0,12.0,2.0,3.0,21.0,22.0,1.0,1.0
169.0,13.0,2.0,3.0,81.0,95.0,2.0,4.0
169.0,14.0,2.0,3.0,32.0,95.0,1.0,3.0
169.0,15.0,2.0,3.0,21.0,95.0,1.0,2.0
169.0,16.0,2.0,3.0,21.0,21.0,2.0,6.0
169.0,17.0,2.0,3.0,32.0,95.0,2.0,3.0
169.0,18.0,2.0,3.0,31.0,95.0,2.0,1.0
169.0,19.0,2.0,3.0,21.0,22.0,1.0,6.0
169.0,20.0,2.0,3.0,21.0,22.0,1.0,4.0
170.0,1.0,2.0,3.0,31.0,95.0,2.0,5.0
170.0,2.0,2.0,3.0,14.0,95.0,1.0,4.0
170.0,3.0,2.0,3.0,31.0,23.0,2.0,1.0
170.0,4.0,2.0,3.0,41.0,22.0,5.0,8.0
170.0,5.0,2.0,3.0,,,,
170.0,6.0,2.0,3.0,21.0,95.0,3.0,3.0
170.0,7.0,2.0,3.0,92.0,22.0,5.0,7.0
170.0,8.0,2.0,3.0,32.0,95.0,2.0,2.0
170.0,9.0,2.0,3.0,32.0,95.0,3.0,7.0
170.0,10.0,2.0,3.0,21.0,12.0,4.0,3.0
170.0,11.0,2.0,3.0,21.0,22.0,5.0,3.0
170.0,12.0,2.0,3.0,21.0,95.0,3.0,3.0
170.0,13.0,2.0,3.0,21.0,95.0,3.0,2.0
170.0,14.0,2.0,3.0,14.0,22.0,5.0,2.0
170.0,15.0,2.0,3.0,21.0,31.0,3.0,5.0
170.0,16.0,2.0,3.0,21.0,31.0,4.0,6.0
170.0,17.0,2.0,3.0,21.0,22.0,4.0,3.0
170.0,18.0,2.0,3.0,21.0,95.0,3.0,6.0
170.0,19.0,2.0,3.0,31.0,95.0,1.0,1.0
170.0,20.0,2.0,3.0,21.0,95.0,4.0,10.0
171.0,1.0,2.0,3.0,32.0,21.0,4.0,5.0
171.0,2.0,2.0,3.0,21.0,22.0,3.0,3.0
171.0,3.0,2.0,3.0,32.0,95.0,3.0,5.0
171.0,4.0,2.0,3.0,32.0,95.0,2.0,4.0
171.0,5.0,2.0,3.0,31.0,22.0,5.0,3.0
171.0,6.0,2.0,3.0,32.0,95.0,2.0,4.0
171.0,7.0,2.0,3.0,21.0,21.0,4.0,3.0
171.0,8.0,2.0,3.0,21.0,23.0,3.0,2.0
171.0,9.0,2.0,3.0,,,,
171.0,10.0,2.0,3.0,31.0,95.0,1.0,3.0
171.0,11.0,2.0,3.0,31.0,22.0,1.0,2.0
171.0,12.0,2.0,3.0,14.0,22.0,5.0,3.0
171.0,13.0,2.0,3.0,32.0,22.0,3.0,3.0
171.0,14.0,2.0,3.0,32.0,95.0,2.0,7.0
171.0,15.0,2.0,3.0,32.0,95.0,1.0,7.0
171.0,16.0,2.0,3.0,21.0,22.0,4.0,4.0
171.0,17.0,2.0,3.0,32.0,95.0,3.0,3.0
171.0,18.0,2.0,3.0,21.0,22.0,3.0,2.0
171.0,19.0,2.0,3.0,21.0,22.0,5.0,2.0
171.0,20.0,2.0,3.0,32.0,21.0,3.0,2.0
172.0,1.0,2.0,3.0,32.0,95.0,2.0,6.0
172.0,2.0,2.0,3.0,31.0,22.0,3.0,6.0
172.0,3.0,2.0,3.0,21.0,95.0,2.0,7.0
172.0,4.0,2.0,3.0,21.0,95.0,2.0,1.0
172.0,5.0,2.0,3.0,21.0,95.0,2.0,8.0
172.0,6.0,2.0,3.0,21.0,95.0,3.0,5.0
172.0,7.0,2.0,3.0,21.0,95.0,2.0,6.0
172.0,8.0,2.0,3.0,41.0,95.0,2.0,5.0
172.0,9.0,2.0,3.0,14.0,95.0,2.0,5.0
172.0,10.0,2.0,3.0,21.0,95.0,2.0,5.0
172.0,11.0,2.0,3.0,21.0,95.0,1.0,3.0
172.0,12.0,2.0,3.0,14.0,22.0,2.0,6.0
172.0,13.0,2.0,3.0,14.0,31.0,2.0,11.0
172.0,14.0,2.0,3.0,31.0,95.0,3.0,4.0
172.0,15.0,2.0,3.0,21.0,22.0,3.0,1.0
172.0,16.0,2.0,3.0,31.0,95.0,3.0,1.0
172.0,17.0,2.0,3.0,14.0,95.0,2.0,3.0
172.0,18.0,2.0,3.0,14.0,95.0,1.0,6.0
172.0,19.0,2.0,3.0,31.0,95.0,2.0,11.0
172.0,20.0,2.0,3.0,32.0,95.0,2.0,6.0
173.0,1.0,2.0,3.0,21.0,95.0,2.0,6.0
173.0,2.0,2.0,3.0,41.0,23.0,2.0,6.0
173.0,3.0,2.0,3.0,81.0,95.0,1.0,2.0
173.0,4.0,2.0,3.0,21.0,31.0,2.0,2.0
173.0,5.0,2.0,3.0,21.0,95.0,2.0,9.0
173.0,6.0,2.0,3.0,21.0,95.0,2.0,1.0
173.0,7.0,2.0,3.0,81.0,95.0,1.0,2.0
173.0,8.0,2.0,3.0,21.0,95.0,3.0,7.0
173.0,9.0,2.0,3.0,21.0,95.0,2.0,6.0
173.0,10.0,2.0,3.0,21.0,95.0,1.0,4.0
173.0,11.0,2.0,3.0,14.0,95.0,2.0,9.0
173.0,12.0,2.0,3.0,21.0,95.0,2.0,4.0
173.0,13.0,2.0,3.0,81.0,95.0,2.0,1.0
173.0,14.0,2.0,3.0,,,,
173.0,15.0,2.0,3.0,81.0,31.0,3.0,3.0
173.0,16.0,2.0,3.0,81.0,95.0,1.0,6.0
173.0,17.0,2.0,3.0,21.0,23.0,2.0,1.0
173.0,18.0,2.0,3.0,14.0,95.0,2.0,10.0
173.0,19.0,2.0,3.0,41.0,23.0,2.0,4.0
173.0,20.0,2.0,3.0,,,,
174.0,1.0,2.0,3.0,81.0,95.0,2.0,1.0
174.0,2.0,2.0,3.0,81.0,23.0,2.0,2.0
174.0,3.0,2.0,3.0,81.0,23.0,2.0,1.0
174.0,4.0,2.0,3.0,81.0,95.0,3.0,4.0
174.0,5.0,2.0,3.0,81.0,95.0,2.0,8.0
174.0,6.0,2.0,3.0,81.0,95.0,2.0,5.0
174.0,7.0,2.0,3.0,81.0,23.0,2.0,5.0
174.0,8.0,2.0,3.0,81.0,23.0,2.0,3.0
174.0,9.0,2.0,3.0,81.0,95.0,2.0,8.0
174.0,10.0,2.0,3.0,14.0,95.0,2.0,2.0
174.0,11.0,2.0,3.0,14.0,95.0,2.0,3.0
174.0,12.0,2.0,3.0,,,,
174.0,13.0,2.0,3.0,21.0,95.0,3.0,1.0
174.0,14.0,2.0,3.0,81.0,95.0,1.0,3.0
174.0,15.0,2.0,3.0,81.0,95.0,1.0,1.0
174.0,16.0,2.0,3.0,81.0,95.0,1.0,3.0
174.0,17.0,2.0,3.0,81.0,95.0,1.0,2.0
174.0,18.0,2.0,3.0,81.0,95.0,2.0,1.0
174.0,19.0,2.0,3.0,14.0,95.0,2.0,5.0
174.0,20.0,2.0,3.0,81.0,95.0,2.0,5.0
175.0,1.0,2.0,3.0,31.0,95.0,2.0,3.0
175.0,2.0,2.0,3.0,81.0,23.0,2.0,5.0
175.0,3.0,2.0,3.0,31.0,95.0,3.0,4.0
175.0,4.0,2.0,3.0,14.0,95.0,4.0,7.0
175.0,5.0,2.0,3.0,81.0,95.0,1.0,5.0
175.0,6.0,2.0,3.0,31.0,95.0,2.0,4.0
175.0,7.0,2.0,3.0,32.0,95.0,4.0,6.0
175.0,8.0,2.0,3.0,31.0,95.0,3.0,2.0
175.0,9.0,2.0,3.0,21.0,95.0,3.0,3.0
175.0,10.0,2.0,3.0,32.0,95.0,3.0,2.0
175.0,11.0,2.0,3.0,32.0,95.0,2.0,3.0
175.0,12.0,2.0,3.0,14.0,95.0,1.0,5.0
175.0,13.0,2.0,3.0,32.0,95.0,2.0,9.0
175.0,14.0,2.0,3.0,32.0,95.0,3.0,4.0
175.0,15.0,2.0,3.0,14.0,95.0,1.0,3.0
175.0,16.0,2.0,3.0,81.0,95.0,1.0,2.0
175.0,17.0,2.0,3.0,21.0,22.0,3.0,4.0
175.0,18.0,2.0,3.0,,,,
175.0,19.0,2.0,3.0,32.0,95.0,3.0,4.0
175.0,20.0,2.0,3.0,32.0,95.0,2.0,2.0
176.0,1.0,2.0,3.0,14.0,95.0,2.0,3.0
176.0,2.0,2.0,3.0,21.0,95.0,3.0,10.0
176.0,3.0,2.0,3.0,14.0,95.0,1.0,5.0
176.0,4.0,2.0,3.0,21.0,95.0,3.0,5.0
176.0,5.0,2.0,3.0,21.0,95.0,3.0,9.0
176.0,6.0,2.0,3.0,21.0,95.0,3.0,4.0
176.0,7.0,2.0,3.0,14.0,95.0,3.0,1.0
176.0,8.0,2.0,3.0,14.0,95.0,3.0,7.0
176.0,9.0,2.0,3.0,14.0,95.0,3.0,14.0
176.0,10.0,2.0,3.0,14.0,95.0,2.0,6.0
176.0,11.0,2.0,3.0,21.0,95.0,3.0,5.0
176.0,12.0,2.0,3.0,21.0,95.0,3.0,4.0
176.0,13.0,2.0,3.0,21.0,95.0,3.0,12.0
176.0,14.0,2.0,3.0,21.0,95.0,2.0,5.0
176.0,15.0,2.0,3.0,21.0,95.0,4.0,1.0
176.0,16.0,2.0,3.0,21.0,95.0,1.0,2.0
176.0,17.0,2.0,3.0,21.0,95.0,3.0,3.0
176.0,18.0,2.0,3.0,21.0,95.0,4.0,10.0
176.0,19.0,2.0,3.0,31.0,31.0,4.0,5.0
176.0,20.0,2.0,3.0,31.0,95.0,3.0,3.0
177.0,1.0,2.0,3.0,21.0,95.0,3.0,2.0
177.0,2.0,2.0,3.0,21.0,95.0,2.0,4.0
177.0,3.0,2.0,3.0,21.0,95.0,4.0,19.0
177.0,4.0,2.0,3.0,21.0,95.0,2.0,3.0
177.0,5.0,2.0,3.0,21.0,95.0,3.0,13.0
177.0,6.0,2.0,3.0,21.0,95.0,4.0,5.0
177.0,7.0,2.0,3.0,21.0,95.0,3.0,6.0
177.0,8.0,2.0,3.0,21.0,95.0,2.0,1.0
177.0,9.0,2.0,3.0,21.0,95.0,3.0,8.0
177.0,10.0,2.0,3.0,21.0,95.0,3.0,2.0
177.0,11.0,2.0,3.0,21.0,95.0,4.0,15.0
177.0,12.0,2.0,3.0,21.0,95.0,3.0,5.0
177.0,13.0,2.0,3.0,21.0,95.0,4.0,1.0
177.0,14.0,2.0,3.0,21.0,95.0,3.0,3.0
177.0,15.0,2.0,3.0,21.0,95.0,3.0,7.0
177.0,16.0,2.0,3.0,21.0,95.0,3.0,6.0
177.0,17.0,2.0,3.0,21.0,95.0,1.0,4.0
177.0,18.0,2.0,3.0,21.0,95.0,3.0,3.0
177.0,19.0,2.0,3.0,21.0,95.0,1.0,7.0
177.0,20.0,2.0,3.0,21.0,95.0,1.0,1.0
178.0,1.0,2.0,3.0,21.0,95.0,2.0,9.0
178.0,2.0,2.0,3.0,21.0,95.0,2.0,9.0
178.0,3.0,2.0,3.0,31.0,95.0,1.0,5.0
178.0,4.0,2.0,3.0,21.0,95.0,1.0,6.0
178.0,5.0,2.0,3.0,21.0,95.0,2.0,6.0
178.0,6.0,2.0,3.0,21.0,95.0,3.0,5.0
178.0,7.0,2.0,3.0,21.0,95.0,2.0,7.0
178.0,8.0,2.0,3.0,21.0,95.0,2.0,9.0
178.0,9.0,2.0,3.0,21.0,95.0,2.0,5.0
178.0,10.0,2.0,3.0,21.0,95.0,1.0,6.0
178.0,11.0,2.0,3.0,21.0,95.0,3.0,10.0
178.0,12.0,2.0,3.0,21.0,95.0,2.0,9.0
178.0,13.0,2.0,3.0,21.0,95.0,1.0,7.0
178.0,14.0,2.0,3.0,21.0,95.0,2.0,5.0
178.0,15.0,2.0,3.0,21.0,95.0,2.0,8.0
178.0,16.0,2.0,3.0,21.0,95.0,2.0,5.0
178.0,17.0,2.0,3.0,21.0,95.0,1.0,5.0
178.0,18.0,2.0,3.0,21.0,95.0,2.0,10.0
178.0,19.0,2.0,3.0,21.0,31.0,3.0,10.0
178.0,20.0,2.0,3.0,21.0,95.0,1.0,6.0
179.0,1.0,2.0,3.0,81.0,95.0,1.0,5.0
179.0,2.0,2.0,3.0,21.0,95.0,2.0,8.0
179.0,3.0,2.0,3.0,21.0,95.0,2.0,3.0
179.0,4.0,2.0,3.0,21.0,95.0,1.0,6.0
179.0,5.0,2.0,3.0,21.0,95.0,1.0,12.0
179.0,6.0,2.0,3.0,,,,
179.0,7.0,2.0,3.0,21.0,95.0,1.0,5.0
179.0,8.0,2.0,3.0,21.0,95.0,2.0,8.0
179.0,9.0,2.0,3.0,21.0,95.0,1.0,4.0
179.0,10.0,2.0,3.0,21.0,95.0,2.0,6.0
179.0,11.0,2.0,3.0,21.0,95.0,2.0,4.0
179.0,12.0,2.0,3.0,21.0,95.0,2.0,6.0
179.0,13.0,2.0,3.0,21.0,31.0,2.0,8.0
179.0,14.0,2.0,3.0,21.0,95.0,3.0,9.0
179.0,15.0,2.0,3.0,81.0,95.0,1.0,6.0
179.0,16.0,2.0,3.0,21.0,22.0,2.0,4.0
179.0,17.0,2.0,3.0,21.0,95.0,1.0,4.0
179.0,18.0,2.0,3.0,21.0,95.0,1.0,7.0
179.0,19.0,2.0,3.0,21.0,95.0,1.0,5.0
179.0,20.0,2.0,3.0,81.0,95.0,1.0,20.0
180.0,1.0,2.0,3.0,96.0,95.0,4.0,3.0
180.0,2.0,2.0,3.0,32.0,22.0,3.0,6.0
180.0,3.0,2.0,3.0,32.0,95.0,3.0,5.0
180.0,4.0,2.0,3.0,11.0,95.0,3.0,6.0
180.0,5.0,2.0,3.0,14.0,95.0,3.0,5.0
180.0,6.0,2.0,3.0,14.0,95.0,5.0,4.0
180.0,7.0,2.0,3.0,11.0,95.0,4.0,4.0
180.0,8.0,2.0,3.0,21.0,95.0,3.0,3.0
180.0,9.0,2.0,3.0,14.0,95.0,3.0,1.0
180.0,10.0,2.0,3.0,13.0,22.0,2.0,8.0
180.0,11.0,2.0,3.0,14.0,95.0,3.0,2.0
180.0,12.0,2.0,3.0,31.0,95.0,3.0,8.0
180.0,13.0,2.0,3.0,32.0,95.0,3.0,5.0
180.0,14.0,2.0,3.0,21.0,95.0,3.0,1.0
180.0,15.0,2.0,3.0,12.0,12.0,3.0,1.0
180.0,16.0,2.0,3.0,32.0,21.0,4.0,4.0
180.0,17.0,2.0,3.0,31.0,23.0,2.0,1.0
180.0,18.0,2.0,3.0,14.0,12.0,3.0,3.0
180.0,19.0,2.0,3.0,31.0,95.0,3.0,3.0
180.0,20.0,2.0,3.0,14.0,95.0,4.0,9.0
181.0,1.0,1.0,4.0,31.0,12.0,4.0,2.0
181.0,2.0,1.0,4.0,31.0,22.0,4.0,1.0
181.0,3.0,1.0,4.0,96.0,12.0,5.0,2.0
181.0,4.0,1.0,4.0,,,,
181.0,5.0,1.0,4.0,32.0,95.0,3.0,1.0
181.0,6.0,1.0,4.0,13.0,22.0,5.0,1.0
181.0,7.0,1.0,4.0,,,,
181.0,8.0,1.0,4.0,31.0,95.0,3.0,4.0
181.0,9.0,1.0,4.0,12.0,13.0,5.0,3.0
181.0,10.0,1.0,4.0,31.0,23.0,3.0,8.0
181.0,11.0,1.0,4.0,12.0,21.0,5.0,8.0
181.0,12.0,1.0,4.0,12.0,22.0,5.0,3.0
181.0,13.0,1.0,4.0,21.0,95.0,3.0,1.0
181.0,14.0,1.0,4.0,12.0,22.0,5.0,4.0
181.0,15.0,1.0,4.0,13.0,95.0,4.0,8.0
181.0,16.0,1.0,4.0,11.0,12.0,5.0,2.0
181.0,17.0,1.0,4.0,31.0,12.0,4.0,1.0
181.0,18.0,1.0,4.0,31.0,22.0,5.0,4.0
181.0,19.0,1.0,4.0,13.0,22.0,4.0,1.0
181.0,20.0,1.0,4.0,32.0,95.0,3.0,1.0
182.0,1.0,1.0,4.0,12.0,22.0,4.0,3.0
182.0,2.0,1.0,4.0,32.0,22.0,2.0,7.0
182.0,3.0,1.0,4.0,12.0,22.0,4.0,1.0
182.0,4.0,1.0,4.0,12.0,95.0,3.0,7.0
182.0,5.0,1.0,4.0,13.0,22.0,3.0,5.0
182.0,6.0,1.0,4.0,14.0,12.0,5.0,2.0
182.0,7.0,1.0,4.0,14.0,12.0,5.0,4.0
182.0,8.0,1.0,4.0,14.0,22.0,3.0,1.0
182.0,9.0,1.0,4.0,13.0,22.0,3.0,3.0
182.0,10.0,1.0,4.0,14.0,12.0,4.0,2.0
182.0,11.0,1.0,4.0,13.0,22.0,4.0,1.0
182.0,12.0,1.0,4.0,12.0,12.0,5.0,1.0
182.0,13.0,1.0,4.0,12.0,12.0,4.0,5.0
182.0,14.0,1.0,4.0,13.0,22.0,5.0,2.0
182.0,15.0,1.0,4.0,14.0,13.0,4.0,1.0
182.0,16.0,1.0,4.0,12.0,12.0,5.0,3.0
182.0,17.0,1.0,4.0,11.0,12.0,5.0,6.0
182.0,18.0,1.0,4.0,12.0,22.0,4.0,10.0
182.0,19.0,1.0,4.0,21.0,96.0,3.0,2.0
182.0,20.0,1.0,4.0,12.0,12.0,4.0,1.0
183.0,1.0,1.0,4.0,13.0,13.0,4.0,2.0
183.0,2.0,1.0,4.0,,,,
183.0,3.0,1.0,4.0,13.0,21.0,5.0,5.0
183.0,4.0,1.0,4.0,14.0,22.0,4.0,1.0
183.0,5.0,1.0,4.0,14.0,22.0,4.0,1.0
183.0,6.0,1.0,4.0,12.0,12.0,5.0,6.0
183.0,7.0,1.0,4.0,13.0,22.0,4.0,8.0
183.0,8.0,1.0,4.0,31.0,22.0,4.0,3.0
183.0,9.0,1.0,4.0,11.0,12.0,5.0,2.0
183.0,10.0,1.0,4.0,,,,
183.0,11.0,1.0,4.0,11.0,12.0,4.0,1.0
183.0,12.0,1.0,4.0,14.0,95.0,3.0,1.0
183.0,13.0,1.0,4.0,14.0,12.0,3.0,6.0
183.0,14.0,1.0,4.0,,,,
183.0,15.0,1.0,4.0,13.0,95.0,4.0,11.0
183.0,16.0,1.0,4.0,31.0,22.0,4.0,1.0
183.0,17.0,1.0,4.0,14.0,22.0,3.0,4.0
183.0,18.0,1.0,4.0,13.0,22.0,4.0,5.0
183.0,19.0,1.0,4.0,12.0,95.0,4.0,5.0
183.0,20.0,1.0,4.0,12.0,12.0,5.0,1.0
184.0,1.0,1.0,4.0,21.0,12.0,4.0,1.0
184.0,2.0,1.0,4.0,21.0,22.0,5.0,1.0
184.0,3.0,1.0,4.0,21.0,95.0,4.0,2.0
184.0,4.0,1.0,4.0,21.0,21.0,4.0,1.0
184.0,5.0,1.0,4.0,21.0,12.0,5.0,1.0
184.0,6.0,1.0,4.0,21.0,95.0,5.0,1.0
184.0,7.0,1.0,4.0,21.0,95.0,2.0,8.0
184.0,8.0,1.0,4.0,21.0,12.0,5.0,1.0
184.0,9.0,1.0,4.0,21.0,22.0,4.0,1.0
184.0,10.0,1.0,4.0,21.0,21.0,4.0,1.0
184.0,11.0,1.0,4.0,21.0,13.0,5.0,10.0
184.0,12.0,1.0,4.0,21.0,12.0,4.0,2.0
184.0,13.0,1.0,4.0,21.0,22.0,4.0,1.0
184.0,14.0,1.0,4.0,21.0,22.0,5.0,1.0
184.0,15.0,1.0,4.0,21.0,95.0,4.0,2.0
184.0,16.0,1.0,4.0,21.0,95.0,4.0,1.0
184.0,17.0,1.0,4.0,32.0,22.0,3.0,1.0
184.0,18.0,1.0,4.0,21.0,95.0,4.0,7.0
184.0,19.0,1.0,4.0,21.0,12.0,4.0,1.0
184.0,20.0,1.0,4.0,14.0,12.0,3.0,2.0
185.0,1.0,1.0,4.0,14.0,95.0,4.0,1.0
185.0,2.0,1.0,4.0,14.0,95.0,3.0,5.0
185.0,3.0,1.0,4.0,13.0,12.0,4.0,5.0
185.0,4.0,1.0,4.0,14.0,95.0,4.0,9.0
185.0,5.0,1.0,4.0,14.0,95.0,4.0,7.0
185.0,6.0,1.0,4.0,12.0,12.0,5.0,4.0
185.0,7.0,1.0,4.0,14.0,95.0,3.0,5.0
185.0,8.0,1.0,4.0,14.0,13.0,4.0,1.0
185.0,9.0,1.0,4.0,14.0,95.0,4.0,1.0
185.0,10.0,1.0,4.0,13.0,95.0,4.0,1.0
185.0,11.0,1.0,4.0,13.0,12.0,4.0,1.0
185.0,12.0,1.0,4.0,14.0,95.0,4.0,1.0
185.0,13.0,1.0,4.0,14.0,95.0,4.0,3.0
185.0,14.0,1.0,4.0,12.0,95.0,5.0,6.0
185.0,15.0,1.0,4.0,12.0,12.0,5.0,2.0
185.0,16.0,1.0,4.0,14.0,95.0,3.0,6.0
185.0,17.0,1.0,4.0,13.0,12.0,5.0,3.0
185.0,18.0,1.0,4.0,21.0,22.0,4.0,1.0
185.0,19.0,1.0,4.0,92.0,22.0,4.0,1.0
185.0,20.0,1.0,4.0,13.0,95.0,4.0,4.0
186.0,1.0,1.0,4.0,14.0,23.0,5.0,2.0
186.0,2.0,1.0,4.0,12.0,12.0,5.0,4.0
186.0,3.0,1.0,4.0,12.0,12.0,4.0,4.0
186.0,4.0,1.0,4.0,12.0,12.0,5.0,11.0
186.0,5.0,1.0,4.0,12.0,12.0,4.0,1.0
186.0,6.0,1.0,4.0,14.0,12.0,3.0,1.0
186.0,7.0,1.0,4.0,12.0,12.0,5.0,1.0
186.0,8.0,1.0,4.0,14.0,12.0,4.0,1.0
186.0,9.0,1.0,4.0,14.0,21.0,4.0,1.0
186.0,10.0,1.0,4.0,12.0,12.0,5.0,1.0
186.0,11.0,1.0,4.0,12.0,21.0,5.0,10.0
186.0,12.0,1.0,4.0,12.0,22.0,5.0,1.0
186.0,13.0,1.0,4.0,13.0,12.0,5.0,1.0
186.0,14.0,1.0,4.0,14.0,14.0,5.0,2.0
186.0,15.0,1.0,4.0,14.0,12.0,5.0,3.0
186.0,16.0,1.0,4.0,14.0,22.0,4.0,1.0
186.0,17.0,1.0,4.0,12.0,22.0,5.0,1.0
186.0,18.0,1.0,4.0,14.0,12.0,4.0,3.0
186.0,19.0,1.0,4.0,12.0,12.0,5.0,1.0
186.0,20.0,1.0,4.0,14.0,23.0,5.0,1.0
187.0,1.0,1.0,4.0,13.0,95.0,4.0,4.0
187.0,2.0,1.0,4.0,12.0,12.0,5.0,1.0
187.0,3.0,1.0,4.0,13.0,12.0,4.0,1.0
187.0,4.0,1.0,4.0,14.0,95.0,4.0,2.0
187.0,5.0,1.0,4.0,14.0,95.0,5.0,1.0
187.0,6.0,1.0,4.0,11.0,12.0,5.0,1.0
187.0,7.0,1.0,4.0,13.0,95.0,4.0,11.0
187.0,8.0,1.0,4.0,14.0,12.0,5.0,1.0
187.0,9.0,1.0,4.0,12.0,22.0,4.0,2.0
187.0,10.0,1.0,4.0,12.0,12.0,5.0,1.0
187.0,11.0,1.0,4.0,13.0,12.0,5.0,3.0
187.0,12.0,1.0,4.0,13.0,95.0,4.0,2.0
187.0,13.0,1.0,4.0,14.0,95.0,3.0,1.0
187.0,14.0,1.0,4.0,12.0,22.0,5.0,1.0
187.0,15.0,1.0,4.0,11.0,12.0,5.0,2.0
187.0,16.0,1.0,4.0,14.0,12.0,4.0,1.0
187.0,17.0,1.0,4.0,12.0,22.0,5.0,3.0
187.0,18.0,1.0,4.0,14.0,95.0,4.0,1.0
187.0,19.0,1.0,4.0,32.0,95.0,3.0,1.0
187.0,20.0,1.0,4.0,12.0,22.0,5.0,4.0
188.0,1.0,1.0,4.0,14.0,22.0,5.0,6.0
188.0,2.0,1.0,4.0,14.0,22.0,3.0,3.0
188.0,3.0,1.0,4.0,14.0,95.0,4.0,5.0
188.0,4.0,1.0,4.0,14.0,12.0,5.0,5.0
188.0,5.0,1.0,4.0,21.0,95.0,4.0,2.0
188.0,6.0,1.0,4.0,14.0,21.0,4.0,6.0
188.0,7.0,1.0,4.0,21.0,95.0,4.0,6.0
188.0,8.0,1.0,4.0,14.0,21.0,3.0,1.0
188.0,9.0,1.0,4.0,14.0,22.0,4.0,1.0
188.0,10.0,1.0,4.0,14.0,12.0,4.0,1.0
188.0,11.0,1.0,4.0,14.0,12.0,4.0,2.0
188.0,12.0,1.0,4.0,14.0,12.0,4.0,1.0
188.0,13.0,1.0,4.0,14.0,12.0,5.0,5.0
188.0,14.0,1.0,4.0,21.0,95.0,4.0,6.0
188.0,15.0,1.0,4.0,14.0,12.0,5.0,9.0
188.0,16.0,1.0,4.0,14.0,22.0,4.0,3.0
188.0,17.0,1.0,4.0,14.0,22.0,4.0,2.0
188.0,18.0,1.0,4.0,13.0,12.0,5.0,5.0
188.0,19.0,1.0,4.0,14.0,22.0,5.0,1.0
188.0,20.0,1.0,4.0,14.0,95.0,4.0,1.0
189.0,1.0,1.0,4.0,12.0,31.0,4.0,4.0
189.0,2.0,1.0,4.0,11.0,12.0,5.0,5.0
189.0,3.0,1.0,4.0,31.0,95.0,3.0,4.0
189.0,4.0,1.0,4.0,31.0,95.0,4.0,4.0
189.0,5.0,1.0,4.0,14.0,95.0,4.0,7.0
189.0,6.0,1.0,4.0,12.0,95.0,5.0,2.0
189.0,7.0,1.0,4.0,11.0,12.0,5.0,3.0
189.0,8.0,1.0,4.0,12.0,31.0,5.0,3.0
189.0,9.0,1.0,4.0,14.0,95.0,3.0,3.0
189.0,10.0,1.0,4.0,21.0,95.0,5.0,6.0
189.0,11.0,1.0,4.0,21.0,23.0,3.0,2.0
189.0,12.0,1.0,4.0,12.0,31.0,4.0,3.0
189.0,13.0,1.0,4.0,32.0,23.0,3.0,1.0
189.0,14.0,1.0,4.0,31.0,95.0,5.0,20.0
189.0,15.0,1.0,4.0,,,,
189.0,16.0,1.0,4.0,31.0,95.0,3.0,2.0
189.0,17.0,1.0,4.0,31.0,95.0,3.0,5.0
189.0,18.0,1.0,4.0,,,,
189.0,19.0,1.0,4.0,21.0,95.0,4.0,5.0
189.0,20.0,1.0,4.0,13.0,23.0,4.0,2.0
190.0,1.0,1.0,4.0,21.0,95.0,4.0,4.0
190.0,2.0,1.0,4.0,12.0,13.0,4.0,4.0
190.0,3.0,1.0,4.0,12.0,23.0,4.0,4.0
190.0,4.0,1.0,4.0,21.0,95.0,4.0,1.0
190.0,5.0,1.0,4.0,21.0,95.0,4.0,6.0
190.0,6.0,1.0,4.0,42.0,95.0,4.0,14.0
190.0,7.0,1.0,4.0,,,,
190.0,8.0,1.0,4.0,32.0,95.0,3.0,4.0
190.0,9.0,1.0,4.0,11.0,12.0,5.0,8.0
190.0,10.0,1.0,4.0,14.0,95.0,3.0,4.0
190.0,11.0,1.0,4.0,12.0,12.0,5.0,4.0
190.0,12.0,1.0,4.0,21.0,95.0,3.0,8.0
190.0,13.0,1.0,4.0,31.0,95.0,4.0,5.0
190.0,14.0,1.0,4.0,21.0,95.0,4.0,3.0
190.0,15.0,1.0,4.0,21.0,95.0,3.0,6.0
190.0,16.0,1.0,4.0,14.0,95.0,3.0,11.0
190.0,17.0,1.0,4.0,32.0,95.0,3.0,6.0
190.0,18.0,1.0,4.0,14.0,13.0,4.0,5.0
190.0,19.0,1.0,4.0,21.0,95.0,2.0,6.0
190.0,20.0,1.0,4.0,14.0,13.0,4.0,7.0
191.0,1.0,1.0,4.0,21.0,95.0,3.0,2.0
191.0,2.0,1.0,4.0,13.0,21.0,4.0,5.0
191.0,3.0,1.0,4.0,21.0,95.0,3.0,3.0
191.0,4.0,1.0,4.0,21.0,95.0,3.0,1.0
191.0,5.0,1.0,4.0,21.0,22.0,4.0,4.0
191.0,6.0,1.0,4.0,21.0,22.0,4.0,5.0
191.0,7.0,1.0,4.0,21.0,95.0,3.0,1.0
191.0,8.0,1.0,4.0,21.0,22.0,4.0,5.0
191.0,9.0,1.0,4.0,21.0,95.0,3.0,5.0
191.0,10.0,1.0,4.0,11.0,12.0,5.0,1.0
191.0,11.0,1.0,4.0,21.0,95.0,4.0,1.0
191.0,12.0,1.0,4.0,21.0,95.0,4.0,4.0
191.0,13.0,1.0,4.0,14.0,95.0,3.0,3.0
191.0,14.0,1.0,4.0,21.0,95.0,3.0,1.0
191.0,15.0,1.0,4.0,11.0,14.0,5.0,5.0
191.0,16.0,1.0,4.0,,,,
191.0,17.0,1.0,4.0,21.0,95.0,4.0,7.0
191.0,18.0,1.0,4.0,21.0,95.0,2.0,1.0
191.0,19.0,1.0,4.0,21.0,21.0,4.0,4.0
191.0,20.0,1.0,4.0,14.0,22.0,5.0,3.0
192.0,1.0,1.0,4.0,,,,
192.0,2.0,1.0,4.0,13.0,13.0,5.0,7.0
192.0,3.0,1.0,4.0,13.0,23.0,4.0,3.0
192.0,4.0,1.0,4.0,32.0,95.0,3.0,5.0
192.0,5.0,1.0,4.0,32.0,95.0,4.0,4.0
192.0,6.0,1.0,4.0,14.0,12.0,5.0,10.0
192.0,7.0,1.0,4.0,32.0,95.0,5.0,12.0
192.0,8.0,1.0,4.0,14.0,95.0,4.0,1.0
192.0,9.0,1.0,4.0,,,,
192.0,10.0,1.0,4.0,14.0,22.0,4.0,4.0
192.0,11.0,1.0,4.0,14.0,12.0,4.0,1.0
192.0,12.0,1.0,4.0,31.0,12.0,4.0,10.0
192.0,13.0,1.0,4.0,12.0,12.0,5.0,3.0
192.0,14.0,1.0,4.0,14.0,12.0,4.0,1.0
192.0,15.0,1.0,4.0,31.0,22.0,5.0,3.0
192.0,16.0,1.0,4.0,14.0,23.0,4.0,1.0
192.0,17.0,1.0,4.0,14.0,95.0,3.0,1.0
192.0,18.0,1.0,4.0,,,,
192.0,19.0,1.0,4.0,13.0,95.0,4.0,5.0
192.0,20.0,1.0,4.0,13.0,95.0,3.0,1.0
193.0,1.0,2.0,4.0,32.0,95.0,1.0,1.0
193.0,2.0,2.0,4.0,31.0,95.0,2.0,2.0
193.0,3.0,2.0,4.0,32.0,95.0,1.0,6.0
193.0,4.0,2.0,4.0,32.0,95.0,2.0,4.0
193.0,5.0,2.0,4.0,32.0,95.0,2.0,7.0
193.0,6.0,2.0,4.0,42.0,95.0,2.0,5.0
193.0,7.0,2.0,4.0,21.0,95.0,1.0,4.0
193.0,8.0,2.0,4.0,21.0,95.0,2.0,4.0
193.0,9.0,2.0,4.0,32.0,95.0,1.0,3.0
193.0,10.0,2.0,4.0,14.0,95.0,1.0,2.0
193.0,11.0,2.0,4.0,32.0,95.0,2.0,4.0
193.0,12.0,2.0,4.0,21.0,95.0,1.0,6.0
193.0,13.0,2.0,4.0,42.0,95.0,3.0,7.0
193.0,14.0,2.0,4.0,42.0,95.0,1.0,5.0
193.0,15.0,2.0,4.0,32.0,95.0,1.0,4.0
193.0,16.0,2.0,4.0,14.0,95.0,2.0,3.0
193.0,17.0,2.0,4.0,21.0,95.0,2.0,5.0
193.0,18.0,2.0,4.0,14.0,95.0,1.0,3.0
193.0,19.0,2.0,4.0,42.0,95.0,2.0,1.0
193.0,20.0,2.0,4.0,21.0,95.0,3.0,5.0
194.0,1.0,2.0,4.0,32.0,95.0,2.0,1.0
194.0,2.0,2.0,4.0,21.0,95.0,3.0,9.0
194.0,3.0,2.0,4.0,21.0,23.0,3.0,2.0
194.0,4.0,2.0,4.0,21.0,95.0,3.0,1.0
194.0,5.0,2.0,4.0,14.0,21.0,2.0,4.0
194.0,6.0,2.0,4.0,21.0,23.0,2.0,6.0
194.0,7.0,2.0,4.0,21.0,95.0,5.0,1.0
194.0,8.0,2.0,4.0,21.0,23.0,2.0,2.0
194.0,9.0,2.0,4.0,21.0,23.0,1.0,5.0
194.0,10.0,2.0,4.0,21.0,23.0,2.0,4.0
194.0,11.0,2.0,4.0,21.0,21.0,3.0,2.0
194.0,12.0,2.0,4.0,32.0,95.0,2.0,4.0
194.0,13.0,2.0,4.0,31.0,23.0,2.0,3.0
194.0,14.0,2.0,4.0,21.0,95.0,1.0,2.0
194.0,15.0,2.0,4.0,21.0,95.0,2.0,6.0
194.0,16.0,2.0,4.0,21.0,22.0,2.0,2.0
194.0,17.0,2.0,4.0,21.0,21.0,2.0,5.0
194.0,18.0,2.0,4.0,32.0,95.0,1.0,2.0
194.0,19.0,2.0,4.0,31.0,95.0,1.0,7.0
194.0,20.0,2.0,4.0,21.0,23.0,2.0,1.0
195.0,1.0,2.0,4.0,21.0,23.0,2.0,10.0
195.0,2.0,2.0,4.0,21.0,51.0,3.0,8.0
195.0,3.0,2.0,4.0,32.0,95.0,1.0,2.0
195.0,4.0,2.0,4.0,31.0,21.0,3.0,3.0
195.0,5.0,2.0,4.0,32.0,95.0,1.0,5.0
195.0,6.0,2.0,4.0,21.0,23.0,1.0,6.0
195.0,7.0,2.0,4.0,21.0,95.0,3.0,5.0
195.0,8.0,2.0,4.0,21.0,95.0,1.0,4.0
195.0,9.0,2.0,4.0,21.0,95.0,2.0,10.0
195.0,10.0,2.0,4.0,21.0,23.0,3.0,10.0
195.0,11.0,2.0,4.0,32.0,23.0,3.0,2.0
195.0,12.0,2.0,4.0,21.0,23.0,2.0,6.0
195.0,13.0,2.0,4.0,21.0,22.0,3.0,6.0
195.0,14.0,2.0,4.0,21.0,95.0,2.0,6.0
195.0,15.0,2.0,4.0,31.0,95.0,2.0,1.0
195.0,16.0,2.0,4.0,32.0,23.0,2.0,3.0
195.0,17.0,2.0,4.0,31.0,22.0,2.0,3.0
195.0,18.0,2.0,4.0,32.0,23.0,2.0,1.0
195.0,19.0,2.0,4.0,,,,
195.0,20.0,2.0,4.0,21.0,23.0,3.0,8.0
196.0,1.0,2.0,4.0,32.0,95.0,1.0,1.0
196.0,2.0,2.0,4.0,21.0,23.0,2.0,3.0
196.0,3.0,2.0,4.0,21.0,95.0,2.0,2.0
196.0,4.0,2.0,4.0,31.0,21.0,2.0,5.0
196.0,5.0,2.0,4.0,42.0,31.0,2.0,5.0
196.0,6.0,2.0,4.0,21.0,23.0,2.0,8.0
196.0,7.0,2.0,4.0,42.0,31.0,2.0,11.0
196.0,8.0,2.0,4.0,32.0,31.0,2.0,2.0
196.0,9.0,2.0,4.0,21.0,23.0,2.0,5.0
196.0,10.0,2.0,4.0,14.0,21.0,2.0,5.0
196.0,11.0,2.0,4.0,21.0,23.0,3.0,6.0
196.0,12.0,2.0,4.0,21.0,22.0,3.0,7.0
196.0,13.0,2.0,4.0,21.0,95.0,2.0,7.0
196.0,14.0,2.0,4.0,31.0,23.0,1.0,1.0
196.0,15.0,2.0,4.0,42.0,31.0,2.0,5.0
196.0,16.0,2.0,4.0,14.0,95.0,2.0,2.0
196.0,17.0,2.0,4.0,31.0,95.0,1.0,2.0
196.0,18.0,2.0,4.0,21.0,23.0,2.0,1.0
196.0,19.0,2.0,4.0,81.0,95.0,1.0,3.0
196.0,20.0,2.0,4.0,31.0,95.0,1.0,2.0
197.0,1.0,2.0,4.0,81.0,95.0,3.0,2.0
197.0,2.0,2.0,4.0,81.0,95.0,1.0,5.0
197.0,3.0,2.0,4.0,81.0,95.0,1.0,7.0
197.0,4.0,2.0,4.0,32.0,95.0,1.0,1.0
197.0,5.0,2.0,4.0,31.0,95.0,2.0,5.0
197.0,6.0,2.0,4.0,81.0,95.0,1.0,4.0
197.0,7.0,2.0,4.0,42.0,95.0,2.0,7.0
197.0,8.0,2.0,4.0,81.0,95.0,1.0,14.0
197.0,9.0,2.0,4.0,42.0,95.0,1.0,5.0
197.0,10.0,2.0,4.0,81.0,95.0,2.0,1.0
197.0,11.0,2.0,4.0,31.0,95.0,1.0,1.0
197.0,12.0,2.0,4.0,81.0,95.0,1.0,5.0
197.0,13.0,2.0,4.0,81.0,95.0,1.0,7.0
197.0,14.0,2.0,4.0,81.0,95.0,1.0,4.0
197.0,15.0,2.0,4.0,21.0,12.0,4.0,5.0
197.0,16.0,2.0,4.0,81.0,95.0,1.0,1.0
197.0,17.0,2.0,4.0,81.0,95.0,1.0,2.0
197.0,18.0,2.0,4.0,81.0,95.0,1.0,4.0
197.0,19.0,2.0,4.0,32.0,95.0,1.0,8.0
197.0,20.0,2.0,4.0,32.0,95.0,2.0,3.0
198.0,1.0,2.0,4.0,21.0,23.0,1.0,7.0
198.0,2.0,2.0,4.0,14.0,31.0,2.0,7.0
198.0,3.0,2.0,4.0,21.0,23.0,2.0,4.0
198.0,4.0,2.0,4.0,21.0,23.0,2.0,1.0
198.0,5.0,2.0,4.0,21.0,95.0,1.0,5.0
198.0,6.0,2.0,4.0,,,,
198.0,7.0,2.0,4.0,21.0,23.0,3.0,6.0
198.0,8.0,2.0,4.0,81.0,31.0,2.0,7.0
198.0,9.0,2.0,4.0,21.0,95.0,1.0,3.0
198.0,10.0,2.0,4.0,21.0,23.0,1.0,6.0
198.0,11.0,2.0,4.0,21.0,95.0,1.0,2.0
198.0,12.0,2.0,4.0,21.0,23.0,3.0,4.0
198.0,13.0,2.0,4.0,14.0,31.0,4.0,6.0
198.0,14.0,2.0,4.0,14.0,95.0,3.0,5.0
198.0,15.0,2.0,4.0,21.0,23.0,1.0,7.0
198.0,16.0,2.0,4.0,21.0,95.0,1.0,2.0
198.0,17.0,2.0,4.0,21.0,23.0,1.0,6.0
198.0,18.0,2.0,4.0,21.0,23.0,4.0,2.0
198.0,19.0,2.0,4.0,21.0,31.0,2.0,6.0
198.0,20.0,2.0,4.0,14.0,31.0,3.0,1.0
199.0,1.0,2.0,4.0,12.0,21.0,3.0,6.0
199.0,2.0,2.0,4.0,11.0,12.0,5.0,1.0
199.0,3.0,2.0,4.0,21.0,95.0,3.0,1.0
199.0,4.0,2.0,4.0,14.0,95.0,3.0,1.0
199.0,5.0,2.0,4.0,13.0,95.0,4.0,3.0
199.0,6.0,2.0,4.0,12.0,12.0,5.0,7.0
199.0,7.0,2.0,4.0,21.0,95.0,2.0,1.0
199.0,8.0,2.0,4.0,31.0,23.0,4.0,5.0
199.0,9.0,2.0,4.0,31.0,95.0,1.0,2.0
199.0,10.0,2.0,4.0,,,,
199.0,11.0,2.0,4.0,31.0,95.0,2.0,5.0
199.0,12.0,2.0,4.0,11.0,12.0,5.0,5.0
199.0,13.0,2.0,4.0,21.0,95.0,3.0,3.0
199.0,14.0,2.0,4.0,21.0,95.0,3.0,1.0
199.0,15.0,2.0,4.0,31.0,95.0,2.0,2.0
199.0,16.0,2.0,4.0,13.0,95.0,2.0,2.0
199.0,17.0,2.0,4.0,21.0,21.0,5.0,1.0
199.0,18.0,2.0,4.0,32.0,95.0,3.0,4.0
199.0,19.0,2.0,4.0,21.0,23.0,3.0,3.0
199.0,20.0,2.0,4.0,31.0,95.0,2.0,1.0
200.0,1.0,2.0,4.0,21.0,22.0,3.0,3.0
200.0,2.0,2.0,4.0,21.0,95.0,3.0,5.0
200.0,3.0,2.0,4.0,21.0,95.0,1.0,1.0
200.0,4.0,2.0,4.0,21.0,95.0,3.0,2.0
200.0,5.0,2.0,4.0,31.0,95.0,3.0,3.0
200.0,6.0,2.0,4.0,14.0,22.0,5.0,3.0
200.0,7.0,2.0,4.0,21.0,95.0,3.0,7.0
200.0,8.0,2.0,4.0,21.0,95.0,4.0,4.0
200.0,9.0,2.0,4.0,21.0,95.0,3.0,3.0
200.0,10.0,2.0,4.0,21.0,95.0,4.0,7.0
200.0,11.0,2.0,4.0,32.0,95.0,1.0,4.0
200.0,12.0,2.0,4.0,31.0,95.0,3.0,3.0
200.0,13.0,2.0,4.0,21.0,95.0,3.0,6.0
200.0,14.0,2.0,4.0,11.0,12.0,5.0,4.0
200.0,15.0,2.0,4.0,31.0,95.0,5.0,8.0
200.0,16.0,2.0,4.0,21.0,31.0,3.0,1.0
200.0,17.0,2.0,4.0,21.0,95.0,3.0,1.0
200.0,18.0,2.0,4.0,14.0,95.0,2.0,7.0
200.0,19.0,2.0,4.0,21.0,95.0,3.0,2.0
200.0,20.0,2.0,4.0,21.0,23.0,5.0,3.0
201.0,1.0,2.0,4.0,51.0,95.0,1.0,1.0
201.0,2.0,2.0,4.0,14.0,95.0,3.0,1.0
201.0,3.0,2.0,4.0,21.0,31.0,3.0,3.0
201.0,4.0,2.0,4.0,31.0,95.0,3.0,1.0
201.0,5.0,2.0,4.0,21.0,13.0,3.0,1.0
201.0,6.0,2.0,4.0,31.0,95.0,2.0,6.0
201.0,7.0,2.0,4.0,32.0,95.0,1.0,1.0
201.0,8.0,2.0,4.0,21.0,13.0,4.0,4.0
201.0,9.0,2.0,4.0,21.0,95.0,3.0,1.0
201.0,10.0,2.0,4.0,21.0,95.0,1.0,2.0
201.0,11.0,2.0,4.0,21.0,95.0,3.0,4.0
201.0,12.0,2.0,4.0,14.0,95.0,3.0,1.0
201.0,13.0,2.0,4.0,21.0,95.0,2.0,2.0
201.0,14.0,2.0,4.0,14.0,95.0,3.0,4.0
201.0,15.0,2.0,4.0,32.0,31.0,3.0,1.0
201.0,16.0,2.0,4.0,21.0,12.0,4.0,1.0
201.0,17.0,2.0,4.0,21.0,31.0,3.0,2.0
201.0,18.0,2.0,4.0,13.0,95.0,4.0,4.0
201.0,19.0,2.0,4.0,21.0,22.0,4.0,5.0
201.0,20.0,2.0,4.0,21.0,95.0,2.0,2.0
202.0,1.0,2.0,4.0,11.0,12.0,5.0,3.0
202.0,2.0,2.0,4.0,21.0,95.0,1.0,2.0
202.0,3.0,2.0,4.0,32.0,22.0,2.0,3.0
202.0,4.0,2.0,4.0,21.0,31.0,3.0,1.0
202.0,5.0,2.0,4.0,21.0,95.0,2.0,1.0
202.0,6.0,2.0,4.0,21.0,23.0,4.0,8.0
202.0,7.0,2.0,4.0,21.0,95.0,3.0,4.0
202.0,8.0,2.0,4.0,21.0,95.0,3.0,4.0
202.0,9.0,2.0,4.0,32.0,95.0,1.0,3.0
202.0,10.0,2.0,4.0,21.0,95.0,3.0,1.0
202.0,11.0,2.0,4.0,21.0,95.0,2.0,6.0
202.0,12.0,2.0,4.0,31.0,23.0,4.0,1.0
202.0,13.0,2.0,4.0,21.0,95.0,3.0,1.0
202.0,14.0,2.0,4.0,31.0,95.0,3.0,4.0
202.0,15.0,2.0,4.0,21.0,22.0,3.0,2.0
202.0,16.0,2.0,4.0,11.0,12.0,5.0,2.0
202.0,17.0,2.0,4.0,32.0,95.0,2.0,2.0
202.0,18.0,2.0,4.0,,,,
202.0,19.0,2.0,4.0,21.0,95.0,3.0,1.0
202.0,20.0,2.0,4.0,14.0,95.0,5.0,4.0
203.0,1.0,2.0,4.0,32.0,95.0,1.0,2.0
203.0,2.0,2.0,4.0,42.0,95.0,2.0,6.0
203.0,3.0,2.0,4.0,31.0,95.0,3.0,2.0
203.0,4.0,2.0,4.0,32.0,95.0,1.0,2.0
203.0,5.0,2.0,4.0,31.0,95.0,2.0,5.0
203.0,6.0,2.0,4.0,32.0,95.0,2.0,5.0
203.0,7.0,2.0,4.0,32.0,95.0,2.0,4.0
203.0,8.0,2.0,4.0,21.0,95.0,1.0,2.0
203.0,9.0,2.0,4.0,31.0,23.0,3.0,6.0
203.0,10.0,2.0,4.0,31.0,95.0,3.0,1.0
203.0,11.0,2.0,4.0,21.0,95.0,1.0,4.0
203.0,12.0,2.0,4.0,21.0,95.0,1.0,5.0
203.0,13.0,2.0,4.0,21.0,95.0,2.0,5.0
203.0,14.0,2.0,4.0,21.0,95.0,2.0,6.0
203.0,15.0,2.0,4.0,21.0,95.0,2.0,2.0
203.0,16.0,2.0,4.0,31.0,95.0,3.0,1.0
203.0,17.0,2.0,4.0,21.0,22.0,3.0,2.0
203.0,18.0,2.0,4.0,21.0,95.0,3.0,2.0
203.0,19.0,2.0,4.0,32.0,95.0,3.0,11.0
203.0,20.0,2.0,4.0,32.0,95.0,4.0,3.0
204.0,1.0,2.0,4.0,31.0,95.0,1.0,1.0
204.0,2.0,2.0,4.0,32.0,95.0,1.0,2.0
204.0,3.0,2.0,4.0,31.0,95.0,2.0,5.0
204.0,4.0,2.0,4.0,32.0,95.0,3.0,6.0
204.0,5.0,2.0,4.0,31.0,95.0,1.0,1.0
204.0,6.0,2.0,4.0,14.0,95.0,2.0,2.0
204.0,7.0,2.0,4.0,41.0,95.0,3.0,1.0
204.0,8.0,2.0,4.0,12.0,95.0,3.0,10.0
204.0,9.0,2.0,4.0,32.0,95.0,1.0,4.0
204.0,10.0,2.0,4.0,14.0,95.0,1.0,1.0
204.0,11.0,2.0,4.0,13.0,95.0,2.0,1.0
204.0,12.0,2.0,4.0,13.0,22.0,5.0,1.0
204.0,13.0,2.0,4.0,32.0,95.0,2.0,1.0
204.0,14.0,2.0,4.0,13.0,12.0,4.0,1.0
204.0,15.0,2.0,4.0,12.0,22.0,4.0,7.0
204.0,16.0,2.0,4.0,42.0,95.0,1.0,7.0
204.0,17.0,2.0,4.0,,,,
204.0,18.0,2.0,4.0,42.0,95.0,2.0,4.0
204.0,19.0,2.0,4.0,32.0,95.0,3.0,2.0
204.0,20.0,2.0,4.0,14.0,95.0,3.0,1.0
205.0,1.0,2.0,4.0,21.0,95.0,1.0,2.0
205.0,2.0,2.0,4.0,81.0,95.0,1.0,1.0
205.0,3.0,2.0,4.0,21.0,95.0,2.0,3.0
205.0,4.0,2.0,4.0,41.0,95.0,1.0,6.0
205.0,5.0,2.0,4.0,32.0,95.0,2.0,1.0
205.0,6.0,2.0,4.0,21.0,95.0,1.0,1.0
205.0,7.0,2.0,4.0,32.0,95.0,1.0,2.0
205.0,8.0,2.0,4.0,32.0,95.0,2.0,9.0
205.0,9.0,2.0,4.0,31.0,95.0,2.0,5.0
205.0,10.0,2.0,4.0,42.0,95.0,1.0,5.0
205.0,11.0,2.0,4.0,21.0,95.0,2.0,3.0
205.0,12.0,2.0,4.0,21.0,95.0,1.0,3.0
205.0,13.0,2.0,4.0,31.0,95.0,2.0,2.0
205.0,14.0,2.0,4.0,31.0,95.0,2.0,1.0
205.0,15.0,2.0,4.0,21.0,95.0,1.0,3.0
205.0,16.0,2.0,4.0,21.0,95.0,1.0,9.0
205.0,17.0,2.0,4.0,21.0,95.0,1.0,3.0
205.0,18.0,2.0,4.0,31.0,22.0,2.0,3.0
205.0,19.0,2.0,4.0,32.0,95.0,2.0,6.0
205.0,20.0,2.0,4.0,21.0,95.0,2.0,5.0
206.0,1.0,2.0,4.0,21.0,13.0,1.0,2.0
206.0,2.0,2.0,4.0,21.0,12.0,2.0,4.0
206.0,3.0,2.0,4.0,32.0,95.0,1.0,7.0
206.0,4.0,2.0,4.0,14.0,95.0,1.0,3.0
206.0,5.0,2.0,4.0,21.0,13.0,3.0,2.0
206.0,6.0,2.0,4.0,14.0,95.0,2.0,15.0
206.0,7.0,2.0,4.0,21.0,13.0,3.0,2.0
206.0,8.0,2.0,4.0,21.0,22.0,3.0,4.0
206.0,9.0,2.0,4.0,21.0,22.0,4.0,9.0
206.0,10.0,2.0,4.0,14.0,22.0,3.0,3.0
206.0,11.0,2.0,4.0,41.0,95.0,4.0,9.0
206.0,12.0,2.0,4.0,31.0,31.0,2.0,5.0
206.0,13.0,2.0,4.0,41.0,95.0,3.0,1.0
206.0,14.0,2.0,4.0,42.0,95.0,2.0,1.0
206.0,15.0,2.0,4.0,,,,
206.0,16.0,2.0,4.0,32.0,95.0,1.0,1.0
206.0,17.0,2.0,4.0,14.0,23.0,2.0,8.0
206.0,18.0,2.0,4.0,14.0,95.0,3.0,4.0
206.0,19.0,2.0,4.0,21.0,95.0,3.0,3.0
206.0,20.0,2.0,4.0,21.0,95.0,3.0,1.0
207.0,1.0,2.0,4.0,31.0,95.0,2.0,8.0
207.0,2.0,2.0,4.0,21.0,95.0,3.0,3.0
207.0,3.0,2.0,4.0,21.0,95.0,1.0,4.0
207.0,4.0,2.0,4.0,32.0,95.0,2.0,5.0
207.0,5.0,2.0,4.0,42.0,95.0,3.0,6.0
207.0,6.0,2.0,4.0,21.0,95.0,4.0,8.0
207.0,7.0,2.0,4.0,31.0,95.0,2.0,3.0
207.0,8.0,2.0,4.0,21.0,95.0,3.0,4.0
207.0,9.0,2.0,4.0,21.0,95.0,2.0,4.0
207.0,10.0,2.0,4.0,21.0,95.0,1.0,5.0
207.0,11.0,2.0,4.0,32.0,95.0,2.0,3.0
207.0,12.0,2.0,4.0,31.0,95.0,5.0,4.0
207.0,13.0,2.0,4.0,32.0,95.0,2.0,3.0
207.0,14.0,2.0,4.0,21.0,95.0,2.0,4.0
207.0,15.0,2.0,4.0,31.0,31.0,1.0,1.0
207.0,16.0,2.0,4.0,12.0,95.0,3.0,4.0
207.0,17.0,2.0,4.0,21.0,95.0,2.0,11.0
207.0,18.0,2.0,4.0,21.0,95.0,2.0,4.0
207.0,19.0,2.0,4.0,32.0,95.0,1.0,5.0
207.0,20.0,2.0,4.0,81.0,95.0,1.0,4.0
208.0,1.0,2.0,4.0,21.0,31.0,2.0,12.0
208.0,2.0,2.0,4.0,21.0,22.0,2.0,6.0
208.0,3.0,2.0,4.0,31.0,95.0,1.0,9.0
208.0,4.0,2.0,4.0,21.0,95.0,2.0,4.0
208.0,5.0,2.0,4.0,21.0,95.0,1.0,4.0
208.0,6.0,2.0,4.0,21.0,95.0,2.0,3.0
208.0,7.0,2.0,4.0,32.0,31.0,2.0,4.0
208.0,8.0,2.0,4.0,21.0,95.0,1.0,2.0
208.0,9.0,2.0,4.0,21.0,95.0,1.0,4.0
208.0,10.0,2.0,4.0,21.0,95.0,2.0,3.0
208.0,11.0,2.0,4.0,81.0,95.0,1.0,7.0
208.0,12.0,2.0,4.0,21.0,95.0,2.0,5.0
208.0,13.0,2.0,4.0,31.0,95.0,2.0,6.0
208.0,14.0,2.0,4.0,32.0,31.0,2.0,6.0
208.0,15.0,2.0,4.0,32.0,95.0,2.0,8.0
208.0,16.0,2.0,4.0,21.0,31.0,3.0,7.0
208.0,17.0,2.0,4.0,32.0,95.0,2.0,4.0
208.0,18.0,2.0,4.0,21.0,95.0,2.0,9.0
208.0,19.0,2.0,4.0,31.0,95.0,1.0,6.0
208.0,20.0,2.0,4.0,81.0,95.0,1.0,5.0
209.0,1.0,2.0,4.0,21.0,95.0,1.0,2.0
209.0,2.0,2.0,4.0,14.0,31.0,2.0,6.0
209.0,3.0,2.0,4.0,21.0,95.0,2.0,5.0
209.0,4.0,2.0,4.0,31.0,95.0,1.0,1.0
209.0,5.0,2.0,4.0,31.0,95.0,1.0,3.0
209.0,6.0,2.0,4.0,41.0,95.0,2.0,6.0
209.0,7.0,2.0,4.0,32.0,95.0,1.0,9.0
209.0,8.0,2.0,4.0,21.0,95.0,2.0,1.0
209.0,9.0,2.0,4.0,32.0,95.0,1.0,7.0
209.0,10.0,2.0,4.0,32.0,95.0,3.0,5.0
209.0,11.0,2.0,4.0,11.0,12.0,3.0,8.0
209.0,12.0,2.0,4.0,32.0,95.0,2.0,2.0
209.0,13.0,2.0,4.0,21.0,22.0,3.0,12.0
209.0,14.0,2.0,4.0,31.0,95.0,2.0,3.0
209.0,15.0,2.0,4.0,42.0,95.0,1.0,5.0
209.0,16.0,2.0,4.0,21.0,95.0,2.0,4.0
209.0,17.0,2.0,4.0,21.0,95.0,1.0,1.0
209.0,18.0,2.0,4.0,32.0,95.0,1.0,4.0
209.0,19.0,2.0,4.0,31.0,95.0,2.0,8.0
209.0,20.0,2.0,4.0,32.0,95.0,1.0,2.0
210.0,1.0,2.0,4.0,32.0,95.0,1.0,5.0
210.0,2.0,2.0,4.0,32.0,95.0,2.0,5.0
210.0,3.0,2.0,4.0,31.0,95.0,2.0,2.0
210.0,4.0,2.0,4.0,31.0,95.0,2.0,2.0
210.0,5.0,2.0,4.0,31.0,95.0,1.0,5.0
210.0,6.0,2.0,4.0,32.0,95.0,2.0,17.0
210.0,7.0,2.0,4.0,32.0,95.0,2.0,7.0
210.0,8.0,2.0,4.0,81.0,95.0,2.0,6.0
210.0,9.0,2.0,4.0,32.0,95.0,1.0,6.0
210.0,10.0,2.0,4.0,31.0,95.0,2.0,8.0
210.0,11.0,2.0,4.0,21.0,95.0,2.0,11.0
210.0,12.0,2.0,4.0,31.0,95.0,2.0,5.0
210.0,13.0,2.0,4.0,32.0,95.0,2.0,6.0
210.0,14.0,2.0,4.0,42.0,95.0,1.0,6.0
210.0,15.0,2.0,4.0,41.0,95.0,2.0,5.0
210.0,16.0,2.0,4.0,31.0,95.0,2.0,2.0
210.0,17.0,2.0,4.0,32.0,95.0,2.0,8.0
210.0,18.0,2.0,4.0,32.0,95.0,1.0,8.0
210.0,19.0,2.0,4.0,31.0,95.0,1.0,3.0
210.0,20.0,2.0,4.0,21.0,95.0,2.0,5.0
211.0,1.0,2.0,4.0,21.0,95.0,3.0,1.0
211.0,2.0,2.0,4.0,21.0,21.0,4.0,4.0
211.0,3.0,2.0,4.0,14.0,31.0,4.0,5.0
211.0,4.0,2.0,4.0,21.0,95.0,5.0,3.0
211.0,5.0,2.0,4.0,21.0,21.0,4.0,4.0
211.0,6.0,2.0,4.0,31.0,22.0,3.0,8.0
211.0,7.0,2.0,4.0,21.0,21.0,4.0,6.0
211.0,8.0,2.0,4.0,11.0,12.0,5.0,3.0
211.0,9.0,2.0,4.0,21.0,95.0,3.0,5.0
211.0,10.0,2.0,4.0,11.0,12.0,5.0,3.0
211.0,11.0,2.0,4.0,21.0,31.0,5.0,13.0
211.0,12.0,2.0,4.0,21.0,95.0,4.0,3.0
211.0,13.0,2.0,4.0,32.0,95.0,1.0,1.0
211.0,14.0,2.0,4.0,21.0,21.0,4.0,1.0
211.0,15.0,2.0,4.0,21.0,95.0,3.0,5.0
211.0,16.0,2.0,4.0,12.0,95.0,4.0,1.0
211.0,17.0,2.0,4.0,31.0,95.0,4.0,6.0
211.0,18.0,2.0,4.0,12.0,22.0,5.0,1.0
211.0,19.0,2.0,4.0,12.0,12.0,5.0,5.0
211.0,20.0,2.0,4.0,12.0,31.0,5.0,4.0
212.0,1.0,2.0,4.0,21.0,95.0,3.0,1.0
212.0,2.0,2.0,4.0,13.0,95.0,3.0,2.0
212.0,3.0,2.0,4.0,31.0,95.0,2.0,4.0
212.0,4.0,2.0,4.0,14.0,95.0,3.0,6.0
212.0,5.0,2.0,4.0,14.0,22.0,4.0,2.0
212.0,6.0,2.0,4.0,21.0,95.0,4.0,6.0
212.0,7.0,2.0,4.0,31.0,95.0,3.0,13.0
212.0,8.0,2.0,4.0,13.0,95.0,3.0,13.0
212.0,9.0,2.0,4.0,32.0,95.0,3.0,3.0
212.0,10.0,2.0,4.0,21.0,95.0,3.0,3.0
212.0,11.0,2.0,4.0,41.0,95.0,4.0,4.0
212.0,12.0,2.0,4.0,21.0,95.0,2.0,17.0
212.0,13.0,2.0,4.0,31.0,95.0,2.0,15.0
212.0,14.0,2.0,4.0,31.0,95.0,2.0,7.0
212.0,15.0,2.0,4.0,31.0,95.0,2.0,2.0
212.0,16.0,2.0,4.0,32.0,95.0,3.0,15.0
212.0,17.0,2.0,4.0,14.0,31.0,4.0,8.0
212.0,18.0,2.0,4.0,31.0,95.0,3.0,7.0
212.0,19.0,2.0,4.0,14.0,22.0,5.0,7.0
212.0,20.0,2.0,4.0,31.0,95.0,3.0,4.0
213.0,1.0,2.0,4.0,21.0,31.0,3.0,5.0
213.0,2.0,2.0,4.0,21.0,95.0,3.0,1.0
213.0,3.0,2.0,4.0,21.0,95.0,2.0,6.0
213.0,4.0,2.0,4.0,32.0,95.0,1.0,3.0
213.0,5.0,2.0,4.0,21.0,31.0,1.0,3.0
213.0,6.0,2.0,4.0,32.0,95.0,2.0,5.0
213.0,7.0,2.0,4.0,21.0,95.0,2.0,9.0
213.0,8.0,2.0,4.0,21.0,95.0,3.0,7.0
213.0,9.0,2.0,4.0,31.0,95.0,3.0,4.0
213.0,10.0,2.0,4.0,21.0,95.0,3.0,12.0
213.0,11.0,2.0,4.0,32.0,95.0,3.0,4.0
213.0,12.0,2.0,4.0,21.0,95.0,3.0,5.0
213.0,13.0,2.0,4.0,31.0,95.0,1.0,2.0
213.0,14.0,2.0,4.0,21.0,95.0,3.0,2.0
213.0,15.0,2.0,4.0,21.0,95.0,3.0,3.0
213.0,16.0,2.0,4.0,,,,
213.0,17.0,2.0,4.0,21.0,95.0,1.0,3.0
213.0,18.0,2.0,4.0,32.0,95.0,1.0,1.0
213.0,19.0,2.0,4.0,21.0,31.0,2.0,2.0
213.0,20.0,2.0,4.0,21.0,95.0,3.0,4.0
214.0,1.0,2.0,4.0,21.0,31.0,3.0,1.0
214.0,2.0,2.0,4.0,21.0,95.0,3.0,2.0
214.0,3.0,2.0,4.0,21.0,23.0,2.0,2.0
214.0,4.0,2.0,4.0,21.0,31.0,3.0,4.0
214.0,5.0,2.0,4.0,21.0,95.0,3.0,6.0
214.0,6.0,2.0,4.0,,,,
214.0,7.0,2.0,4.0,21.0,95.0,2.0,6.0
214.0,8.0,2.0,4.0,14.0,31.0,3.0,14.0
214.0,9.0,2.0,4.0,14.0,12.0,3.0,9.0
214.0,10.0,2.0,4.0,21.0,23.0,2.0,8.0
214.0,11.0,2.0,4.0,21.0,23.0,3.0,7.0
214.0,12.0,2.0,4.0,14.0,95.0,2.0,8.0
214.0,13.0,2.0,4.0,21.0,23.0,3.0,4.0
214.0,14.0,2.0,4.0,21.0,23.0,3.0,2.0
214.0,15.0,2.0,4.0,21.0,31.0,3.0,3.0
214.0,16.0,2.0,4.0,21.0,23.0,2.0,4.0
214.0,17.0,2.0,4.0,21.0,23.0,3.0,4.0
214.0,18.0,2.0,4.0,21.0,95.0,3.0,1.0
214.0,19.0,2.0,4.0,21.0,22.0,4.0,3.0
214.0,20.0,2.0,4.0,21.0,23.0,2.0,5.0
215.0,1.0,2.0,4.0,81.0,95.0,1.0,7.0
215.0,2.0,2.0,4.0,21.0,95.0,1.0,2.0
215.0,3.0,2.0,4.0,32.0,23.0,1.0,5.0
215.0,4.0,2.0,4.0,32.0,31.0,2.0,5.0
215.0,5.0,2.0,4.0,21.0,95.0,1.0,2.0
215.0,6.0,2.0,4.0,81.0,31.0,2.0,7.0
215.0,7.0,2.0,4.0,81.0,31.0,2.0,11.0
215.0,8.0,2.0,4.0,21.0,31.0,2.0,2.0
215.0,9.0,2.0,4.0,21.0,23.0,2.0,4.0
215.0,10.0,2.0,4.0,31.0,23.0,2.0,1.0
215.0,11.0,2.0,4.0,21.0,23.0,1.0,6.0
215.0,12.0,2.0,4.0,31.0,31.0,3.0,2.0
215.0,13.0,2.0,4.0,31.0,23.0,3.0,4.0
215.0,14.0,2.0,4.0,31.0,95.0,1.0,2.0
215.0,15.0,2.0,4.0,,,,
215.0,16.0,2.0,4.0,21.0,31.0,2.0,3.0
215.0,17.0,2.0,4.0,81.0,23.0,1.0,7.0
215.0,18.0,2.0,4.0,21.0,95.0,3.0,1.0
215.0,19.0,2.0,4.0,81.0,23.0,1.0,2.0
215.0,20.0,2.0,4.0,21.0,31.0,2.0,1.0
216.0,1.0,2.0,4.0,21.0,31.0,2.0,4.0
216.0,2.0,2.0,4.0,14.0,95.0,3.0,4.0
216.0,3.0,2.0,4.0,21.0,21.0,3.0,4.0
216.0,4.0,2.0,4.0,12.0,31.0,3.0,1.0
216.0,5.0,2.0,4.0,31.0,95.0,2.0,2.0
216.0,6.0,2.0,4.0,32.0,95.0,3.0,4.0
216.0,7.0,2.0,4.0,11.0,31.0,4.0,7.0
216.0,8.0,2.0,4.0,21.0,95.0,2.0,5.0
216.0,9.0,2.0,4.0,31.0,21.0,2.0,7.0
216.0,10.0,2.0,4.0,12.0,31.0,4.0,13.0
216.0,11.0,2.0,4.0,21.0,95.0,3.0,3.0
216.0,12.0,2.0,4.0,12.0,95.0,3.0,3.0
216.0,13.0,2.0,4.0,31.0,95.0,1.0,3.0
216.0,14.0,2.0,4.0,31.0,21.0,2.0,1.0
216.0,15.0,2.0,4.0,21.0,23.0,3.0,1.0
216.0,16.0,2.0,4.0,21.0,23.0,3.0,5.0
216.0,17.0,2.0,4.0,21.0,95.0,3.0,4.0
216.0,18.0,2.0,4.0,31.0,23.0,2.0,2.0
216.0,19.0,2.0,4.0,81.0,23.0,1.0,1.0
216.0,20.0,2.0,4.0,21.0,31.0,3.0,1.0
217.0,1.0,2.0,4.0,21.0,95.0,3.0,7.0
217.0,2.0,2.0,4.0,81.0,23.0,1.0,2.0
217.0,3.0,2.0,4.0,21.0,95.0,1.0,8.0
217.0,4.0,2.0,4.0,14.0,95.0,3.0,9.0
217.0,5.0,2.0,4.0,21.0,95.0,3.0,1.0
217.0,6.0,2.0,4.0,,,,
217.0,7.0,2.0,4.0,21.0,95.0,4.0,7.0
217.0,8.0,2.0,4.0,21.0,95.0,2.0,1.0
217.0,9.0,2.0,4.0,21.0,95.0,3.0,2.0
217.0,10.0,2.0,4.0,,,,
217.0,11.0,2.0,4.0,21.0,22.0,3.0,4.0
217.0,12.0,2.0,4.0,12.0,12.0,4.0,1.0
217.0,13.0,2.0,4.0,21.0,22.0,3.0,4.0
217.0,14.0,2.0,4.0,81.0,95.0,1.0,2.0
217.0,15.0,2.0,4.0,13.0,95.0,2.0,3.0
217.0,16.0,2.0,4.0,21.0,95.0,1.0,1.0
217.0,17.0,2.0,4.0,21.0,95.0,1.0,2.0
217.0,18.0,2.0,4.0,12.0,12.0,4.0,5.0
217.0,19.0,2.0,4.0,21.0,23.0,2.0,6.0
217.0,20.0,2.0,4.0,21.0,23.0,3.0,4.0
218.0,1.0,2.0,4.0,14.0,23.0,2.0,2.0
218.0,2.0,2.0,4.0,14.0,23.0,3.0,5.0
218.0,3.0,2.0,4.0,11.0,22.0,3.0,6.0
218.0,4.0,2.0,4.0,21.0,95.0,3.0,7.0
218.0,5.0,2.0,4.0,14.0,31.0,2.0,3.0
218.0,6.0,2.0,4.0,14.0,95.0,2.0,8.0
218.0,7.0,2.0,4.0,14.0,31.0,2.0,7.0
218.0,8.0,2.0,4.0,21.0,95.0,1.0,2.0
218.0,9.0,2.0,4.0,14.0,95.0,1.0,1.0
218.0,10.0,2.0,4.0,14.0,31.0,2.0,8.0
218.0,11.0,2.0,4.0,32.0,95.0,1.0,2.0
218.0,12.0,2.0,4.0,81.0,95.0,1.0,1.0
218.0,13.0,2.0,4.0,32.0,95.0,2.0,5.0
218.0,14.0,2.0,4.0,14.0,31.0,2.0,3.0
218.0,15.0,2.0,4.0,,,,
218.0,16.0,2.0,4.0,14.0,23.0,3.0,7.0
218.0,17.0,2.0,4.0,21.0,31.0,3.0,7.0
218.0,18.0,2.0,4.0,14.0,95.0,3.0,8.0
218.0,19.0,2.0,4.0,32.0,95.0,3.0,4.0
218.0,20.0,2.0,4.0,32.0,95.0,1.0,4.0
219.0,1.0,2.0,4.0,81.0,95.0,1.0,4.0
219.0,2.0,2.0,4.0,81.0,95.0,1.0,3.0
219.0,3.0,2.0,4.0,81.0,95.0,1.0,6.0
219.0,4.0,2.0,4.0,32.0,95.0,1.0,1.0
219.0,5.0,2.0,4.0,81.0,95.0,1.0,6.0
219.0,6.0,2.0,4.0,21.0,95.0,1.0,4.0
219.0,7.0,2.0,4.0,81.0,95.0,1.0,1.0
219.0,8.0,2.0,4.0,81.0,95.0,1.0,7.0
219.0,9.0,2.0,4.0,31.0,95.0,1.0,4.0
219.0,10.0,2.0,4.0,21.0,95.0,1.0,1.0
219.0,11.0,2.0,4.0,81.0,95.0,1.0,3.0
219.0,12.0,2.0,4.0,81.0,95.0,1.0,1.0
219.0,13.0,2.0,4.0,32.0,95.0,2.0,9.0
219.0,14.0,2.0,4.0,31.0,95.0,1.0,1.0
219.0,15.0,2.0,4.0,32.0,95.0,2.0,7.0
219.0,16.0,2.0,4.0,81.0,95.0,2.0,6.0
219.0,17.0,2.0,4.0,81.0,95.0,1.0,3.0
219.0,18.0,2.0,4.0,21.0,95.0,1.0,3.0
219.0,19.0,2.0,4.0,32.0,95.0,1.0,3.0
219.0,20.0,2.0,4.0,21.0,95.0,2.0,5.0
220.0,1.0,2.0,4.0,31.0,95.0,2.0,4.0
220.0,2.0,2.0,4.0,21.0,95.0,1.0,2.0
220.0,3.0,2.0,4.0,32.0,95.0,1.0,3.0
220.0,4.0,2.0,4.0,42.0,95.0,2.0,5.0
220.0,5.0,2.0,4.0,81.0,95.0,1.0,6.0
220.0,6.0,2.0,4.0,31.0,95.0,1.0,7.0
220.0,7.0,2.0,4.0,81.0,95.0,2.0,5.0
220.0,8.0,2.0,4.0,32.0,95.0,1.0,5.0
220.0,9.0,2.0,4.0,42.0,95.0,1.0,8.0
220.0,10.0,2.0,4.0,31.0,95.0,1.0,6.0
220.0,11.0,2.0,4.0,32.0,95.0,1.0,3.0
220.0,12.0,2.0,4.0,21.0,95.0,1.0,1.0
220.0,13.0,2.0,4.0,,,,
220.0,14.0,2.0,4.0,21.0,95.0,1.0,2.0
220.0,15.0,2.0,4.0,81.0,95.0,1.0,7.0
220.0,16.0,2.0,4.0,32.0,95.0,1.0,7.0
220.0,17.0,2.0,4.0,21.0,23.0,3.0,3.0
220.0,18.0,2.0,4.0,21.0,95.0,1.0,3.0
220.0,19.0,2.0,4.0,81.0,95.0,1.0,5.0
220.0,20.0,2.0,4.0,21.0,95.0,1.0,1.0
221.0,1.0,2.0,4.0,21.0,95.0,1.0,1.0
221.0,2.0,2.0,4.0,,,,
221.0,3.0,2.0,4.0,81.0,95.0,1.0,4.0
221.0,4.0,2.0,4.0,32.0,23.0,2.0,10.0
221.0,5.0,2.0,4.0,21.0,95.0,3.0,7.0
221.0,6.0,2.0,4.0,32.0,95.0,1.0,4.0
221.0,7.0,2.0,4.0,21.0,95.0,1.0,5.0
221.0,8.0,2.0,4.0,31.0,23.0,2.0,9.0
221.0,9.0,2.0,4.0,81.0,95.0,1.0,3.0
221.0,10.0,2.0,4.0,32.0,95.0,4.0,2.0
221.0,11.0,2.0,4.0,21.0,95.0,3.0,5.0
221.0,12.0,2.0,4.0,31.0,95.0,1.0,7.0
221.0,13.0,2.0,4.0,31.0,23.0,2.0,7.0
221.0,14.0,2.0,4.0,81.0,95.0,1.0,6.0
221.0,15.0,2.0,4.0,31.0,95.0,1.0,6.0
221.0,16.0,2.0,4.0,21.0,95.0,1.0,1.0
221.0,17.0,2.0,4.0,81.0,95.0,1.0,2.0
221.0,18.0,2.0,4.0,81.0,95.0,1.0,6.0
221.0,19.0,2.0,4.0,,,,
221.0,20.0,2.0,4.0,81.0,95.0,1.0,4.0
222.0,1.0,2.0,4.0,21.0,95.0,2.0,7.0
222.0,2.0,2.0,4.0,81.0,95.0,1.0,8.0
222.0,3.0,2.0,4.0,81.0,95.0,2.0,3.0
222.0,4.0,2.0,4.0,81.0,95.0,1.0,5.0
222.0,5.0,2.0,4.0,21.0,95.0,2.0,5.0
222.0,6.0,2.0,4.0,21.0,95.0,1.0,5.0
222.0,7.0,2.0,4.0,81.0,95.0,1.0,8.0
222.0,8.0,2.0,4.0,21.0,95.0,1.0,5.0
222.0,9.0,2.0,4.0,21.0,95.0,1.0,9.0
222.0,10.0,2.0,4.0,81.0,95.0,2.0,3.0
222.0,11.0,2.0,4.0,21.0,95.0,1.0,6.0
222.0,12.0,2.0,4.0,81.0,95.0,1.0,7.0
222.0,13.0,2.0,4.0,81.0,95.0,1.0,5.0
222.0,14.0,2.0,4.0,81.0,95.0,1.0,5.0
222.0,15.0,2.0,4.0,81.0,95.0,1.0,14.0
222.0,16.0,2.0,4.0,81.0,95.0,1.0,4.0
222.0,17.0,2.0,4.0,81.0,95.0,2.0,10.0
222.0,18.0,2.0,4.0,,,,
222.0,19.0,2.0,4.0,21.0,95.0,2.0,3.0
222.0,20.0,2.0,4.0,21.0,95.0,1.0,8.0
223.0,1.0,2.0,4.0,21.0,95.0,1.0,6.0
223.0,2.0,2.0,4.0,,,,
223.0,3.0,2.0,4.0,81.0,95.0,2.0,6.0
223.0,4.0,2.0,4.0,21.0,95.0,1.0,9.0
223.0,5.0,2.0,4.0,21.0,95.0,1.0,9.0
223.0,6.0,2.0,4.0,14.0,95.0,2.0,5.0
223.0,7.0,2.0,4.0,14.0,95.0,2.0,5.0
223.0,8.0,2.0,4.0,14.0,95.0,1.0,8.0
223.0,9.0,2.0,4.0,14.0,95.0,1.0,4.0
223.0,10.0,2.0,4.0,21.0,95.0,1.0,3.0
223.0,11.0,2.0,4.0,81.0,95.0,1.0,9.0
223.0,12.0,2.0,4.0,21.0,95.0,1.0,2.0
223.0,13.0,2.0,4.0,21.0,95.0,1.0,5.0
223.0,14.0,2.0,4.0,81.0,95.0,1.0,3.0
223.0,15.0,2.0,4.0,21.0,95.0,2.0,7.0
223.0,16.0,2.0,4.0,21.0,95.0,1.0,8.0
223.0,17.0,2.0,4.0,14.0,23.0,2.0,7.0
223.0,18.0,2.0,4.0,81.0,95.0,2.0,6.0
223.0,19.0,2.0,4.0,21.0,95.0,1.0,9.0
223.0,20.0,2.0,4.0,21.0,95.0,2.0,8.0
224.0,1.0,2.0,4.0,21.0,23.0,2.0,4.0
224.0,2.0,2.0,4.0,21.0,95.0,3.0,7.0
224.0,3.0,2.0,4.0,81.0,95.0,1.0,6.0
224.0,4.0,2.0,4.0,81.0,95.0,1.0,5.0
224.0,5.0,2.0,4.0,32.0,23.0,2.0,7.0
224.0,6.0,2.0,4.0,21.0,95.0,2.0,7.0
224.0,7.0,2.0,4.0,21.0,95.0,2.0,6.0
224.0,8.0,2.0,4.0,31.0,95.0,1.0,5.0
224.0,9.0,2.0,4.0,81.0,95.0,1.0,5.0
224.0,10.0,2.0,4.0,21.0,95.0,1.0,10.0
224.0,11.0,2.0,4.0,81.0,95.0,1.0,5.0
224.0,12.0,2.0,4.0,81.0,23.0,1.0,4.0
224.0,13.0,2.0,4.0,81.0,95.0,1.0,7.0
224.0,14.0,2.0,4.0,21.0,23.0,1.0,5.0
224.0,15.0,2.0,4.0,14.0,95.0,2.0,5.0
224.0,16.0,2.0,4.0,81.0,95.0,1.0,8.0
224.0,17.0,2.0,4.0,81.0,23.0,1.0,10.0
224.0,18.0,2.0,4.0,14.0,95.0,1.0,8.0
224.0,19.0,2.0,4.0,21.0,95.0,2.0,6.0
224.0,20.0,2.0,4.0,32.0,23.0,2.0,8.0
225.0,1.0,2.0,4.0,21.0,95.0,1.0,7.0
225.0,2.0,2.0,4.0,21.0,95.0,2.0,10.0
225.0,3.0,2.0,4.0,21.0,95.0,1.0,6.0
225.0,4.0,2.0,4.0,21.0,95.0,1.0,6.0
225.0,5.0,2.0,4.0,21.0,95.0,1.0,3.0
225.0,6.0,2.0,4.0,21.0,95.0,1.0,5.0
225.0,7.0,2.0,4.0,21.0,95.0,3.0,11.0
225.0,8.0,2.0,4.0,21.0,95.0,2.0,3.0
225.0,9.0,2.0,4.0,21.0,95.0,2.0,12.0
225.0,10.0,2.0,4.0,21.0,95.0,1.0,2.0
225.0,11.0,2.0,4.0,21.0,95.0,1.0,11.0
225.0,12.0,2.0,4.0,21.0,95.0,1.0,6.0
225.0,13.0,2.0,4.0,21.0,95.0,2.0,8.0
225.0,14.0,2.0,4.0,21.0,95.0,2.0,6.0
225.0,15.0,2.0,4.0,21.0,95.0,1.0,5.0
225.0,16.0,2.0,4.0,21.0,95.0,2.0,11.0
225.0,17.0,2.0,4.0,21.0,95.0,1.0,7.0
225.0,18.0,2.0,4.0,21.0,95.0,1.0,8.0
225.0,19.0,2.0,4.0,,,,
225.0,20.0,2.0,4.0,14.0,95.0,1.0,12.0
226.0,1.0,2.0,4.0,81.0,95.0,1.0,6.0
226.0,2.0,2.0,4.0,21.0,95.0,1.0,5.0
226.0,3.0,2.0,4.0,21.0,95.0,3.0,14.0
226.0,4.0,2.0,4.0,21.0,95.0,3.0,5.0
226.0,5.0,2.0,4.0,81.0,95.0,1.0,6.0
226.0,6.0,2.0,4.0,21.0,23.0,3.0,5.0
226.0,7.0,2.0,4.0,21.0,22.0,3.0,4.0
226.0,8.0,2.0,4.0,21.0,23.0,3.0,10.0
226.0,9.0,2.0,4.0,21.0,23.0,2.0,3.0
226.0,10.0,2.0,4.0,21.0,23.0,3.0,9.0
226.0,11.0,2.0,4.0,21.0,23.0,2.0,4.0
226.0,12.0,2.0,4.0,21.0,22.0,1.0,13.0
226.0,13.0,2.0,4.0,21.0,31.0,3.0,5.0
226.0,14.0,2.0,4.0,21.0,23.0,2.0,9.0
226.0,15.0,2.0,4.0,21.0,23.0,3.0,14.0
226.0,16.0,2.0,4.0,42.0,23.0,1.0,5.0
226.0,17.0,2.0,4.0,21.0,23.0,3.0,5.0
226.0,18.0,2.0,4.0,21.0,95.0,3.0,7.0
226.0,19.0,2.0,4.0,21.0,23.0,3.0,7.0
226.0,20.0,2.0,4.0,21.0,22.0,1.0,1.0
227.0,1.0,2.0,4.0,21.0,95.0,1.0,2.0
227.0,2.0,2.0,4.0,81.0,95.0,1.0,7.0
227.0,3.0,2.0,4.0,21.0,95.0,2.0,4.0
227.0,4.0,2.0,4.0,81.0,95.0,1.0,9.0
227.0,5.0,2.0,4.0,81.0,95.0,1.0,5.0
227.0,6.0,2.0,4.0,81.0,95.0,1.0,7.0
227.0,7.0,2.0,4.0,14.0,95.0,1.0,7.0
227.0,8.0,2.0,4.0,81.0,95.0,2.0,6.0
227.0,9.0,2.0,4.0,81.0,95.0,1.0,9.0
227.0,10.0,2.0,4.0,81.0,95.0,1.0,19.0
227.0,11.0,2.0,4.0,21.0,23.0,2.0,8.0
227.0,12.0,2.0,4.0,81.0,95.0,1.0,7.0
227.0,13.0,2.0,4.0,81.0,95.0,1.0,11.0
227.0,14.0,2.0,4.0,81.0,95.0,2.0,14.0
227.0,15.0,2.0,4.0,81.0,95.0,2.0,16.0
227.0,16.0,2.0,4.0,21.0,95.0,1.0,7.0
227.0,17.0,2.0,4.0,81.0,95.0,1.0,2.0
227.0,18.0,2.0,4.0,21.0,95.0,2.0,14.0
227.0,19.0,2.0,4.0,81.0,95.0,2.0,19.0
227.0,20.0,2.0,4.0,81.0,95.0,1.0,15.0
228.0,1.0,2.0,4.0,21.0,95.0,1.0,5.0
228.0,2.0,2.0,4.0,21.0,95.0,2.0,6.0
228.0,3.0,2.0,4.0,21.0,95.0,1.0,11.0
228.0,4.0,2.0,4.0,21.0,22.0,2.0,5.0
228.0,5.0,2.0,4.0,21.0,95.0,1.0,10.0
228.0,6.0,2.0,4.0,31.0,95.0,2.0,13.0
228.0,7.0,2.0,4.0,31.0,95.0,3.0,16.0
228.0,8.0,2.0,4.0,21.0,22.0,2.0,7.0
228.0,9.0,2.0,4.0,21.0,95.0,2.0,9.0
228.0,10.0,2.0,4.0,21.0,95.0,2.0,9.0
228.0,11.0,2.0,4.0,21.0,95.0,1.0,3.0
228.0,12.0,2.0,4.0,31.0,95.0,2.0,3.0
228.0,13.0,2.0,4.0,21.0,22.0,3.0,9.0
228.0,14.0,2.0,4.0,21.0,95.0,1.0,3.0
228.0,15.0,2.0,4.0,21.0,95.0,1.0,5.0
228.0,16.0,2.0,4.0,21.0,95.0,2.0,16.0
228.0,17.0,2.0,4.0,21.0,95.0,2.0,12.0
228.0,18.0,2.0,4.0,21.0,95.0,2.0,7.0
228.0,19.0,2.0,4.0,21.0,95.0,1.0,5.0
228.0,20.0,2.0,4.0,21.0,95.0,1.0,4.0
229.0,1.0,2.0,4.0,81.0,95.0,1.0,5.0
229.0,2.0,2.0,4.0,81.0,95.0,1.0,6.0
229.0,3.0,2.0,4.0,81.0,95.0,1.0,3.0
229.0,4.0,2.0,4.0,81.0,95.0,1.0,4.0
229.0,5.0,2.0,4.0,81.0,23.0,2.0,11.0
229.0,6.0,2.0,4.0,81.0,95.0,1.0,1.0
229.0,7.0,2.0,4.0,81.0,95.0,2.0,5.0
229.0,8.0,2.0,4.0,81.0,95.0,1.0,1.0
229.0,9.0,2.0,4.0,81.0,95.0,1.0,4.0
229.0,10.0,2.0,4.0,81.0,95.0,1.0,9.0
229.0,11.0,2.0,4.0,21.0,95.0,1.0,5.0
229.0,12.0,2.0,4.0,81.0,95.0,2.0,12.0
229.0,13.0,2.0,4.0,81.0,95.0,1.0,5.0
229.0,14.0,2.0,4.0,81.0,95.0,1.0,6.0
229.0,15.0,2.0,4.0,81.0,95.0,1.0,5.0
229.0,16.0,2.0,4.0,81.0,95.0,1.0,8.0
229.0,17.0,2.0,4.0,81.0,95.0,1.0,6.0
229.0,18.0,2.0,4.0,81.0,95.0,2.0,3.0
229.0,19.0,2.0,4.0,81.0,95.0,1.0,7.0
229.0,20.0,2.0,4.0,81.0,95.0,1.0,6.0
230.0,1.0,2.0,4.0,81.0,95.0,2.0,13.0
230.0,2.0,2.0,4.0,81.0,95.0,2.0,7.0
230.0,3.0,2.0,4.0,81.0,95.0,1.0,18.0
230.0,4.0,2.0,4.0,81.0,95.0,1.0,3.0
230.0,5.0,2.0,4.0,81.0,95.0,1.0,4.0
230.0,6.0,2.0,4.0,81.0,95.0,1.0,1.0
230.0,7.0,2.0,4.0,81.0,95.0,1.0,7.0
230.0,8.0,2.0,4.0,81.0,95.0,1.0,15.0
230.0,9.0,2.0,4.0,81.0,95.0,2.0,3.0
230.0,10.0,2.0,4.0,81.0,95.0,1.0,9.0
230.0,11.0,2.0,4.0,81.0,95.0,1.0,2.0
230.0,12.0,2.0,4.0,81.0,95.0,2.0,19.0
230.0,13.0,2.0,4.0,81.0,95.0,2.0,7.0
230.0,14.0,2.0,4.0,81.0,95.0,1.0,4.0
230.0,15.0,2.0,4.0,81.0,95.0,1.0,7.0
230.0,16.0,2.0,4.0,81.0,95.0,2.0,13.0
230.0,17.0,2.0,4.0,81.0,95.0,2.0,6.0
230.0,18.0,2.0,4.0,81.0,95.0,2.0,7.0
230.0,19.0,2.0,4.0,81.0,95.0,1.0,11.0
230.0,20.0,2.0,4.0,81.0,95.0,1.0,7.0
231.0,1.0,2.0,4.0,21.0,95.0,1.0,5.0
231.0,2.0,2.0,4.0,81.0,95.0,1.0,10.0
231.0,3.0,2.0,4.0,81.0,95.0,1.0,11.0
231.0,4.0,2.0,4.0,81.0,95.0,1.0,2.0
231.0,5.0,2.0,4.0,21.0,95.0,1.0,11.0
231.0,6.0,2.0,4.0,81.0,95.0,2.0,5.0
231.0,7.0,2.0,4.0,81.0,95.0,1.0,4.0
231.0,8.0,2.0,4.0,81.0,95.0,1.0,4.0
231.0,9.0,2.0,4.0,81.0,95.0,1.0,3.0
231.0,10.0,2.0,4.0,81.0,95.0,2.0,9.0
231.0,11.0,2.0,4.0,21.0,95.0,1.0,6.0
231.0,12.0,2.0,4.0,21.0,95.0,2.0,7.0
231.0,13.0,2.0,4.0,81.0,95.0,1.0,5.0
231.0,14.0,2.0,4.0,21.0,95.0,1.0,5.0
231.0,15.0,2.0,4.0,81.0,95.0,1.0,6.0
231.0,16.0,2.0,4.0,81.0,95.0,1.0,4.0
231.0,17.0,2.0,4.0,81.0,95.0,1.0,9.0
231.0,18.0,2.0,4.0,81.0,95.0,1.0,4.0
231.0,19.0,2.0,4.0,81.0,95.0,1.0,5.0
231.0,20.0,2.0,4.0,81.0,95.0,1.0,5.0
232.0,1.0,2.0,4.0,21.0,95.0,4.0,3.0
232.0,2.0,2.0,4.0,21.0,95.0,2.0,1.0
232.0,3.0,2.0,4.0,,,,
232.0,4.0,2.0,4.0,21.0,95.0,3.0,6.0
232.0,5.0,2.0,4.0,,,,
232.0,6.0,2.0,4.0,21.0,95.0,1.0,6.0
232.0,7.0,2.0,4.0,21.0,95.0,1.0,6.0
232.0,8.0,2.0,4.0,21.0,95.0,3.0,8.0
232.0,9.0,2.0,4.0,21.0,22.0,4.0,9.0
232.0,10.0,2.0,4.0,21.0,95.0,1.0,5.0
232.0,11.0,2.0,4.0,21.0,95.0,3.0,3.0
232.0,12.0,2.0,4.0,21.0,95.0,1.0,2.0
232.0,13.0,2.0,4.0,,,,
232.0,14.0,2.0,4.0,21.0,95.0,3.0,6.0
232.0,15.0,2.0,4.0,21.0,22.0,3.0,5.0
232.0,16.0,2.0,4.0,21.0,95.0,4.0,6.0
232.0,17.0,2.0,4.0,21.0,95.0,3.0,2.0
232.0,18.0,2.0,4.0,21.0,95.0,2.0,3.0
232.0,19.0,2.0,4.0,21.0,95.0,1.0,5.0
232.0,20.0,2.0,4.0,21.0,95.0,3.0,7.0
233.0,1.0,2.0,4.0,81.0,23.0,1.0,8.0
233.0,2.0,2.0,4.0,21.0,95.0,1.0,6.0
233.0,3.0,2.0,4.0,81.0,23.0,2.0,10.0
233.0,4.0,2.0,4.0,81.0,31.0,1.0,3.0
233.0,5.0,2.0,4.0,81.0,31.0,1.0,2.0
233.0,6.0,2.0,4.0,81.0,22.0,2.0,12.0
233.0,7.0,2.0,4.0,81.0,22.0,1.0,6.0
233.0,8.0,2.0,4.0,21.0,95.0,1.0,3.0
233.0,9.0,2.0,4.0,81.0,95.0,2.0,4.0
233.0,10.0,2.0,4.0,21.0,23.0,2.0,7.0
233.0,11.0,2.0,4.0,21.0,95.0,1.0,6.0
233.0,12.0,2.0,4.0,21.0,22.0,2.0,8.0
233.0,13.0,2.0,4.0,81.0,23.0,2.0,3.0
233.0,14.0,2.0,4.0,81.0,22.0,1.0,4.0
233.0,15.0,2.0,4.0,21.0,95.0,1.0,7.0
233.0,16.0,2.0,4.0,81.0,95.0,1.0,2.0
233.0,17.0,2.0,4.0,21.0,95.0,1.0,9.0
233.0,18.0,2.0,4.0,81.0,31.0,1.0,4.0
233.0,19.0,2.0,4.0,81.0,22.0,1.0,5.0
233.0,20.0,2.0,4.0,81.0,31.0,1.0,6.0
234.0,1.0,2.0,4.0,21.0,22.0,3.0,3.0
234.0,2.0,2.0,4.0,14.0,21.0,4.0,14.0
234.0,3.0,2.0,4.0,21.0,22.0,4.0,5.0
234.0,4.0,2.0,4.0,21.0,23.0,3.0,4.0
234.0,5.0,2.0,4.0,21.0,95.0,3.0,3.0
234.0,6.0,2.0,4.0,21.0,95.0,3.0,5.0
234.0,7.0,2.0,4.0,81.0,95.0,2.0,11.0
234.0,8.0,2.0,4.0,21.0,95.0,3.0,6.0
234.0,9.0,2.0,4.0,14.0,22.0,3.0,1.0
234.0,10.0,2.0,4.0,21.0,95.0,2.0,3.0
234.0,11.0,2.0,4.0,21.0,31.0,3.0,4.0
234.0,12.0,2.0,4.0,21.0,95.0,2.0,4.0
234.0,13.0,2.0,4.0,21.0,22.0,3.0,4.0
234.0,14.0,2.0,4.0,21.0,22.0,5.0,5.0
234.0,15.0,2.0,4.0,21.0,95.0,3.0,6.0
234.0,16.0,2.0,4.0,21.0,22.0,3.0,1.0
234.0,17.0,2.0,4.0,21.0,95.0,3.0,4.0
234.0,18.0,2.0,4.0,,,,
234.0,19.0,2.0,4.0,21.0,22.0,3.0,5.0
234.0,20.0,2.0,4.0,14.0,22.0,3.0,5.0
235.0,1.0,2.0,4.0,21.0,95.0,2.0,7.0
235.0,2.0,2.0,4.0,81.0,95.0,1.0,3.0
235.0,3.0,2.0,4.0,81.0,95.0,1.0,4.0
235.0,4.0,2.0,4.0,21.0,95.0,2.0,14.0
235.0,5.0,2.0,4.0,21.0,95.0,2.0,10.0
235.0,6.0,2.0,4.0,21.0,95.0,2.0,3.0
235.0,7.0,2.0,4.0,21.0,95.0,2.0,8.0
235.0,8.0,2.0,4.0,21.0,95.0,1.0,3.0
235.0,9.0,2.0,4.0,81.0,95.0,1.0,3.0
235.0,10.0,2.0,4.0,21.0,95.0,1.0,3.0
235.0,11.0,2.0,4.0,21.0,95.0,2.0,7.0
235.0,12.0,2.0,4.0,14.0,95.0,1.0,5.0
235.0,13.0,2.0,4.0,81.0,95.0,1.0,5.0
235.0,14.0,2.0,4.0,81.0,95.0,1.0,2.0
235.0,15.0,2.0,4.0,81.0,95.0,1.0,1.0
235.0,16.0,2.0,4.0,81.0,95.0,1.0,10.0
235.0,17.0,2.0,4.0,81.0,95.0,1.0,1.0
235.0,18.0,2.0,4.0,21.0,95.0,2.0,4.0
235.0,19.0,2.0,4.0,21.0,95.0,1.0,7.0
235.0,20.0,2.0,4.0,21.0,95.0,1.0,8.0
236.0,1.0,2.0,4.0,21.0,95.0,3.0,5.0
236.0,2.0,2.0,4.0,21.0,95.0,3.0,2.0
236.0,3.0,2.0,4.0,21.0,95.0,4.0,11.0
236.0,4.0,2.0,4.0,21.0,22.0,4.0,5.0
236.0,5.0,2.0,4.0,32.0,95.0,3.0,4.0
236.0,6.0,2.0,4.0,21.0,95.0,2.0,6.0
236.0,7.0,2.0,4.0,21.0,95.0,3.0,5.0
236.0,8.0,2.0,4.0,21.0,95.0,3.0,3.0
236.0,9.0,2.0,4.0,21.0,95.0,3.0,6.0
236.0,10.0,2.0,4.0,14.0,95.0,4.0,6.0
236.0,11.0,2.0,4.0,21.0,95.0,4.0,7.0
236.0,12.0,2.0,4.0,21.0,95.0,3.0,9.0
236.0,13.0,2.0,4.0,21.0,95.0,3.0,5.0
236.0,14.0,2.0,4.0,21.0,22.0,4.0,13.0
236.0,15.0,2.0,4.0,,,,
236.0,16.0,2.0,4.0,21.0,95.0,3.0,5.0
236.0,17.0,2.0,4.0,,,,
236.0,18.0,2.0,4.0,21.0,95.0,5.0,2.0
236.0,19.0,2.0,4.0,21.0,95.0,4.0,4.0
236.0,20.0,2.0,4.0,21.0,95.0,3.0,3.0
237.0,1.0,2.0,4.0,,,,
237.0,2.0,2.0,4.0,21.0,95.0,3.0,2.0
237.0,3.0,2.0,4.0,31.0,95.0,1.0,2.0
237.0,4.0,2.0,4.0,21.0,12.0,3.0,5.0
237.0,5.0,2.0,4.0,31.0,95.0,2.0,6.0
237.0,6.0,2.0,4.0,21.0,95.0,3.0,6.0
237.0,7.0,2.0,4.0,21.0,95.0,3.0,1.0
237.0,8.0,2.0,4.0,31.0,12.0,4.0,3.0
237.0,9.0,2.0,4.0,,,,
237.0,10.0,2.0,4.0,21.0,95.0,2.0,3.0
237.0,11.0,2.0,4.0,14.0,95.0,2.0,1.0
237.0,12.0,2.0,4.0,32.0,95.0,2.0,5.0
237.0,13.0,2.0,4.0,14.0,95.0,3.0,1.0
237.0,14.0,2.0,4.0,32.0,22.0,4.0,4.0
237.0,15.0,2.0,4.0,21.0,22.0,3.0,2.0
237.0,16.0,2.0,4.0,14.0,95.0,3.0,4.0
237.0,17.0,2.0,4.0,32.0,95.0,3.0,1.0
237.0,18.0,2.0,4.0,14.0,95.0,3.0,8.0
237.0,19.0,2.0,4.0,32.0,95.0,5.0,4.0
237.0,20.0,2.0,4.0,14.0,12.0,4.0,1.0
238.0,1.0,2.0,4.0,31.0,31.0,2.0,16.0
238.0,2.0,2.0,4.0,31.0,23.0,1.0,4.0
238.0,3.0,2.0,4.0,21.0,95.0,1.0,3.0
238.0,4.0,2.0,4.0,31.0,51.0,1.0,4.0
238.0,5.0,2.0,4.0,31.0,31.0,2.0,3.0
238.0,6.0,2.0,4.0,32.0,31.0,1.0,4.0
238.0,7.0,2.0,4.0,81.0,23.0,2.0,20.0
238.0,8.0,2.0,4.0,31.0,23.0,2.0,8.0
238.0,9.0,2.0,4.0,42.0,23.0,2.0,9.0
238.0,10.0,2.0,4.0,42.0,23.0,1.0,2.0
238.0,11.0,2.0,4.0,32.0,31.0,2.0,12.0
238.0,12.0,2.0,4.0,31.0,51.0,1.0,4.0
238.0,13.0,2.0,4.0,31.0,31.0,1.0,5.0
238.0,14.0,2.0,4.0,31.0,23.0,2.0,5.0
238.0,15.0,2.0,4.0,31.0,23.0,2.0,6.0
238.0,16.0,2.0,4.0,81.0,95.0,1.0,6.0
238.0,17.0,2.0,4.0,32.0,23.0,2.0,2.0
238.0,18.0,2.0,4.0,31.0,23.0,2.0,8.0
238.0,19.0,2.0,4.0,81.0,23.0,2.0,3.0
238.0,20.0,2.0,4.0,41.0,51.0,1.0,14.0
239.0,1.0,2.0,4.0,21.0,23.0,3.0,9.0
239.0,2.0,2.0,4.0,21.0,23.0,3.0,13.0
239.0,3.0,2.0,4.0,14.0,51.0,3.0,5.0
239.0,4.0,2.0,4.0,21.0,95.0,3.0,2.0
239.0,5.0,2.0,4.0,21.0,22.0,3.0,9.0
239.0,6.0,2.0,4.0,21.0,22.0,3.0,1.0
239.0,7.0,2.0,4.0,21.0,31.0,3.0,4.0
239.0,8.0,2.0,4.0,14.0,22.0,4.0,1.0
239.0,9.0,2.0,4.0,21.0,31.0,3.0,1.0
239.0,10.0,2.0,4.0,,,,
239.0,11.0,2.0,4.0,21.0,22.0,3.0,2.0
239.0,12.0,2.0,4.0,21.0,22.0,3.0,8.0
239.0,13.0,2.0,4.0,21.0,23.0,5.0,11.0
239.0,14.0,2.0,4.0,14.0,51.0,2.0,5.0
239.0,15.0,2.0,4.0,,,,
239.0,16.0,2.0,4.0,14.0,12.0,3.0,3.0
239.0,17.0,2.0,4.0,,,,
239.0,18.0,2.0,4.0,14.0,12.0,3.0,5.0
239.0,19.0,2.0,4.0,21.0,95.0,3.0,5.0
239.0,20.0,2.0,4.0,21.0,23.0,3.0,4.0
240.0,1.0,2.0,4.0,31.0,95.0,2.0,1.0
240.0,2.0,2.0,4.0,32.0,95.0,1.0,2.0
240.0,3.0,2.0,4.0,14.0,12.0,5.0,4.0
240.0,4.0,2.0,4.0,21.0,22.0,5.0,4.0
240.0,5.0,2.0,4.0,32.0,95.0,1.0,1.0
240.0,6.0,2.0,4.0,31.0,95.0,3.0,11.0
240.0,7.0,2.0,4.0,31.0,12.0,5.0,6.0
240.0,8.0,2.0,4.0,31.0,95.0,3.0,3.0
240.0,9.0,2.0,4.0,31.0,22.0,5.0,2.0
240.0,10.0,2.0,4.0,31.0,13.0,4.0,4.0
240.0,11.0,2.0,4.0,31.0,23.0,3.0,5.0
240.0,12.0,2.0,4.0,31.0,95.0,3.0,2.0
240.0,13.0,2.0,4.0,21.0,12.0,3.0,1.0
240.0,14.0,2.0,4.0,21.0,21.0,4.0,4.0
240.0,15.0,2.0,4.0,21.0,95.0,1.0,4.0
240.0,16.0,2.0,4.0,13.0,95.0,4.0,1.0
240.0,17.0,2.0,4.0,31.0,12.0,3.0,1.0
240.0,18.0,2.0,4.0,21.0,95.0,3.0,2.0
240.0,19.0,2.0,4.0,32.0,95.0,3.0,3.0
240.0,20.0,2.0,4.0,31.0,95.0,4.0,5.0
241.0,1.0,1.0,5.0,11.0,21.0,4.0,4.0
241.0,2.0,1.0,5.0,14.0,21.0,4.0,7.0
241.0,3.0,1.0,5.0,32.0,21.0,3.0,7.0
241.0,4.0,1.0,5.0,14.0,23.0,3.0,6.0
241.0,5.0,1.0,5.0,14.0,22.0,4.0,3.0
241.0,6.0,1.0,5.0,13.0,23.0,3.0,4.0
241.0,7.0,1.0,5.0,13.0,95.0,3.0,2.0
241.0,8.0,1.0,5.0,21.0,22.0,4.0,6.0
241.0,9.0,1.0,5.0,14.0,95.0,3.0,4.0
241.0,10.0,1.0,5.0,13.0,22.0,3.0,3.0
241.0,11.0,1.0,5.0,14.0,23.0,3.0,1.0
241.0,12.0,1.0,5.0,21.0,22.0,5.0,4.0
241.0,13.0,1.0,5.0,14.0,22.0,4.0,5.0
241.0,14.0,1.0,5.0,12.0,22.0,4.0,6.0
241.0,15.0,1.0,5.0,11.0,22.0,4.0,6.0
241.0,16.0,1.0,5.0,11.0,22.0,5.0,11.0
241.0,17.0,1.0,5.0,11.0,22.0,5.0,9.0
241.0,18.0,1.0,5.0,32.0,21.0,3.0,4.0
241.0,19.0,1.0,5.0,14.0,22.0,4.0,1.0
241.0,20.0,1.0,5.0,21.0,22.0,5.0,4.0
242.0,1.0,1.0,5.0,21.0,23.0,3.0,3.0
242.0,2.0,1.0,5.0,32.0,21.0,4.0,6.0
242.0,3.0,1.0,5.0,21.0,21.0,4.0,2.0
242.0,4.0,1.0,5.0,14.0,21.0,3.0,1.0
242.0,5.0,1.0,5.0,21.0,21.0,4.0,4.0
242.0,6.0,1.0,5.0,12.0,21.0,5.0,3.0
242.0,7.0,1.0,5.0,31.0,31.0,5.0,2.0
242.0,8.0,1.0,5.0,21.0,23.0,5.0,3.0
242.0,9.0,1.0,5.0,32.0,22.0,3.0,5.0
242.0,10.0,1.0,5.0,21.0,23.0,5.0,7.0
242.0,11.0,1.0,5.0,32.0,12.0,4.0,2.0
242.0,12.0,1.0,5.0,31.0,21.0,4.0,4.0
242.0,13.0,1.0,5.0,13.0,21.0,4.0,5.0
242.0,14.0,1.0,5.0,21.0,22.0,4.0,2.0
242.0,15.0,1.0,5.0,21.0,21.0,4.0,5.0
242.0,16.0,1.0,5.0,14.0,21.0,5.0,2.0
242.0,17.0,1.0,5.0,32.0,23.0,3.0,9.0
242.0,18.0,1.0,5.0,14.0,95.0,3.0,4.0
242.0,19.0,1.0,5.0,32.0,21.0,5.0,12.0
242.0,20.0,1.0,5.0,32.0,22.0,3.0,4.0
243.0,1.0,1.0,5.0,11.0,12.0,5.0,6.0
243.0,2.0,1.0,5.0,21.0,21.0,4.0,6.0
243.0,3.0,1.0,5.0,14.0,22.0,4.0,6.0
243.0,4.0,1.0,5.0,21.0,21.0,4.0,5.0
243.0,5.0,1.0,5.0,32.0,95.0,3.0,5.0
243.0,6.0,1.0,5.0,13.0,95.0,4.0,7.0
243.0,7.0,1.0,5.0,11.0,12.0,5.0,11.0
243.0,8.0,1.0,5.0,21.0,12.0,5.0,5.0
243.0,9.0,1.0,5.0,21.0,22.0,4.0,5.0
243.0,10.0,1.0,5.0,21.0,23.0,3.0,1.0
243.0,11.0,1.0,5.0,14.0,22.0,3.0,5.0
243.0,12.0,1.0,5.0,14.0,22.0,4.0,9.0
243.0,13.0,1.0,5.0,21.0,22.0,4.0,6.0
243.0,14.0,1.0,5.0,21.0,95.0,4.0,5.0
243.0,15.0,1.0,5.0,14.0,95.0,3.0,3.0
243.0,16.0,1.0,5.0,21.0,23.0,5.0,1.0
243.0,17.0,1.0,5.0,13.0,22.0,4.0,11.0
243.0,18.0,1.0,5.0,32.0,23.0,3.0,8.0
243.0,19.0,1.0,5.0,14.0,22.0,4.0,3.0
243.0,20.0,1.0,5.0,14.0,22.0,4.0,8.0
244.0,1.0,1.0,5.0,21.0,22.0,4.0,2.0
244.0,2.0,1.0,5.0,14.0,22.0,4.0,1.0
244.0,3.0,1.0,5.0,21.0,23.0,3.0,1.0
244.0,4.0,1.0,5.0,32.0,95.0,3.0,4.0
244.0,5.0,1.0,5.0,32.0,21.0,4.0,4.0
244.0,6.0,1.0,5.0,14.0,22.0,4.0,6.0
244.0,7.0,1.0,5.0,14.0,21.0,3.0,7.0
244.0,8.0,1.0,5.0,21.0,23.0,4.0,7.0
244.0,9.0,1.0,5.0,21.0,95.0,3.0,1.0
244.0,10.0,1.0,5.0,21.0,96.0,3.0,4.0
244.0,11.0,1.0,5.0,21.0,95.0,2.0,3.0
244.0,12.0,1.0,5.0,21.0,96.0,4.0,1.0
244.0,13.0,1.0,5.0,21.0,22.0,3.0,4.0
244.0,14.0,1.0,5.0,21.0,22.0,3.0,3.0
244.0,15.0,1.0,5.0,14.0,95.0,4.0,4.0
244.0,16.0,1.0,5.0,14.0,95.0,3.0,3.0
244.0,17.0,1.0,5.0,21.0,21.0,3.0,1.0
244.0,18.0,1.0,5.0,14.0,21.0,4.0,4.0
244.0,19.0,1.0,5.0,11.0,21.0,5.0,6.0
244.0,20.0,1.0,5.0,11.0,12.0,5.0,2.0
245.0,1.0,1.0,5.0,21.0,23.0,4.0,4.0
245.0,2.0,1.0,5.0,21.0,12.0,4.0,6.0
245.0,3.0,1.0,5.0,21.0,13.0,5.0,4.0
245.0,4.0,1.0,5.0,12.0,12.0,5.0,11.0
245.0,5.0,1.0,5.0,13.0,95.0,4.0,6.0
245.0,6.0,1.0,5.0,,,,
245.0,7.0,1.0,5.0,21.0,95.0,4.0,10.0
245.0,8.0,1.0,5.0,21.0,22.0,5.0,8.0
245.0,9.0,1.0,5.0,21.0,22.0,5.0,6.0
245.0,10.0,1.0,5.0,21.0,23.0,4.0,5.0
245.0,11.0,1.0,5.0,21.0,95.0,4.0,4.0
245.0,12.0,1.0,5.0,21.0,95.0,4.0,5.0
245.0,13.0,1.0,5.0,21.0,95.0,5.0,4.0
245.0,14.0,1.0,5.0,21.0,95.0,3.0,3.0
245.0,15.0,1.0,5.0,21.0,22.0,5.0,6.0
245.0,16.0,1.0,5.0,21.0,22.0,5.0,5.0
245.0,17.0,1.0,5.0,,,,
245.0,18.0,1.0,5.0,13.0,95.0,3.0,3.0
245.0,19.0,1.0,5.0,21.0,95.0,3.0,6.0
245.0,20.0,1.0,5.0,21.0,22.0,4.0,11.0
246.0,1.0,1.0,5.0,21.0,95.0,3.0,4.0
246.0,2.0,1.0,5.0,32.0,13.0,5.0,19.0
246.0,3.0,1.0,5.0,21.0,21.0,3.0,3.0
246.0,4.0,1.0,5.0,21.0,95.0,4.0,3.0
246.0,5.0,1.0,5.0,21.0,21.0,4.0,2.0
246.0,6.0,1.0,5.0,21.0,21.0,5.0,7.0
246.0,7.0,1.0,5.0,21.0,95.0,4.0,5.0
246.0,8.0,1.0,5.0,21.0,95.0,4.0,1.0
246.0,9.0,1.0,5.0,21.0,11.0,5.0,3.0
246.0,10.0,1.0,5.0,21.0,95.0,4.0,10.0
246.0,11.0,1.0,5.0,21.0,22.0,4.0,8.0
246.0,12.0,1.0,5.0,21.0,95.0,3.0,4.0
246.0,13.0,1.0,5.0,21.0,95.0,3.0,1.0
246.0,14.0,1.0,5.0,21.0,95.0,4.0,4.0
246.0,15.0,1.0,5.0,21.0,21.0,3.0,4.0
246.0,16.0,1.0,5.0,21.0,95.0,3.0,5.0
246.0,17.0,1.0,5.0,21.0,95.0,3.0,3.0
246.0,18.0,1.0,5.0,21.0,22.0,4.0,7.0
246.0,19.0,1.0,5.0,21.0,22.0,5.0,1.0
246.0,20.0,1.0,5.0,21.0,13.0,5.0,12.0
247.0,1.0,1.0,5.0,14.0,22.0,4.0,8.0
247.0,2.0,1.0,5.0,14.0,95.0,3.0,2.0
247.0,3.0,1.0,5.0,14.0,23.0,4.0,3.0
247.0,4.0,1.0,5.0,14.0,23.0,3.0,7.0
247.0,5.0,1.0,5.0,12.0,95.0,5.0,4.0
247.0,6.0,1.0,5.0,14.0,22.0,4.0,12.0
247.0,7.0,1.0,5.0,14.0,95.0,3.0,1.0
247.0,8.0,1.0,5.0,14.0,23.0,4.0,8.0
247.0,9.0,1.0,5.0,14.0,95.0,3.0,5.0
247.0,10.0,1.0,5.0,14.0,95.0,4.0,4.0
247.0,11.0,1.0,5.0,14.0,95.0,4.0,4.0
247.0,12.0,1.0,5.0,12.0,13.0,5.0,5.0
247.0,13.0,1.0,5.0,14.0,95.0,4.0,5.0
247.0,14.0,1.0,5.0,14.0,95.0,3.0,5.0
247.0,15.0,1.0,5.0,14.0,22.0,4.0,6.0
247.0,16.0,1.0,5.0,14.0,21.0,3.0,1.0
247.0,17.0,1.0,5.0,14.0,21.0,4.0,3.0
247.0,18.0,1.0,5.0,14.0,95.0,4.0,4.0
247.0,19.0,1.0,5.0,14.0,95.0,4.0,4.0
247.0,20.0,1.0,5.0,14.0,95.0,3.0,5.0
248.0,1.0,1.0,5.0,14.0,21.0,4.0,5.0
248.0,2.0,1.0,5.0,14.0,95.0,5.0,3.0
248.0,3.0,1.0,5.0,,,,
248.0,4.0,1.0,5.0,14.0,22.0,5.0,10.0
248.0,5.0,1.0,5.0,14.0,22.0,4.0,3.0
248.0,6.0,1.0,5.0,21.0,22.0,5.0,6.0
248.0,7.0,1.0,5.0,14.0,95.0,4.0,7.0
248.0,8.0,1.0,5.0,11.0,21.0,5.0,7.0
248.0,9.0,1.0,5.0,14.0,23.0,4.0,1.0
248.0,10.0,1.0,5.0,14.0,23.0,4.0,1.0
248.0,11.0,1.0,5.0,14.0,21.0,4.0,2.0
248.0,12.0,1.0,5.0,14.0,95.0,4.0,4.0
248.0,13.0,1.0,5.0,14.0,23.0,4.0,5.0
248.0,14.0,1.0,5.0,12.0,95.0,4.0,6.0
248.0,15.0,1.0,5.0,14.0,22.0,4.0,1.0
248.0,16.0,1.0,5.0,14.0,95.0,4.0,13.0
248.0,17.0,1.0,5.0,14.0,22.0,3.0,3.0
248.0,18.0,1.0,5.0,14.0,95.0,3.0,3.0
248.0,19.0,1.0,5.0,14.0,23.0,5.0,8.0
248.0,20.0,1.0,5.0,13.0,23.0,3.0,1.0
249.0,1.0,2.0,5.0,32.0,95.0,1.0,5.0
249.0,2.0,2.0,5.0,32.0,95.0,2.0,13.0
249.0,3.0,2.0,5.0,21.0,95.0,1.0,3.0
249.0,4.0,2.0,5.0,32.0,23.0,2.0,8.0
249.0,5.0,2.0,5.0,21.0,95.0,2.0,7.0
249.0,6.0,2.0,5.0,21.0,23.0,1.0,7.0
249.0,7.0,2.0,5.0,32.0,95.0,1.0,5.0
249.0,8.0,2.0,5.0,32.0,95.0,2.0,7.0
249.0,9.0,2.0,5.0,21.0,95.0,2.0,7.0
249.0,10.0,2.0,5.0,31.0,31.0,2.0,20.0
249.0,11.0,2.0,5.0,32.0,95.0,1.0,6.0
249.0,12.0,2.0,5.0,32.0,95.0,1.0,8.0
249.0,13.0,2.0,5.0,21.0,95.0,1.0,6.0
249.0,14.0,2.0,5.0,32.0,95.0,1.0,3.0
249.0,15.0,2.0,5.0,21.0,95.0,3.0,4.0
249.0,16.0,2.0,5.0,81.0,95.0,1.0,3.0
249.0,17.0,2.0,5.0,14.0,21.0,2.0,8.0
249.0,18.0,2.0,5.0,21.0,95.0,1.0,6.0
249.0,19.0,2.0,5.0,32.0,95.0,2.0,9.0
249.0,20.0,2.0,5.0,32.0,95.0,1.0,7.0
250.0,1.0,2.0,5.0,31.0,22.0,5.0,6.0
250.0,2.0,2.0,5.0,13.0,95.0,2.0,5.0
250.0,3.0,2.0,5.0,31.0,95.0,2.0,8.0
250.0,4.0,2.0,5.0,32.0,95.0,2.0,5.0
250.0,5.0,2.0,5.0,31.0,95.0,3.0,4.0
250.0,6.0,2.0,5.0,32.0,21.0,3.0,7.0
250.0,7.0,2.0,5.0,21.0,95.0,3.0,8.0
250.0,8.0,2.0,5.0,31.0,95.0,2.0,4.0
250.0,9.0,2.0,5.0,32.0,95.0,3.0,3.0
250.0,10.0,2.0,5.0,21.0,22.0,5.0,5.0
250.0,11.0,2.0,5.0,31.0,95.0,3.0,6.0
250.0,12.0,2.0,5.0,32.0,22.0,3.0,9.0
250.0,13.0,2.0,5.0,31.0,95.0,4.0,8.0
250.0,14.0,2.0,5.0,32.0,95.0,3.0,5.0
250.0,15.0,2.0,5.0,32.0,95.0,4.0,10.0
250.0,16.0,2.0,5.0,31.0,22.0,4.0,9.0
250.0,17.0,2.0,5.0,21.0,22.0,4.0,5.0
250.0,18.0,2.0,5.0,31.0,21.0,2.0,7.0
250.0,19.0,2.0,5.0,32.0,95.0,2.0,3.0
250.0,20.0,2.0,5.0,32.0,95.0,2.0,6.0
251.0,1.0,2.0,5.0,21.0,22.0,5.0,4.0
251.0,2.0,2.0,5.0,21.0,95.0,1.0,5.0
251.0,3.0,2.0,5.0,21.0,95.0,2.0,5.0
251.0,4.0,2.0,5.0,21.0,23.0,4.0,1.0
251.0,5.0,2.0,5.0,21.0,95.0,1.0,5.0
251.0,6.0,2.0,5.0,21.0,95.0,1.0,10.0
251.0,7.0,2.0,5.0,21.0,95.0,2.0,6.0
251.0,8.0,2.0,5.0,32.0,95.0,1.0,5.0
251.0,9.0,2.0,5.0,21.0,95.0,1.0,14.0
251.0,10.0,2.0,5.0,21.0,95.0,2.0,6.0
251.0,11.0,2.0,5.0,21.0,95.0,2.0,7.0
251.0,12.0,2.0,5.0,21.0,21.0,3.0,9.0
251.0,13.0,2.0,5.0,21.0,95.0,3.0,7.0
251.0,14.0,2.0,5.0,21.0,22.0,1.0,5.0
251.0,15.0,2.0,5.0,31.0,95.0,2.0,6.0
251.0,16.0,2.0,5.0,21.0,23.0,2.0,5.0
251.0,17.0,2.0,5.0,21.0,95.0,3.0,8.0
251.0,18.0,2.0,5.0,21.0,95.0,1.0,8.0
251.0,19.0,2.0,5.0,21.0,95.0,2.0,6.0
251.0,20.0,2.0,5.0,21.0,95.0,2.0,4.0
252.0,1.0,2.0,5.0,32.0,95.0,2.0,5.0
252.0,2.0,2.0,5.0,32.0,95.0,1.0,5.0
252.0,3.0,2.0,5.0,21.0,95.0,2.0,3.0
252.0,4.0,2.0,5.0,21.0,95.0,1.0,5.0
252.0,5.0,2.0,5.0,21.0,95.0,1.0,3.0
252.0,6.0,2.0,5.0,32.0,95.0,1.0,1.0
252.0,7.0,2.0,5.0,81.0,95.0,2.0,5.0
252.0,8.0,2.0,5.0,21.0,95.0,3.0,12.0
252.0,9.0,2.0,5.0,21.0,95.0,2.0,4.0
252.0,10.0,2.0,5.0,32.0,22.0,2.0,4.0
252.0,11.0,2.0,5.0,21.0,95.0,2.0,7.0
252.0,12.0,2.0,5.0,21.0,95.0,1.0,8.0
252.0,13.0,2.0,5.0,21.0,95.0,2.0,6.0
252.0,14.0,2.0,5.0,21.0,22.0,3.0,4.0
252.0,15.0,2.0,5.0,32.0,95.0,1.0,1.0
252.0,16.0,2.0,5.0,21.0,95.0,1.0,1.0
252.0,17.0,2.0,5.0,21.0,95.0,2.0,1.0
252.0,18.0,2.0,5.0,32.0,95.0,1.0,5.0
252.0,19.0,2.0,5.0,32.0,95.0,1.0,4.0
252.0,20.0,2.0,5.0,32.0,95.0,1.0,3.0
253.0,1.0,2.0,5.0,21.0,95.0,2.0,8.0
253.0,2.0,2.0,5.0,21.0,95.0,1.0,4.0
253.0,3.0,2.0,5.0,21.0,95.0,2.0,2.0
253.0,4.0,2.0,5.0,32.0,95.0,1.0,5.0
253.0,5.0,2.0,5.0,21.0,23.0,2.0,4.0
253.0,6.0,2.0,5.0,21.0,95.0,1.0,4.0
253.0,7.0,2.0,5.0,21.0,95.0,1.0,7.0
253.0,8.0,2.0,5.0,21.0,95.0,1.0,1.0
253.0,9.0,2.0,5.0,21.0,95.0,1.0,6.0
253.0,10.0,2.0,5.0,21.0,95.0,1.0,3.0
253.0,11.0,2.0,5.0,21.0,95.0,1.0,2.0
253.0,12.0,2.0,5.0,21.0,95.0,2.0,6.0
253.0,13.0,2.0,5.0,21.0,23.0,1.0,6.0
253.0,14.0,2.0,5.0,21.0,95.0,1.0,3.0
253.0,15.0,2.0,5.0,21.0,95.0,1.0,4.0
253.0,16.0,2.0,5.0,21.0,95.0,2.0,7.0
253.0,17.0,2.0,5.0,21.0,95.0,1.0,7.0
253.0,18.0,2.0,5.0,21.0,95.0,1.0,2.0
253.0,19.0,2.0,5.0,21.0,95.0,2.0,3.0
253.0,20.0,2.0,5.0,21.0,95.0,2.0,2.0
254.0,1.0,2.0,5.0,32.0,95.0,1.0,1.0
254.0,2.0,2.0,5.0,32.0,95.0,2.0,6.0
254.0,3.0,2.0,5.0,32.0,95.0,1.0,8.0
254.0,4.0,2.0,5.0,32.0,95.0,1.0,3.0
254.0,5.0,2.0,5.0,32.0,95.0,1.0,6.0
254.0,6.0,2.0,5.0,32.0,95.0,1.0,10.0
254.0,7.0,2.0,5.0,32.0,95.0,2.0,4.0
254.0,8.0,2.0,5.0,21.0,95.0,1.0,3.0
254.0,9.0,2.0,5.0,32.0,95.0,1.0,5.0
254.0,10.0,2.0,5.0,21.0,95.0,1.0,1.0
254.0,11.0,2.0,5.0,32.0,95.0,1.0,5.0
254.0,12.0,2.0,5.0,32.0,95.0,1.0,7.0
254.0,13.0,2.0,5.0,32.0,22.0,2.0,4.0
254.0,14.0,2.0,5.0,32.0,22.0,3.0,5.0
254.0,15.0,2.0,5.0,21.0,95.0,1.0,5.0
254.0,16.0,2.0,5.0,32.0,95.0,1.0,7.0
254.0,17.0,2.0,5.0,32.0,21.0,2.0,3.0
254.0,18.0,2.0,5.0,32.0,95.0,2.0,3.0
254.0,19.0,2.0,5.0,32.0,95.0,2.0,3.0
254.0,20.0,2.0,5.0,32.0,95.0,1.0,5.0
255.0,1.0,2.0,5.0,32.0,95.0,1.0,3.0
255.0,2.0,2.0,5.0,32.0,23.0,2.0,6.0
255.0,3.0,2.0,5.0,21.0,21.0,2.0,4.0
255.0,4.0,2.0,5.0,21.0,21.0,3.0,6.0
255.0,5.0,2.0,5.0,21.0,95.0,1.0,6.0
255.0,6.0,2.0,5.0,32.0,95.0,1.0,7.0
255.0,7.0,2.0,5.0,21.0,95.0,1.0,5.0
255.0,8.0,2.0,5.0,21.0,95.0,1.0,8.0
255.0,9.0,2.0,5.0,32.0,95.0,1.0,4.0
255.0,10.0,2.0,5.0,21.0,23.0,3.0,9.0
255.0,11.0,2.0,5.0,32.0,22.0,1.0,3.0
255.0,12.0,2.0,5.0,32.0,95.0,1.0,6.0
255.0,13.0,2.0,5.0,32.0,95.0,1.0,2.0
255.0,14.0,2.0,5.0,32.0,95.0,3.0,10.0
255.0,15.0,2.0,5.0,21.0,23.0,2.0,6.0
255.0,16.0,2.0,5.0,21.0,23.0,2.0,4.0
255.0,17.0,2.0,5.0,32.0,95.0,1.0,1.0
255.0,18.0,2.0,5.0,32.0,95.0,2.0,3.0
255.0,19.0,2.0,5.0,32.0,95.0,2.0,9.0
255.0,20.0,2.0,5.0,21.0,95.0,2.0,9.0
256.0,1.0,2.0,5.0,32.0,95.0,2.0,6.0
256.0,2.0,2.0,5.0,32.0,95.0,1.0,6.0
256.0,3.0,2.0,5.0,31.0,95.0,1.0,8.0
256.0,4.0,2.0,5.0,21.0,21.0,1.0,4.0
256.0,5.0,2.0,5.0,32.0,95.0,1.0,4.0
256.0,6.0,2.0,5.0,21.0,95.0,1.0,2.0
256.0,7.0,2.0,5.0,21.0,95.0,1.0,3.0
256.0,8.0,2.0,5.0,31.0,21.0,2.0,5.0
256.0,9.0,2.0,5.0,32.0,95.0,1.0,4.0
256.0,10.0,2.0,5.0,32.0,95.0,1.0,8.0
256.0,11.0,2.0,5.0,21.0,21.0,2.0,6.0
256.0,12.0,2.0,5.0,21.0,95.0,2.0,7.0
256.0,13.0,2.0,5.0,21.0,22.0,3.0,6.0
256.0,14.0,2.0,5.0,31.0,21.0,2.0,9.0
256.0,15.0,2.0,5.0,31.0,95.0,2.0,7.0
256.0,16.0,2.0,5.0,32.0,21.0,2.0,4.0
256.0,17.0,2.0,5.0,31.0,95.0,1.0,7.0
256.0,18.0,2.0,5.0,21.0,95.0,2.0,5.0
256.0,19.0,2.0,5.0,32.0,22.0,2.0,7.0
256.0,20.0,2.0,5.0,32.0,95.0,2.0,5.0
257.0,1.0,2.0,5.0,42.0,51.0,1.0,2.0
257.0,2.0,2.0,5.0,81.0,95.0,1.0,9.0
257.0,3.0,2.0,5.0,31.0,23.0,2.0,7.0
257.0,4.0,2.0,5.0,31.0,95.0,1.0,7.0
257.0,5.0,2.0,5.0,31.0,23.0,1.0,5.0
257.0,6.0,2.0,5.0,31.0,23.0,2.0,4.0
257.0,7.0,2.0,5.0,31.0,95.0,1.0,4.0
257.0,8.0,2.0,5.0,31.0,95.0,2.0,5.0
257.0,9.0,2.0,5.0,32.0,95.0,1.0,3.0
257.0,10.0,2.0,5.0,32.0,22.0,1.0,4.0
257.0,11.0,2.0,5.0,31.0,23.0,2.0,3.0
257.0,12.0,2.0,5.0,21.0,22.0,2.0,6.0
257.0,13.0,2.0,5.0,31.0,23.0,2.0,5.0
257.0,14.0,2.0,5.0,21.0,23.0,2.0,8.0
257.0,15.0,2.0,5.0,31.0,23.0,2.0,7.0
257.0,16.0,2.0,5.0,31.0,95.0,2.0,4.0
257.0,17.0,2.0,5.0,31.0,95.0,1.0,4.0
257.0,18.0,2.0,5.0,41.0,23.0,2.0,7.0
257.0,19.0,2.0,5.0,42.0,51.0,1.0,6.0
257.0,20.0,2.0,5.0,31.0,23.0,2.0,6.0
258.0,1.0,2.0,5.0,32.0,23.0,3.0,5.0
258.0,2.0,2.0,5.0,32.0,95.0,1.0,6.0
258.0,3.0,2.0,5.0,21.0,95.0,2.0,5.0
258.0,4.0,2.0,5.0,31.0,23.0,1.0,3.0
258.0,5.0,2.0,5.0,32.0,23.0,2.0,8.0
258.0,6.0,2.0,5.0,32.0,23.0,2.0,4.0
258.0,7.0,2.0,5.0,32.0,95.0,1.0,7.0
258.0,8.0,2.0,5.0,21.0,95.0,1.0,1.0
258.0,9.0,2.0,5.0,32.0,95.0,1.0,5.0
258.0,10.0,2.0,5.0,32.0,95.0,1.0,4.0
258.0,11.0,2.0,5.0,32.0,95.0,1.0,8.0
258.0,12.0,2.0,5.0,31.0,95.0,1.0,4.0
258.0,13.0,2.0,5.0,32.0,22.0,4.0,5.0
258.0,14.0,2.0,5.0,32.0,95.0,2.0,4.0
258.0,15.0,2.0,5.0,21.0,95.0,2.0,4.0
258.0,16.0,2.0,5.0,32.0,95.0,1.0,8.0
258.0,17.0,2.0,5.0,21.0,95.0,2.0,4.0
258.0,18.0,2.0,5.0,32.0,22.0,2.0,4.0
258.0,19.0,2.0,5.0,31.0,23.0,2.0,3.0
258.0,20.0,2.0,5.0,32.0,95.0,1.0,3.0
259.0,1.0,2.0,5.0,32.0,95.0,1.0,2.0
259.0,2.0,2.0,5.0,32.0,95.0,2.0,7.0
259.0,3.0,2.0,5.0,32.0,95.0,2.0,1.0
259.0,4.0,2.0,5.0,21.0,21.0,2.0,3.0
259.0,5.0,2.0,5.0,32.0,95.0,2.0,5.0
259.0,6.0,2.0,5.0,32.0,95.0,2.0,12.0
259.0,7.0,2.0,5.0,31.0,95.0,2.0,8.0
259.0,8.0,2.0,5.0,32.0,95.0,2.0,7.0
259.0,9.0,2.0,5.0,21.0,95.0,1.0,1.0
259.0,10.0,2.0,5.0,81.0,95.0,1.0,6.0
259.0,11.0,2.0,5.0,31.0,95.0,2.0,4.0
259.0,12.0,2.0,5.0,31.0,95.0,3.0,3.0
259.0,13.0,2.0,5.0,81.0,95.0,1.0,6.0
259.0,14.0,2.0,5.0,32.0,95.0,2.0,16.0
259.0,15.0,2.0,5.0,14.0,95.0,2.0,7.0
259.0,16.0,2.0,5.0,32.0,95.0,1.0,8.0
259.0,17.0,2.0,5.0,31.0,95.0,2.0,4.0
259.0,18.0,2.0,5.0,32.0,95.0,1.0,5.0
259.0,19.0,2.0,5.0,41.0,95.0,1.0,5.0
259.0,20.0,2.0,5.0,21.0,95.0,1.0,5.0
260.0,1.0,2.0,5.0,32.0,22.0,4.0,4.0
260.0,2.0,2.0,5.0,32.0,95.0,3.0,10.0
260.0,3.0,2.0,5.0,32.0,95.0,2.0,1.0
260.0,4.0,2.0,5.0,32.0,95.0,2.0,5.0
260.0,5.0,2.0,5.0,31.0,22.0,4.0,1.0
260.0,6.0,2.0,5.0,32.0,95.0,2.0,5.0
260.0,7.0,2.0,5.0,32.0,95.0,3.0,3.0
260.0,8.0,2.0,5.0,32.0,95.0,3.0,8.0
260.0,9.0,2.0,5.0,32.0,95.0,1.0,4.0
260.0,10.0,2.0,5.0,31.0,95.0,1.0,4.0
260.0,11.0,2.0,5.0,32.0,95.0,1.0,4.0
260.0,12.0,2.0,5.0,32.0,95.0,1.0,5.0
260.0,13.0,2.0,5.0,32.0,95.0,1.0,7.0
260.0,14.0,2.0,5.0,32.0,95.0,3.0,8.0
260.0,15.0,2.0,5.0,32.0,95.0,1.0,7.0
260.0,16.0,2.0,5.0,32.0,95.0,3.0,5.0
260.0,17.0,2.0,5.0,32.0,95.0,3.0,7.0
260.0,18.0,2.0,5.0,32.0,95.0,2.0,2.0
260.0,19.0,2.0,5.0,32.0,95.0,1.0,6.0
260.0,20.0,2.0,5.0,32.0,95.0,1.0,5.0
261.0,1.0,2.0,5.0,32.0,95.0,1.0,7.0
261.0,2.0,2.0,5.0,32.0,95.0,1.0,4.0
261.0,3.0,2.0,5.0,31.0,22.0,1.0,8.0
261.0,4.0,2.0,5.0,32.0,95.0,1.0,7.0
261.0,5.0,2.0,5.0,32.0,95.0,1.0,6.0
261.0,6.0,2.0,5.0,32.0,23.0,1.0,4.0
261.0,7.0,2.0,5.0,32.0,95.0,1.0,5.0
261.0,8.0,2.0,5.0,32.0,95.0,1.0,5.0
261.0,9.0,2.0,5.0,32.0,22.0,1.0,4.0
261.0,10.0,2.0,5.0,32.0,95.0,1.0,2.0
261.0,11.0,2.0,5.0,32.0,23.0,2.0,5.0
261.0,12.0,2.0,5.0,32.0,95.0,1.0,6.0
261.0,13.0,2.0,5.0,31.0,22.0,2.0,6.0
261.0,14.0,2.0,5.0,31.0,22.0,1.0,6.0
261.0,15.0,2.0,5.0,32.0,95.0,1.0,2.0
261.0,16.0,2.0,5.0,32.0,23.0,3.0,4.0
261.0,17.0,2.0,5.0,32.0,95.0,2.0,9.0
261.0,18.0,2.0,5.0,32.0,23.0,3.0,6.0
261.0,19.0,2.0,5.0,32.0,23.0,2.0,4.0
261.0,20.0,2.0,5.0,31.0,21.0,1.0,7.0
262.0,1.0,2.0,5.0,32.0,95.0,1.0,5.0
262.0,2.0,2.0,5.0,32.0,95.0,1.0,4.0
262.0,3.0,2.0,5.0,32.0,21.0,1.0,8.0
262.0,4.0,2.0,5.0,32.0,95.0,3.0,4.0
262.0,5.0,2.0,5.0,32.0,95.0,1.0,12.0
262.0,6.0,2.0,5.0,32.0,95.0,1.0,9.0
262.0,7.0,2.0,5.0,32.0,95.0,2.0,9.0
262.0,8.0,2.0,5.0,21.0,95.0,1.0,4.0
262.0,9.0,2.0,5.0,32.0,95.0,1.0,4.0
262.0,10.0,2.0,5.0,32.0,95.0,1.0,7.0
262.0,11.0,2.0,5.0,32.0,95.0,1.0,7.0
262.0,12.0,2.0,5.0,32.0,95.0,1.0,7.0
262.0,13.0,2.0,5.0,32.0,95.0,1.0,3.0
262.0,14.0,2.0,5.0,14.0,95.0,2.0,9.0
262.0,15.0,2.0,5.0,14.0,95.0,1.0,2.0
262.0,16.0,2.0,5.0,32.0,95.0,1.0,5.0
262.0,17.0,2.0,5.0,32.0,95.0,1.0,8.0
262.0,18.0,2.0,5.0,21.0,95.0,2.0,6.0
262.0,19.0,2.0,5.0,21.0,95.0,1.0,4.0
262.0,20.0,2.0,5.0,21.0,95.0,1.0,9.0
263.0,1.0,2.0,5.0,31.0,95.0,1.0,6.0
263.0,2.0,2.0,5.0,,,,
263.0,3.0,2.0,5.0,31.0,23.0,1.0,4.0
263.0,4.0,2.0,5.0,31.0,95.0,1.0,12.0
263.0,5.0,2.0,5.0,31.0,95.0,1.0,6.0
263.0,6.0,2.0,5.0,21.0,23.0,2.0,8.0
263.0,7.0,2.0,5.0,31.0,23.0,2.0,4.0
263.0,8.0,2.0,5.0,32.0,95.0,1.0,4.0
263.0,9.0,2.0,5.0,31.0,95.0,2.0,9.0
263.0,10.0,2.0,5.0,32.0,95.0,1.0,4.0
263.0,11.0,2.0,5.0,21.0,21.0,2.0,7.0
263.0,12.0,2.0,5.0,32.0,95.0,1.0,6.0
263.0,13.0,2.0,5.0,31.0,95.0,1.0,4.0
263.0,14.0,2.0,5.0,32.0,95.0,1.0,3.0
263.0,15.0,2.0,5.0,32.0,95.0,1.0,4.0
263.0,16.0,2.0,5.0,31.0,95.0,1.0,7.0
263.0,17.0,2.0,5.0,21.0,95.0,1.0,3.0
263.0,18.0,2.0,5.0,32.0,95.0,1.0,5.0
263.0,19.0,2.0,5.0,21.0,95.0,1.0,3.0
263.0,20.0,2.0,5.0,32.0,95.0,1.0,5.0
264.0,1.0,2.0,5.0,14.0,23.0,1.0,4.0
264.0,2.0,2.0,5.0,32.0,22.0,1.0,5.0
264.0,3.0,2.0,5.0,32.0,95.0,2.0,8.0
264.0,4.0,2.0,5.0,32.0,95.0,1.0,6.0
264.0,5.0,2.0,5.0,32.0,95.0,1.0,6.0
264.0,6.0,2.0,5.0,32.0,23.0,1.0,3.0
264.0,7.0,2.0,5.0,32.0,95.0,1.0,2.0
264.0,8.0,2.0,5.0,32.0,95.0,1.0,6.0
264.0,9.0,2.0,5.0,21.0,23.0,1.0,6.0
264.0,10.0,2.0,5.0,21.0,23.0,2.0,11.0
264.0,11.0,2.0,5.0,32.0,23.0,2.0,4.0
264.0,12.0,2.0,5.0,21.0,23.0,2.0,3.0
264.0,13.0,2.0,5.0,14.0,95.0,1.0,4.0
264.0,14.0,2.0,5.0,14.0,23.0,2.0,6.0
264.0,15.0,2.0,5.0,32.0,95.0,1.0,1.0
264.0,16.0,2.0,5.0,21.0,23.0,2.0,12.0
264.0,17.0,2.0,5.0,32.0,95.0,1.0,7.0
264.0,18.0,2.0,5.0,32.0,95.0,1.0,7.0
264.0,19.0,2.0,5.0,21.0,23.0,2.0,5.0
264.0,20.0,2.0,5.0,32.0,95.0,1.0,5.0
265.0,1.0,2.0,5.0,32.0,95.0,2.0,14.0
265.0,2.0,2.0,5.0,32.0,95.0,1.0,11.0
265.0,3.0,2.0,5.0,,,,
265.0,4.0,2.0,5.0,31.0,95.0,1.0,8.0
265.0,5.0,2.0,5.0,31.0,22.0,3.0,2.0
265.0,6.0,2.0,5.0,,,,
265.0,7.0,2.0,5.0,32.0,95.0,1.0,4.0
265.0,8.0,2.0,5.0,32.0,95.0,1.0,11.0
265.0,9.0,2.0,5.0,31.0,95.0,1.0,4.0
265.0,10.0,2.0,5.0,32.0,95.0,1.0,3.0
265.0,11.0,2.0,5.0,32.0,95.0,1.0,7.0
265.0,12.0,2.0,5.0,32.0,95.0,2.0,11.0
265.0,13.0,2.0,5.0,32.0,95.0,1.0,7.0
265.0,14.0,2.0,5.0,32.0,95.0,2.0,4.0
265.0,15.0,2.0,5.0,32.0,95.0,1.0,6.0
265.0,16.0,2.0,5.0,32.0,95.0,2.0,6.0
265.0,17.0,2.0,5.0,32.0,95.0,1.0,4.0
265.0,18.0,2.0,5.0,32.0,95.0,2.0,10.0
265.0,19.0,2.0,5.0,31.0,95.0,1.0,9.0
265.0,20.0,2.0,5.0,32.0,95.0,1.0,2.0
266.0,1.0,2.0,5.0,21.0,95.0,2.0,5.0
266.0,2.0,2.0,5.0,21.0,95.0,1.0,4.0
266.0,3.0,2.0,5.0,21.0,21.0,2.0,11.0
266.0,4.0,2.0,5.0,21.0,95.0,2.0,7.0
266.0,5.0,2.0,5.0,42.0,95.0,1.0,4.0
266.0,6.0,2.0,5.0,32.0,95.0,2.0,8.0
266.0,7.0,2.0,5.0,32.0,22.0,2.0,9.0
266.0,8.0,2.0,5.0,21.0,21.0,1.0,4.0
266.0,9.0,2.0,5.0,14.0,95.0,3.0,9.0
266.0,10.0,2.0,5.0,21.0,95.0,1.0,4.0
266.0,11.0,2.0,5.0,31.0,95.0,2.0,3.0
266.0,12.0,2.0,5.0,21.0,95.0,1.0,8.0
266.0,13.0,2.0,5.0,21.0,13.0,5.0,7.0
266.0,14.0,2.0,5.0,21.0,31.0,1.0,3.0
266.0,15.0,2.0,5.0,21.0,21.0,2.0,9.0
266.0,16.0,2.0,5.0,32.0,95.0,1.0,4.0
266.0,17.0,2.0,5.0,14.0,22.0,3.0,5.0
266.0,18.0,2.0,5.0,21.0,23.0,1.0,6.0
266.0,19.0,2.0,5.0,21.0,22.0,5.0,1.0
266.0,20.0,2.0,5.0,21.0,22.0,5.0,5.0
267.0,1.0,2.0,5.0,21.0,23.0,1.0,8.0
267.0,2.0,2.0,5.0,21.0,23.0,1.0,7.0
267.0,3.0,2.0,5.0,32.0,23.0,2.0,7.0
267.0,4.0,2.0,5.0,21.0,31.0,3.0,3.0
267.0,5.0,2.0,5.0,31.0,21.0,2.0,4.0
267.0,6.0,2.0,5.0,32.0,95.0,1.0,6.0
267.0,7.0,2.0,5.0,21.0,23.0,2.0,5.0
267.0,8.0,2.0,5.0,32.0,51.0,1.0,5.0
267.0,9.0,2.0,5.0,42.0,51.0,2.0,6.0
267.0,10.0,2.0,5.0,14.0,23.0,3.0,10.0
267.0,11.0,2.0,5.0,21.0,95.0,2.0,6.0
267.0,12.0,2.0,5.0,32.0,96.0,1.0,3.0
267.0,13.0,2.0,5.0,32.0,95.0,1.0,6.0
267.0,14.0,2.0,5.0,21.0,31.0,2.0,6.0
267.0,15.0,2.0,5.0,21.0,95.0,1.0,8.0
267.0,16.0,2.0,5.0,21.0,31.0,2.0,11.0
267.0,17.0,2.0,5.0,14.0,23.0,2.0,13.0
267.0,18.0,2.0,5.0,21.0,23.0,1.0,7.0
267.0,19.0,2.0,5.0,21.0,23.0,1.0,3.0
267.0,20.0,2.0,5.0,21.0,23.0,1.0,5.0
268.0,1.0,2.0,5.0,42.0,95.0,1.0,9.0
268.0,2.0,2.0,5.0,32.0,95.0,1.0,7.0
268.0,3.0,2.0,5.0,32.0,95.0,1.0,4.0
268.0,4.0,2.0,5.0,42.0,95.0,1.0,5.0
268.0,5.0,2.0,5.0,42.0,95.0,1.0,4.0
268.0,6.0,2.0,5.0,42.0,95.0,1.0,7.0
268.0,7.0,2.0,5.0,32.0,95.0,1.0,5.0
268.0,8.0,2.0,5.0,81.0,95.0,1.0,8.0
268.0,9.0,2.0,5.0,32.0,95.0,1.0,6.0
268.0,10.0,2.0,5.0,81.0,95.0,2.0,3.0
268.0,11.0,2.0,5.0,81.0,95.0,1.0,4.0
268.0,12.0,2.0,5.0,32.0,95.0,2.0,3.0
268.0,13.0,2.0,5.0,32.0,95.0,1.0,5.0
268.0,14.0,2.0,5.0,32.0,95.0,1.0,8.0
268.0,15.0,2.0,5.0,81.0,95.0,1.0,2.0
268.0,16.0,2.0,5.0,32.0,95.0,1.0,7.0
268.0,17.0,2.0,5.0,81.0,95.0,1.0,6.0
268.0,18.0,2.0,5.0,81.0,95.0,1.0,5.0
268.0,19.0,2.0,5.0,42.0,95.0,1.0,9.0
268.0,20.0,2.0,5.0,,,,
269.0,1.0,2.0,5.0,21.0,95.0,4.0,4.0
269.0,2.0,2.0,5.0,32.0,95.0,1.0,7.0
269.0,3.0,2.0,5.0,81.0,95.0,1.0,16.0
269.0,4.0,2.0,5.0,21.0,95.0,3.0,7.0
269.0,5.0,2.0,5.0,32.0,95.0,4.0,6.0
269.0,6.0,2.0,5.0,21.0,95.0,2.0,10.0
269.0,7.0,2.0,5.0,32.0,95.0,1.0,6.0
269.0,8.0,2.0,5.0,32.0,95.0,1.0,6.0
269.0,9.0,2.0,5.0,14.0,95.0,4.0,3.0
269.0,10.0,2.0,5.0,21.0,95.0,3.0,5.0
269.0,11.0,2.0,5.0,14.0,95.0,2.0,17.0
269.0,12.0,2.0,5.0,31.0,95.0,2.0,4.0
269.0,13.0,2.0,5.0,14.0,95.0,1.0,6.0
269.0,14.0,2.0,5.0,21.0,95.0,2.0,9.0
269.0,15.0,2.0,5.0,14.0,95.0,1.0,3.0
269.0,16.0,2.0,5.0,21.0,95.0,2.0,5.0
269.0,17.0,2.0,5.0,32.0,95.0,3.0,4.0
269.0,18.0,2.0,5.0,21.0,95.0,2.0,6.0
269.0,19.0,2.0,5.0,31.0,95.0,3.0,8.0
269.0,20.0,2.0,5.0,14.0,95.0,3.0,8.0
270.0,1.0,2.0,5.0,21.0,95.0,2.0,14.0
270.0,2.0,2.0,5.0,32.0,95.0,1.0,5.0
270.0,3.0,2.0,5.0,21.0,95.0,1.0,5.0
270.0,4.0,2.0,5.0,81.0,95.0,1.0,10.0
270.0,5.0,2.0,5.0,81.0,95.0,1.0,7.0
270.0,6.0,2.0,5.0,21.0,95.0,2.0,3.0
270.0,7.0,2.0,5.0,21.0,95.0,2.0,8.0
270.0,8.0,2.0,5.0,21.0,95.0,2.0,8.0
270.0,9.0,2.0,5.0,81.0,95.0,1.0,16.0
270.0,10.0,2.0,5.0,32.0,95.0,2.0,5.0
270.0,11.0,2.0,5.0,31.0,95.0,1.0,15.0
270.0,12.0,2.0,5.0,21.0,95.0,2.0,4.0
270.0,13.0,2.0,5.0,21.0,95.0,1.0,5.0
270.0,14.0,2.0,5.0,21.0,95.0,1.0,8.0
270.0,15.0,2.0,5.0,32.0,95.0,1.0,7.0
270.0,16.0,2.0,5.0,21.0,95.0,1.0,6.0
270.0,17.0,2.0,5.0,21.0,95.0,1.0,6.0
270.0,18.0,2.0,5.0,21.0,95.0,1.0,2.0
270.0,19.0,2.0,5.0,42.0,95.0,1.0,1.0
270.0,20.0,2.0,5.0,32.0,95.0,1.0,11.0
271.0,1.0,2.0,5.0,32.0,95.0,2.0,8.0
271.0,2.0,2.0,5.0,32.0,95.0,3.0,10.0
271.0,3.0,2.0,5.0,21.0,95.0,3.0,7.0
271.0,4.0,2.0,5.0,31.0,95.0,3.0,4.0
271.0,5.0,2.0,5.0,21.0,95.0,1.0,5.0
271.0,6.0,2.0,5.0,21.0,95.0,2.0,3.0
271.0,7.0,2.0,5.0,31.0,95.0,1.0,6.0
271.0,8.0,2.0,5.0,51.0,95.0,1.0,1.0
271.0,9.0,2.0,5.0,21.0,95.0,1.0,1.0
271.0,10.0,2.0,5.0,32.0,95.0,1.0,7.0
271.0,11.0,2.0,5.0,32.0,22.0,2.0,2.0
271.0,12.0,2.0,5.0,32.0,95.0,1.0,6.0
271.0,13.0,2.0,5.0,31.0,95.0,1.0,7.0
271.0,14.0,2.0,5.0,21.0,95.0,1.0,7.0
271.0,15.0,2.0,5.0,32.0,95.0,3.0,1.0
271.0,16.0,2.0,5.0,32.0,95.0,2.0,5.0
271.0,17.0,2.0,5.0,32.0,95.0,3.0,4.0
271.0,18.0,2.0,5.0,32.0,95.0,2.0,5.0
271.0,19.0,2.0,5.0,32.0,95.0,1.0,5.0
271.0,20.0,2.0,5.0,31.0,95.0,1.0,7.0
272.0,1.0,2.0,5.0,31.0,95.0,1.0,4.0
272.0,2.0,2.0,5.0,32.0,95.0,2.0,1.0
272.0,3.0,2.0,5.0,31.0,95.0,1.0,2.0
272.0,4.0,2.0,5.0,21.0,95.0,1.0,7.0
272.0,5.0,2.0,5.0,32.0,95.0,1.0,9.0
272.0,6.0,2.0,5.0,32.0,95.0,2.0,5.0
272.0,7.0,2.0,5.0,31.0,95.0,3.0,4.0
272.0,8.0,2.0,5.0,81.0,95.0,1.0,8.0
272.0,9.0,2.0,5.0,81.0,95.0,3.0,11.0
272.0,10.0,2.0,5.0,32.0,95.0,2.0,9.0
272.0,11.0,2.0,5.0,32.0,95.0,1.0,11.0
272.0,12.0,2.0,5.0,32.0,95.0,3.0,10.0
272.0,13.0,2.0,5.0,81.0,95.0,1.0,4.0
272.0,14.0,2.0,5.0,81.0,95.0,1.0,7.0
272.0,15.0,2.0,5.0,32.0,95.0,1.0,5.0
272.0,16.0,2.0,5.0,32.0,95.0,1.0,7.0
272.0,17.0,2.0,5.0,32.0,95.0,2.0,1.0
272.0,18.0,2.0,5.0,32.0,95.0,1.0,7.0
272.0,19.0,2.0,5.0,21.0,95.0,1.0,11.0
272.0,20.0,2.0,5.0,32.0,23.0,3.0,13.0
273.0,1.0,2.0,5.0,21.0,95.0,1.0,7.0
273.0,2.0,2.0,5.0,81.0,95.0,1.0,5.0
273.0,3.0,2.0,5.0,21.0,95.0,1.0,6.0
273.0,4.0,2.0,5.0,32.0,95.0,1.0,4.0
273.0,5.0,2.0,5.0,21.0,95.0,1.0,7.0
273.0,6.0,2.0,5.0,32.0,95.0,1.0,11.0
273.0,7.0,2.0,5.0,32.0,95.0,1.0,7.0
273.0,8.0,2.0,5.0,32.0,95.0,1.0,7.0
273.0,9.0,2.0,5.0,21.0,21.0,2.0,6.0
273.0,10.0,2.0,5.0,42.0,95.0,1.0,5.0
273.0,11.0,2.0,5.0,81.0,21.0,1.0,6.0
273.0,12.0,2.0,5.0,21.0,95.0,1.0,5.0
273.0,13.0,2.0,5.0,32.0,95.0,1.0,6.0
273.0,14.0,2.0,5.0,21.0,95.0,1.0,3.0
273.0,15.0,2.0,5.0,21.0,21.0,1.0,4.0
273.0,16.0,2.0,5.0,32.0,95.0,2.0,6.0
273.0,17.0,2.0,5.0,21.0,95.0,1.0,4.0
273.0,18.0,2.0,5.0,31.0,12.0,4.0,4.0
273.0,19.0,2.0,5.0,21.0,95.0,1.0,6.0
273.0,20.0,2.0,5.0,21.0,95.0,1.0,4.0
274.0,1.0,2.0,5.0,81.0,95.0,2.0,5.0
274.0,2.0,2.0,5.0,42.0,95.0,1.0,8.0
274.0,3.0,2.0,5.0,31.0,95.0,3.0,6.0
274.0,4.0,2.0,5.0,81.0,95.0,3.0,8.0
274.0,5.0,2.0,5.0,31.0,21.0,2.0,3.0
274.0,6.0,2.0,5.0,81.0,95.0,1.0,3.0
274.0,7.0,2.0,5.0,31.0,95.0,1.0,5.0
274.0,8.0,2.0,5.0,,,,
274.0,9.0,2.0,5.0,31.0,95.0,3.0,9.0
274.0,10.0,2.0,5.0,31.0,22.0,3.0,1.0
274.0,11.0,2.0,5.0,31.0,95.0,1.0,8.0
274.0,12.0,2.0,5.0,32.0,95.0,3.0,3.0
274.0,13.0,2.0,5.0,81.0,95.0,2.0,3.0
274.0,14.0,2.0,5.0,81.0,95.0,1.0,6.0
274.0,15.0,2.0,5.0,31.0,22.0,5.0,5.0
274.0,16.0,2.0,5.0,31.0,95.0,1.0,3.0
274.0,17.0,2.0,5.0,81.0,95.0,2.0,4.0
274.0,18.0,2.0,5.0,31.0,95.0,1.0,8.0
274.0,19.0,2.0,5.0,81.0,95.0,1.0,7.0
274.0,20.0,2.0,5.0,81.0,95.0,3.0,4.0
275.0,1.0,2.0,5.0,21.0,95.0,2.0,8.0
275.0,2.0,2.0,5.0,14.0,23.0,1.0,17.0
275.0,3.0,2.0,5.0,31.0,95.0,1.0,1.0
275.0,4.0,2.0,5.0,32.0,95.0,2.0,1.0
275.0,5.0,2.0,5.0,21.0,95.0,2.0,5.0
275.0,6.0,2.0,5.0,32.0,95.0,1.0,2.0
275.0,7.0,2.0,5.0,32.0,95.0,2.0,10.0
275.0,8.0,2.0,5.0,14.0,95.0,1.0,5.0
275.0,9.0,2.0,5.0,32.0,95.0,1.0,4.0
275.0,10.0,2.0,5.0,21.0,95.0,1.0,7.0
275.0,11.0,2.0,5.0,21.0,23.0,3.0,10.0
275.0,12.0,2.0,5.0,32.0,95.0,1.0,6.0
275.0,13.0,2.0,5.0,32.0,23.0,3.0,7.0
275.0,14.0,2.0,5.0,32.0,95.0,3.0,7.0
275.0,15.0,2.0,5.0,14.0,95.0,2.0,8.0
275.0,16.0,2.0,5.0,14.0,23.0,2.0,3.0
275.0,17.0,2.0,5.0,21.0,23.0,3.0,4.0
275.0,18.0,2.0,5.0,32.0,95.0,1.0,3.0
275.0,19.0,2.0,5.0,32.0,95.0,1.0,6.0
275.0,20.0,2.0,5.0,21.0,21.0,3.0,2.0
276.0,1.0,2.0,5.0,14.0,95.0,1.0,6.0
276.0,2.0,2.0,5.0,21.0,95.0,1.0,4.0
276.0,3.0,2.0,5.0,14.0,95.0,1.0,4.0
276.0,4.0,2.0,5.0,14.0,95.0,1.0,3.0
276.0,5.0,2.0,5.0,14.0,95.0,1.0,6.0
276.0,6.0,2.0,5.0,32.0,95.0,1.0,7.0
276.0,7.0,2.0,5.0,21.0,95.0,2.0,8.0
276.0,8.0,2.0,5.0,32.0,95.0,1.0,11.0
276.0,9.0,2.0,5.0,81.0,95.0,1.0,4.0
276.0,10.0,2.0,5.0,14.0,95.0,1.0,6.0
276.0,11.0,2.0,5.0,21.0,95.0,2.0,8.0
276.0,12.0,2.0,5.0,21.0,95.0,2.0,14.0
276.0,13.0,2.0,5.0,14.0,95.0,1.0,6.0
276.0,14.0,2.0,5.0,32.0,95.0,1.0,6.0
276.0,15.0,2.0,5.0,21.0,95.0,1.0,4.0
276.0,16.0,2.0,5.0,32.0,95.0,1.0,4.0
276.0,17.0,2.0,5.0,32.0,95.0,1.0,6.0
276.0,18.0,2.0,5.0,14.0,95.0,2.0,16.0
276.0,19.0,2.0,5.0,21.0,95.0,1.0,7.0
276.0,20.0,2.0,5.0,21.0,95.0,1.0,2.0
277.0,1.0,2.0,5.0,21.0,95.0,1.0,3.0
277.0,2.0,2.0,5.0,32.0,95.0,1.0,6.0
277.0,3.0,2.0,5.0,32.0,95.0,1.0,2.0
277.0,4.0,2.0,5.0,31.0,21.0,2.0,5.0
277.0,5.0,2.0,5.0,32.0,95.0,2.0,6.0
277.0,6.0,2.0,5.0,32.0,95.0,1.0,4.0
277.0,7.0,2.0,5.0,21.0,23.0,2.0,8.0
277.0,8.0,2.0,5.0,32.0,95.0,1.0,4.0
277.0,9.0,2.0,5.0,14.0,22.0,2.0,9.0
277.0,10.0,2.0,5.0,32.0,95.0,1.0,4.0
277.0,11.0,2.0,5.0,32.0,95.0,1.0,4.0
277.0,12.0,2.0,5.0,32.0,95.0,1.0,5.0
277.0,13.0,2.0,5.0,32.0,95.0,1.0,7.0
277.0,14.0,2.0,5.0,14.0,95.0,1.0,6.0
277.0,15.0,2.0,5.0,32.0,95.0,1.0,2.0
277.0,16.0,2.0,5.0,32.0,95.0,2.0,6.0
277.0,17.0,2.0,5.0,42.0,23.0,3.0,9.0
277.0,18.0,2.0,5.0,32.0,95.0,2.0,9.0
277.0,19.0,2.0,5.0,32.0,95.0,1.0,3.0
277.0,20.0,2.0,5.0,32.0,95.0,1.0,5.0
278.0,1.0,2.0,5.0,31.0,95.0,1.0,6.0
278.0,2.0,2.0,5.0,32.0,95.0,1.0,7.0
278.0,3.0,2.0,5.0,32.0,95.0,1.0,4.0
278.0,4.0,2.0,5.0,32.0,95.0,2.0,2.0
278.0,5.0,2.0,5.0,31.0,95.0,2.0,18.0
278.0,6.0,2.0,5.0,21.0,95.0,3.0,19.0
278.0,7.0,2.0,5.0,21.0,95.0,2.0,4.0
278.0,8.0,2.0,5.0,32.0,95.0,2.0,11.0
278.0,9.0,2.0,5.0,31.0,95.0,1.0,4.0
278.0,10.0,2.0,5.0,31.0,95.0,2.0,5.0
278.0,11.0,2.0,5.0,32.0,95.0,2.0,6.0
278.0,12.0,2.0,5.0,32.0,95.0,1.0,4.0
278.0,13.0,2.0,5.0,32.0,95.0,1.0,3.0
278.0,14.0,2.0,5.0,31.0,95.0,2.0,10.0
278.0,15.0,2.0,5.0,31.0,95.0,1.0,6.0
278.0,16.0,2.0,5.0,21.0,95.0,3.0,7.0
278.0,17.0,2.0,5.0,32.0,95.0,2.0,8.0
278.0,18.0,2.0,5.0,21.0,95.0,2.0,16.0
278.0,19.0,2.0,5.0,21.0,95.0,2.0,8.0
278.0,20.0,2.0,5.0,81.0,95.0,2.0,7.0
279.0,1.0,2.0,5.0,42.0,95.0,1.0,4.0
279.0,2.0,2.0,5.0,42.0,95.0,1.0,3.0
279.0,3.0,2.0,5.0,81.0,95.0,1.0,3.0
279.0,4.0,2.0,5.0,42.0,95.0,1.0,8.0
279.0,5.0,2.0,5.0,81.0,95.0,1.0,5.0
279.0,6.0,2.0,5.0,42.0,95.0,1.0,5.0
279.0,7.0,2.0,5.0,,,,
279.0,8.0,2.0,5.0,42.0,95.0,2.0,7.0
279.0,9.0,2.0,5.0,81.0,95.0,1.0,6.0
279.0,10.0,2.0,5.0,81.0,95.0,1.0,5.0
279.0,11.0,2.0,5.0,81.0,95.0,1.0,13.0
279.0,12.0,2.0,5.0,81.0,95.0,1.0,7.0
279.0,13.0,2.0,5.0,81.0,95.0,1.0,4.0
279.0,14.0,2.0,5.0,42.0,95.0,1.0,5.0
279.0,15.0,2.0,5.0,81.0,95.0,1.0,10.0
279.0,16.0,2.0,5.0,42.0,95.0,1.0,14.0
279.0,17.0,2.0,5.0,81.0,95.0,2.0,6.0
279.0,18.0,2.0,5.0,81.0,95.0,1.0,5.0
279.0,19.0,2.0,5.0,42.0,95.0,1.0,7.0
279.0,20.0,2.0,5.0,81.0,95.0,1.0,6.0
280.0,1.0,2.0,5.0,21.0,95.0,1.0,5.0
280.0,2.0,2.0,5.0,14.0,95.0,1.0,1.0
280.0,3.0,2.0,5.0,21.0,95.0,1.0,7.0
280.0,4.0,2.0,5.0,21.0,95.0,1.0,1.0
280.0,5.0,2.0,5.0,21.0,95.0,1.0,6.0
280.0,6.0,2.0,5.0,14.0,95.0,1.0,10.0
280.0,7.0,2.0,5.0,14.0,95.0,1.0,7.0
280.0,8.0,2.0,5.0,14.0,95.0,2.0,5.0
280.0,9.0,2.0,5.0,14.0,95.0,1.0,3.0
280.0,10.0,2.0,5.0,13.0,95.0,2.0,7.0
280.0,11.0,2.0,5.0,21.0,95.0,1.0,4.0
280.0,12.0,2.0,5.0,21.0,95.0,1.0,10.0
280.0,13.0,2.0,5.0,21.0,95.0,1.0,10.0
280.0,14.0,2.0,5.0,21.0,95.0,2.0,9.0
280.0,15.0,2.0,5.0,21.0,23.0,2.0,18.0
280.0,16.0,2.0,5.0,21.0,95.0,2.0,8.0
280.0,17.0,2.0,5.0,14.0,21.0,1.0,4.0
280.0,18.0,2.0,5.0,21.0,95.0,1.0,6.0
280.0,19.0,2.0,5.0,21.0,95.0,1.0,1.0
280.0,20.0,2.0,5.0,21.0,95.0,1.0,5.0
281.0,1.0,2.0,5.0,21.0,31.0,4.0,4.0
281.0,2.0,2.0,5.0,14.0,95.0,2.0,4.0
281.0,3.0,2.0,5.0,14.0,22.0,5.0,4.0
281.0,4.0,2.0,5.0,14.0,13.0,4.0,1.0
281.0,5.0,2.0,5.0,14.0,95.0,3.0,2.0
281.0,6.0,2.0,5.0,14.0,95.0,3.0,1.0
281.0,7.0,2.0,5.0,21.0,95.0,3.0,5.0
281.0,8.0,2.0,5.0,14.0,22.0,5.0,4.0
281.0,9.0,2.0,5.0,92.0,22.0,5.0,1.0
281.0,10.0,2.0,5.0,14.0,51.0,3.0,7.0
281.0,11.0,2.0,5.0,21.0,95.0,1.0,9.0
281.0,12.0,2.0,5.0,14.0,95.0,4.0,1.0
281.0,13.0,2.0,5.0,21.0,95.0,4.0,1.0
281.0,14.0,2.0,5.0,21.0,95.0,2.0,1.0
281.0,15.0,2.0,5.0,14.0,95.0,4.0,7.0
281.0,16.0,2.0,5.0,14.0,95.0,3.0,10.0
281.0,17.0,2.0,5.0,14.0,95.0,3.0,7.0
281.0,18.0,2.0,5.0,21.0,95.0,3.0,4.0
281.0,19.0,2.0,5.0,21.0,22.0,5.0,6.0
281.0,20.0,2.0,5.0,14.0,13.0,4.0,2.0
282.0,1.0,2.0,5.0,21.0,95.0,1.0,6.0
282.0,2.0,2.0,5.0,42.0,95.0,1.0,4.0
282.0,3.0,2.0,5.0,81.0,95.0,2.0,3.0
282.0,4.0,2.0,5.0,,,,
282.0,5.0,2.0,5.0,21.0,21.0,1.0,7.0
282.0,6.0,2.0,5.0,14.0,21.0,1.0,5.0
282.0,7.0,2.0,5.0,21.0,95.0,1.0,5.0
282.0,8.0,2.0,5.0,14.0,21.0,1.0,4.0
282.0,9.0,2.0,5.0,21.0,95.0,1.0,5.0
282.0,10.0,2.0,5.0,14.0,21.0,2.0,6.0
282.0,11.0,2.0,5.0,21.0,22.0,2.0,5.0
282.0,12.0,2.0,5.0,42.0,95.0,1.0,5.0
282.0,13.0,2.0,5.0,21.0,22.0,1.0,6.0
282.0,14.0,2.0,5.0,42.0,95.0,1.0,10.0
282.0,15.0,2.0,5.0,42.0,95.0,1.0,7.0
282.0,16.0,2.0,5.0,21.0,95.0,1.0,5.0
282.0,17.0,2.0,5.0,42.0,95.0,1.0,2.0
282.0,18.0,2.0,5.0,,,,
282.0,19.0,2.0,5.0,21.0,95.0,1.0,7.0
282.0,20.0,2.0,5.0,14.0,21.0,1.0,4.0
283.0,1.0,2.0,5.0,21.0,95.0,1.0,4.0
283.0,2.0,2.0,5.0,81.0,95.0,1.0,10.0
283.0,3.0,2.0,5.0,21.0,95.0,1.0,3.0
283.0,4.0,2.0,5.0,81.0,95.0,1.0,4.0
283.0,5.0,2.0,5.0,81.0,95.0,1.0,7.0
283.0,6.0,2.0,5.0,21.0,95.0,1.0,6.0
283.0,7.0,2.0,5.0,81.0,95.0,1.0,5.0
283.0,8.0,2.0,5.0,21.0,95.0,1.0,4.0
283.0,9.0,2.0,5.0,21.0,95.0,1.0,5.0
283.0,10.0,2.0,5.0,21.0,95.0,1.0,4.0
283.0,11.0,2.0,5.0,21.0,95.0,1.0,3.0
283.0,12.0,2.0,5.0,21.0,95.0,1.0,3.0
283.0,13.0,2.0,5.0,21.0,95.0,1.0,4.0
283.0,14.0,2.0,5.0,21.0,95.0,1.0,3.0
283.0,15.0,2.0,5.0,21.0,95.0,1.0,3.0
283.0,16.0,2.0,5.0,81.0,95.0,1.0,4.0
283.0,17.0,2.0,5.0,21.0,95.0,1.0,7.0
283.0,18.0,2.0,5.0,81.0,95.0,1.0,8.0
283.0,19.0,2.0,5.0,42.0,95.0,1.0,5.0
283.0,20.0,2.0,5.0,21.0,95.0,1.0,9.0
284.0,1.0,2.0,5.0,32.0,95.0,3.0,7.0
284.0,2.0,2.0,5.0,32.0,95.0,1.0,4.0
284.0,3.0,2.0,5.0,32.0,95.0,2.0,5.0
284.0,4.0,2.0,5.0,32.0,95.0,3.0,4.0
284.0,5.0,2.0,5.0,32.0,95.0,2.0,5.0
284.0,6.0,2.0,5.0,31.0,22.0,5.0,6.0
284.0,7.0,2.0,5.0,32.0,95.0,2.0,5.0
284.0,8.0,2.0,5.0,32.0,95.0,1.0,3.0
284.0,9.0,2.0,5.0,32.0,95.0,3.0,3.0
284.0,10.0,2.0,5.0,32.0,95.0,3.0,4.0
284.0,11.0,2.0,5.0,32.0,95.0,3.0,3.0
284.0,12.0,2.0,5.0,32.0,95.0,2.0,4.0
284.0,13.0,2.0,5.0,32.0,22.0,4.0,6.0
284.0,14.0,2.0,5.0,31.0,21.0,5.0,7.0
284.0,15.0,2.0,5.0,32.0,95.0,1.0,5.0
284.0,16.0,2.0,5.0,31.0,95.0,3.0,7.0
284.0,17.0,2.0,5.0,32.0,22.0,2.0,12.0
284.0,18.0,2.0,5.0,32.0,95.0,3.0,3.0
284.0,19.0,2.0,5.0,14.0,22.0,5.0,6.0
284.0,20.0,2.0,5.0,21.0,23.0,5.0,3.0
285.0,1.0,2.0,5.0,32.0,95.0,1.0,6.0
285.0,2.0,2.0,5.0,32.0,95.0,1.0,1.0
285.0,3.0,2.0,5.0,32.0,95.0,1.0,7.0
285.0,4.0,2.0,5.0,21.0,95.0,2.0,3.0
285.0,5.0,2.0,5.0,32.0,95.0,1.0,11.0
285.0,6.0,2.0,5.0,32.0,95.0,1.0,4.0
285.0,7.0,2.0,5.0,32.0,22.0,2.0,10.0
285.0,8.0,2.0,5.0,21.0,22.0,1.0,3.0
285.0,9.0,2.0,5.0,32.0,95.0,1.0,3.0
285.0,10.0,2.0,5.0,21.0,95.0,1.0,4.0
285.0,11.0,2.0,5.0,32.0,22.0,3.0,14.0
285.0,12.0,2.0,5.0,32.0,23.0,2.0,7.0
285.0,13.0,2.0,5.0,32.0,95.0,1.0,16.0
285.0,14.0,2.0,5.0,32.0,21.0,2.0,6.0
285.0,15.0,2.0,5.0,32.0,21.0,3.0,3.0
285.0,16.0,2.0,5.0,32.0,95.0,1.0,7.0
285.0,17.0,2.0,5.0,31.0,22.0,2.0,12.0
285.0,18.0,2.0,5.0,32.0,95.0,1.0,1.0
285.0,19.0,2.0,5.0,32.0,95.0,1.0,5.0
285.0,20.0,2.0,5.0,32.0,95.0,1.0,7.0
286.0,1.0,2.0,5.0,32.0,95.0,1.0,5.0
286.0,2.0,2.0,5.0,32.0,95.0,2.0,5.0
286.0,3.0,2.0,5.0,21.0,95.0,2.0,11.0
286.0,4.0,2.0,5.0,21.0,95.0,1.0,7.0
286.0,5.0,2.0,5.0,32.0,95.0,1.0,5.0
286.0,6.0,2.0,5.0,21.0,95.0,1.0,6.0
286.0,7.0,2.0,5.0,32.0,95.0,1.0,4.0
286.0,8.0,2.0,5.0,21.0,22.0,2.0,6.0
286.0,9.0,2.0,5.0,14.0,95.0,1.0,6.0
286.0,10.0,2.0,5.0,32.0,23.0,2.0,8.0
286.0,11.0,2.0,5.0,42.0,95.0,2.0,7.0
286.0,12.0,2.0,5.0,14.0,95.0,1.0,5.0
286.0,13.0,2.0,5.0,32.0,95.0,1.0,9.0
286.0,14.0,2.0,5.0,21.0,95.0,1.0,6.0
286.0,15.0,2.0,5.0,21.0,95.0,1.0,8.0
286.0,16.0,2.0,5.0,32.0,23.0,1.0,9.0
286.0,17.0,2.0,5.0,32.0,23.0,2.0,9.0
286.0,18.0,2.0,5.0,32.0,95.0,1.0,5.0
286.0,19.0,2.0,5.0,21.0,95.0,2.0,11.0
286.0,20.0,2.0,5.0,32.0,95.0,1.0,7.0
287.0,1.0,2.0,5.0,32.0,95.0,2.0,7.0
287.0,2.0,2.0,5.0,32.0,21.0,5.0,7.0
287.0,3.0,2.0,5.0,32.0,95.0,3.0,10.0
287.0,4.0,2.0,5.0,32.0,95.0,1.0,3.0
287.0,5.0,2.0,5.0,32.0,95.0,2.0,5.0
287.0,6.0,2.0,5.0,32.0,95.0,3.0,7.0
287.0,7.0,2.0,5.0,32.0,95.0,2.0,1.0
287.0,8.0,2.0,5.0,,,,
287.0,9.0,2.0,5.0,32.0,95.0,3.0,5.0
287.0,10.0,2.0,5.0,12.0,22.0,5.0,9.0
287.0,11.0,2.0,5.0,42.0,23.0,3.0,2.0
287.0,12.0,2.0,5.0,32.0,22.0,3.0,6.0
287.0,13.0,2.0,5.0,32.0,23.0,2.0,6.0
287.0,14.0,2.0,5.0,32.0,95.0,1.0,4.0
287.0,15.0,2.0,5.0,31.0,95.0,3.0,5.0
287.0,16.0,2.0,5.0,41.0,22.0,3.0,5.0
287.0,17.0,2.0,5.0,21.0,23.0,3.0,2.0
287.0,18.0,2.0,5.0,32.0,95.0,1.0,2.0
287.0,19.0,2.0,5.0,42.0,95.0,1.0,5.0
287.0,20.0,2.0,5.0,14.0,95.0,1.0,11.0
288.0,1.0,2.0,5.0,32.0,95.0,1.0,7.0
288.0,2.0,2.0,5.0,21.0,95.0,2.0,4.0
288.0,3.0,2.0,5.0,21.0,95.0,2.0,4.0
288.0,4.0,2.0,5.0,32.0,95.0,1.0,7.0
288.0,5.0,2.0,5.0,32.0,95.0,1.0,5.0
288.0,6.0,2.0,5.0,21.0,95.0,1.0,5.0
288.0,7.0,2.0,5.0,32.0,95.0,1.0,5.0
288.0,8.0,2.0,5.0,32.0,95.0,2.0,7.0
288.0,9.0,2.0,5.0,,,,
288.0,10.0,2.0,5.0,31.0,95.0,1.0,8.0
288.0,11.0,2.0,5.0,81.0,95.0,1.0,10.0
288.0,12.0,2.0,5.0,32.0,95.0,1.0,9.0
288.0,13.0,2.0,5.0,81.0,95.0,2.0,8.0
288.0,14.0,2.0,5.0,32.0,95.0,1.0,8.0
288.0,15.0,2.0,5.0,21.0,95.0,1.0,5.0
288.0,16.0,2.0,5.0,32.0,95.0,1.0,6.0
288.0,17.0,2.0,5.0,32.0,95.0,1.0,6.0
288.0,18.0,2.0,5.0,32.0,95.0,2.0,6.0
288.0,19.0,2.0,5.0,32.0,95.0,2.0,1.0
288.0,20.0,2.0,5.0,42.0,95.0,1.0,14.0
289.0,1.0,2.0,5.0,42.0,95.0,1.0,11.0
289.0,2.0,2.0,5.0,42.0,95.0,1.0,12.0
289.0,3.0,2.0,5.0,42.0,95.0,1.0,11.0
289.0,4.0,2.0,5.0,81.0,95.0,1.0,10.0
289.0,5.0,2.0,5.0,42.0,95.0,2.0,19.0
289.0,6.0,2.0,5.0,42.0,95.0,1.0,12.0
289.0,7.0,2.0,5.0,42.0,95.0,1.0,12.0
289.0,8.0,2.0,5.0,42.0,95.0,1.0,4.0
289.0,9.0,2.0,5.0,81.0,95.0,1.0,9.0
289.0,10.0,2.0,5.0,81.0,95.0,1.0,7.0
289.0,11.0,2.0,5.0,81.0,95.0,2.0,8.0
289.0,12.0,2.0,5.0,32.0,95.0,3.0,8.0
289.0,13.0,2.0,5.0,42.0,95.0,1.0,10.0
289.0,14.0,2.0,5.0,81.0,95.0,1.0,7.0
289.0,15.0,2.0,5.0,81.0,95.0,1.0,3.0
289.0,16.0,2.0,5.0,42.0,95.0,1.0,7.0
289.0,17.0,2.0,5.0,81.0,95.0,1.0,7.0
289.0,18.0,2.0,5.0,21.0,95.0,3.0,4.0
289.0,19.0,2.0,5.0,81.0,95.0,1.0,5.0
289.0,20.0,2.0,5.0,81.0,95.0,1.0,10.0
290.0,1.0,2.0,5.0,81.0,95.0,1.0,4.0
290.0,2.0,2.0,5.0,81.0,95.0,2.0,9.0
290.0,3.0,2.0,5.0,42.0,95.0,1.0,7.0
290.0,4.0,2.0,5.0,81.0,95.0,2.0,19.0
290.0,5.0,2.0,5.0,81.0,95.0,1.0,5.0
290.0,6.0,2.0,5.0,42.0,95.0,3.0,6.0
290.0,7.0,2.0,5.0,21.0,95.0,2.0,7.0
290.0,8.0,2.0,5.0,81.0,95.0,1.0,4.0
290.0,9.0,2.0,5.0,21.0,95.0,2.0,7.0
290.0,10.0,2.0,5.0,81.0,95.0,3.0,6.0
290.0,11.0,2.0,5.0,42.0,95.0,1.0,1.0
290.0,12.0,2.0,5.0,81.0,95.0,1.0,9.0
290.0,13.0,2.0,5.0,81.0,95.0,1.0,7.0
290.0,14.0,2.0,5.0,42.0,95.0,1.0,6.0
290.0,15.0,2.0,5.0,14.0,13.0,3.0,4.0
290.0,16.0,2.0,5.0,21.0,95.0,3.0,6.0
290.0,17.0,2.0,5.0,,,,
290.0,18.0,2.0,5.0,21.0,95.0,2.0,3.0
290.0,19.0,2.0,5.0,81.0,95.0,1.0,3.0
290.0,20.0,2.0,5.0,42.0,95.0,2.0,17.0
291.0,1.0,2.0,5.0,21.0,95.0,2.0,3.0
291.0,2.0,2.0,5.0,14.0,23.0,2.0,6.0
291.0,3.0,2.0,5.0,14.0,95.0,4.0,9.0
291.0,4.0,2.0,5.0,21.0,95.0,1.0,6.0
291.0,5.0,2.0,5.0,32.0,95.0,1.0,2.0
291.0,6.0,2.0,5.0,21.0,95.0,1.0,2.0
291.0,7.0,2.0,5.0,21.0,95.0,1.0,1.0
291.0,8.0,2.0,5.0,14.0,95.0,2.0,2.0
291.0,9.0,2.0,5.0,32.0,95.0,2.0,6.0
291.0,10.0,2.0,5.0,21.0,95.0,1.0,6.0
291.0,11.0,2.0,5.0,21.0,95.0,1.0,4.0
291.0,12.0,2.0,5.0,21.0,21.0,3.0,5.0
291.0,13.0,2.0,5.0,21.0,95.0,1.0,13.0
291.0,14.0,2.0,5.0,21.0,95.0,2.0,3.0
291.0,15.0,2.0,5.0,14.0,95.0,1.0,7.0
291.0,16.0,2.0,5.0,32.0,95.0,2.0,6.0
291.0,17.0,2.0,5.0,21.0,22.0,2.0,13.0
291.0,18.0,2.0,5.0,21.0,95.0,1.0,4.0
291.0,19.0,2.0,5.0,14.0,95.0,2.0,5.0
291.0,20.0,2.0,5.0,32.0,95.0,1.0,6.0
292.0,1.0,2.0,5.0,81.0,95.0,1.0,6.0
292.0,2.0,2.0,5.0,42.0,95.0,1.0,7.0
292.0,3.0,2.0,5.0,81.0,95.0,1.0,5.0
292.0,4.0,2.0,5.0,21.0,95.0,2.0,15.0
292.0,5.0,2.0,5.0,81.0,95.0,1.0,5.0
292.0,6.0,2.0,5.0,21.0,95.0,2.0,12.0
292.0,7.0,2.0,5.0,32.0,95.0,1.0,3.0
292.0,8.0,2.0,5.0,32.0,95.0,2.0,7.0
292.0,9.0,2.0,5.0,21.0,95.0,2.0,16.0
292.0,10.0,2.0,5.0,21.0,95.0,1.0,8.0
292.0,11.0,2.0,5.0,32.0,95.0,1.0,6.0
292.0,12.0,2.0,5.0,81.0,95.0,2.0,5.0
292.0,13.0,2.0,5.0,21.0,95.0,1.0,5.0
292.0,14.0,2.0,5.0,21.0,23.0,2.0,5.0
292.0,15.0,2.0,5.0,21.0,23.0,2.0,4.0
292.0,16.0,2.0,5.0,21.0,23.0,2.0,6.0
292.0,17.0,2.0,5.0,21.0,95.0,1.0,8.0
292.0,18.0,2.0,5.0,32.0,95.0,2.0,11.0
292.0,19.0,2.0,5.0,21.0,95.0,2.0,6.0
292.0,20.0,2.0,5.0,21.0,95.0,1.0,6.0
293.0,1.0,2.0,5.0,32.0,22.0,3.0,5.0
293.0,2.0,2.0,5.0,32.0,95.0,2.0,8.0
293.0,3.0,2.0,5.0,41.0,95.0,1.0,7.0
293.0,4.0,2.0,5.0,32.0,95.0,1.0,5.0
293.0,5.0,2.0,5.0,31.0,95.0,1.0,4.0
293.0,6.0,2.0,5.0,32.0,95.0,2.0,6.0
293.0,7.0,2.0,5.0,21.0,21.0,3.0,1.0
293.0,8.0,2.0,5.0,31.0,22.0,3.0,4.0
293.0,9.0,2.0,5.0,21.0,22.0,4.0,1.0
293.0,10.0,2.0,5.0,32.0,95.0,1.0,5.0
293.0,11.0,2.0,5.0,32.0,23.0,2.0,5.0
293.0,12.0,2.0,5.0,32.0,22.0,3.0,9.0
293.0,13.0,2.0,5.0,21.0,95.0,1.0,2.0
293.0,14.0,2.0,5.0,32.0,95.0,1.0,8.0
293.0,15.0,2.0,5.0,31.0,95.0,2.0,3.0
293.0,16.0,2.0,5.0,32.0,95.0,1.0,7.0
293.0,17.0,2.0,5.0,21.0,95.0,2.0,7.0
293.0,18.0,2.0,5.0,32.0,95.0,2.0,6.0
293.0,19.0,2.0,5.0,21.0,95.0,1.0,5.0
293.0,20.0,2.0,5.0,21.0,95.0,1.0,5.0
294.0,1.0,2.0,5.0,21.0,95.0,2.0,5.0
294.0,2.0,2.0,5.0,21.0,95.0,1.0,5.0
294.0,3.0,2.0,5.0,81.0,95.0,2.0,8.0
294.0,4.0,2.0,5.0,21.0,95.0,2.0,3.0
294.0,5.0,2.0,5.0,32.0,95.0,1.0,6.0
294.0,6.0,2.0,5.0,12.0,23.0,3.0,5.0
294.0,7.0,2.0,5.0,21.0,95.0,1.0,5.0
294.0,8.0,2.0,5.0,42.0,95.0,2.0,9.0
294.0,9.0,2.0,5.0,21.0,95.0,1.0,8.0
294.0,10.0,2.0,5.0,21.0,95.0,1.0,12.0
294.0,11.0,2.0,5.0,32.0,95.0,1.0,4.0
294.0,12.0,2.0,5.0,21.0,95.0,1.0,3.0
294.0,13.0,2.0,5.0,81.0,95.0,1.0,7.0
294.0,14.0,2.0,5.0,21.0,95.0,1.0,13.0
294.0,15.0,2.0,5.0,21.0,95.0,1.0,4.0
294.0,16.0,2.0,5.0,32.0,95.0,2.0,3.0
294.0,17.0,2.0,5.0,21.0,95.0,3.0,19.0
294.0,18.0,2.0,5.0,21.0,95.0,1.0,5.0
294.0,19.0,2.0,5.0,32.0,95.0,2.0,4.0
294.0,20.0,2.0,5.0,21.0,95.0,2.0,6.0
295.0,1.0,2.0,5.0,32.0,95.0,1.0,11.0
295.0,2.0,2.0,5.0,21.0,95.0,3.0,12.0
295.0,3.0,2.0,5.0,32.0,95.0,2.0,5.0
295.0,4.0,2.0,5.0,32.0,95.0,1.0,8.0
295.0,5.0,2.0,5.0,32.0,95.0,3.0,5.0
295.0,6.0,2.0,5.0,32.0,95.0,2.0,8.0
295.0,7.0,2.0,5.0,42.0,95.0,1.0,3.0
295.0,8.0,2.0,5.0,32.0,95.0,3.0,6.0
295.0,9.0,2.0,5.0,81.0,22.0,2.0,8.0
295.0,10.0,2.0,5.0,32.0,95.0,1.0,8.0
295.0,11.0,2.0,5.0,32.0,95.0,3.0,3.0
295.0,12.0,2.0,5.0,21.0,22.0,3.0,4.0
295.0,13.0,2.0,5.0,32.0,95.0,2.0,2.0
295.0,14.0,2.0,5.0,32.0,51.0,1.0,10.0
295.0,15.0,2.0,5.0,32.0,95.0,3.0,2.0
295.0,16.0,2.0,5.0,32.0,95.0,1.0,3.0
295.0,17.0,2.0,5.0,21.0,95.0,1.0,3.0
295.0,18.0,2.0,5.0,42.0,95.0,1.0,11.0
295.0,19.0,2.0,5.0,21.0,95.0,2.0,9.0
295.0,20.0,2.0,5.0,81.0,95.0,4.0,14.0
296.0,1.0,2.0,5.0,21.0,95.0,1.0,7.0
296.0,2.0,2.0,5.0,32.0,95.0,2.0,4.0
296.0,3.0,2.0,5.0,81.0,95.0,1.0,9.0
296.0,4.0,2.0,5.0,81.0,95.0,1.0,3.0
296.0,5.0,2.0,5.0,21.0,23.0,2.0,5.0
296.0,6.0,2.0,5.0,21.0,95.0,1.0,4.0
296.0,7.0,2.0,5.0,32.0,95.0,1.0,9.0
296.0,8.0,2.0,5.0,32.0,95.0,2.0,9.0
296.0,9.0,2.0,5.0,32.0,95.0,1.0,11.0
296.0,10.0,2.0,5.0,32.0,95.0,2.0,2.0
296.0,11.0,2.0,5.0,21.0,95.0,1.0,3.0
296.0,12.0,2.0,5.0,42.0,95.0,1.0,6.0
296.0,13.0,2.0,5.0,21.0,95.0,2.0,7.0
296.0,14.0,2.0,5.0,32.0,95.0,2.0,3.0
296.0,15.0,2.0,5.0,21.0,95.0,2.0,8.0
296.0,16.0,2.0,5.0,31.0,95.0,1.0,6.0
296.0,17.0,2.0,5.0,32.0,95.0,1.0,6.0
296.0,18.0,2.0,5.0,32.0,95.0,2.0,13.0
296.0,19.0,2.0,5.0,32.0,95.0,2.0,4.0
296.0,20.0,2.0,5.0,21.0,95.0,1.0,6.0
297.0,1.0,2.0,5.0,51.0,95.0,1.0,7.0
297.0,2.0,2.0,5.0,51.0,95.0,1.0,3.0
297.0,3.0,2.0,5.0,21.0,23.0,1.0,5.0
297.0,4.0,2.0,5.0,81.0,95.0,1.0,6.0
297.0,5.0,2.0,5.0,81.0,95.0,1.0,8.0
297.0,6.0,2.0,5.0,81.0,95.0,1.0,4.0
297.0,7.0,2.0,5.0,42.0,95.0,3.0,14.0
297.0,8.0,2.0,5.0,81.0,23.0,3.0,5.0
297.0,9.0,2.0,5.0,32.0,95.0,2.0,5.0
297.0,10.0,2.0,5.0,21.0,95.0,2.0,5.0
297.0,11.0,2.0,5.0,81.0,95.0,1.0,9.0
297.0,12.0,2.0,5.0,81.0,95.0,1.0,4.0
297.0,13.0,2.0,5.0,14.0,95.0,2.0,3.0
297.0,14.0,2.0,5.0,81.0,95.0,2.0,8.0
297.0,15.0,2.0,5.0,32.0,95.0,2.0,4.0
297.0,16.0,2.0,5.0,32.0,23.0,2.0,5.0
297.0,17.0,2.0,5.0,81.0,31.0,2.0,8.0
297.0,18.0,2.0,5.0,21.0,21.0,2.0,7.0
297.0,19.0,2.0,5.0,31.0,95.0,2.0,5.0
297.0,20.0,2.0,5.0,21.0,22.0,2.0,6.0
298.0,1.0,2.0,5.0,21.0,95.0,2.0,4.0
298.0,2.0,2.0,5.0,32.0,95.0,1.0,5.0
298.0,3.0,2.0,5.0,14.0,95.0,2.0,3.0
298.0,4.0,2.0,5.0,21.0,22.0,3.0,8.0
298.0,5.0,2.0,5.0,21.0,23.0,2.0,9.0
298.0,6.0,2.0,5.0,21.0,95.0,1.0,10.0
298.0,7.0,2.0,5.0,21.0,95.0,1.0,6.0
298.0,8.0,2.0,5.0,32.0,95.0,1.0,7.0
298.0,9.0,2.0,5.0,21.0,95.0,1.0,7.0
298.0,10.0,2.0,5.0,21.0,95.0,2.0,5.0
298.0,11.0,2.0,5.0,32.0,23.0,3.0,6.0
298.0,12.0,2.0,5.0,21.0,22.0,2.0,6.0
298.0,13.0,2.0,5.0,21.0,23.0,3.0,5.0
298.0,14.0,2.0,5.0,32.0,95.0,1.0,6.0
298.0,15.0,2.0,5.0,32.0,95.0,1.0,2.0
298.0,16.0,2.0,5.0,32.0,95.0,1.0,5.0
298.0,17.0,2.0,5.0,21.0,95.0,1.0,8.0
298.0,18.0,2.0,5.0,21.0,95.0,1.0,4.0
298.0,19.0,2.0,5.0,21.0,23.0,2.0,5.0
298.0,20.0,2.0,5.0,96.0,95.0,2.0,8.0
299.0,1.0,2.0,5.0,21.0,95.0,2.0,10.0
299.0,2.0,2.0,5.0,32.0,95.0,1.0,7.0
299.0,3.0,2.0,5.0,51.0,95.0,1.0,5.0
299.0,4.0,2.0,5.0,21.0,95.0,1.0,7.0
299.0,5.0,2.0,5.0,21.0,95.0,1.0,4.0
299.0,6.0,2.0,5.0,21.0,23.0,2.0,6.0
299.0,7.0,2.0,5.0,32.0,95.0,2.0,7.0
299.0,8.0,2.0,5.0,32.0,23.0,2.0,6.0
299.0,9.0,2.0,5.0,32.0,95.0,2.0,7.0
299.0,10.0,2.0,5.0,14.0,22.0,2.0,4.0
299.0,11.0,2.0,5.0,14.0,95.0,1.0,8.0
299.0,12.0,2.0,5.0,32.0,22.0,2.0,3.0
299.0,13.0,2.0,5.0,21.0,95.0,2.0,7.0
299.0,14.0,2.0,5.0,21.0,95.0,1.0,6.0
299.0,15.0,2.0,5.0,21.0,95.0,2.0,6.0
299.0,16.0,2.0,5.0,14.0,95.0,2.0,11.0
299.0,17.0,2.0,5.0,21.0,23.0,2.0,7.0
299.0,18.0,2.0,5.0,21.0,23.0,1.0,6.0
299.0,19.0,2.0,5.0,21.0,95.0,2.0,8.0
299.0,20.0,2.0,5.0,21.0,95.0,1.0,8.0
300.0,1.0,2.0,5.0,32.0,23.0,2.0,2.0
300.0,2.0,2.0,5.0,12.0,22.0,5.0,11.0
300.0,3.0,2.0,5.0,32.0,95.0,3.0,4.0
300.0,4.0,2.0,5.0,14.0,22.0,4.0,2.0
300.0,5.0,2.0,5.0,32.0,95.0,1.0,4.0
300.0,6.0,2.0,5.0,32.0,95.0,2.0,5.0
300.0,7.0,2.0,5.0,14.0,95.0,2.0,3.0
300.0,8.0,2.0,5.0,21.0,95.0,2.0,5.0
300.0,9.0,2.0,5.0,14.0,22.0,3.0,3.0
300.0,10.0,2.0,5.0,21.0,22.0,4.0,4.0
300.0,11.0,2.0,5.0,32.0,95.0,1.0,7.0
300.0,12.0,2.0,5.0,32.0,95.0,1.0,4.0
300.0,13.0,2.0,5.0,31.0,21.0,3.0,11.0
300.0,14.0,2.0,5.0,32.0,23.0,3.0,5.0
300.0,15.0,2.0,5.0,32.0,23.0,3.0,2.0
300.0,16.0,2.0,5.0,,,,
300.0,17.0,2.0,5.0,21.0,21.0,5.0,3.0
300.0,18.0,2.0,5.0,32.0,95.0,2.0,2.0
300.0,19.0,2.0,5.0,42.0,95.0,2.0,1.0
300.0,20.0,2.0,5.0,21.0,21.0,3.0,3.0
301.0,1.0,1.0,6.0,13.0,22.0,5.0,5.0
301.0,2.0,1.0,6.0,14.0,12.0,4.0,6.0
301.0,3.0,1.0,6.0,13.0,12.0,5.0,7.0
301.0,4.0,1.0,6.0,14.0,12.0,4.0,4.0
301.0,5.0,1.0,6.0,14.0,12.0,5.0,7.0
301.0,6.0,1.0,6.0,14.0,12.0,4.0,5.0
301.0,7.0,1.0,6.0,92.0,22.0,4.0,5.0
301.0,8.0,1.0,6.0,92.0,12.0,4.0,4.0
301.0,9.0,1.0,6.0,13.0,12.0,4.0,3.0
301.0,10.0,1.0,6.0,14.0,12.0,3.0,3.0
301.0,11.0,1.0,6.0,92.0,12.0,4.0,1.0
301.0,12.0,1.0,6.0,31.0,21.0,2.0,1.0
301.0,13.0,1.0,6.0,14.0,12.0,3.0,2.0
301.0,14.0,1.0,6.0,92.0,12.0,4.0,2.0
301.0,15.0,1.0,6.0,92.0,12.0,3.0,1.0
301.0,16.0,1.0,6.0,92.0,12.0,5.0,3.0
301.0,17.0,1.0,6.0,13.0,12.0,5.0,4.0
301.0,18.0,1.0,6.0,13.0,12.0,5.0,2.0
301.0,19.0,1.0,6.0,14.0,12.0,5.0,9.0
301.0,20.0,1.0,6.0,13.0,12.0,2.0,1.0
302.0,1.0,1.0,6.0,13.0,21.0,5.0,5.0
302.0,2.0,1.0,6.0,92.0,12.0,5.0,3.0
302.0,3.0,1.0,6.0,14.0,12.0,4.0,3.0
302.0,4.0,1.0,6.0,13.0,12.0,3.0,2.0
302.0,5.0,1.0,6.0,92.0,12.0,5.0,1.0
302.0,6.0,1.0,6.0,12.0,12.0,5.0,4.0
302.0,7.0,1.0,6.0,92.0,23.0,4.0,3.0
302.0,8.0,1.0,6.0,92.0,12.0,4.0,1.0
302.0,9.0,1.0,6.0,92.0,12.0,5.0,5.0
302.0,10.0,1.0,6.0,14.0,12.0,4.0,2.0
302.0,11.0,1.0,6.0,92.0,12.0,5.0,5.0
302.0,12.0,1.0,6.0,13.0,12.0,5.0,3.0
302.0,13.0,1.0,6.0,92.0,12.0,5.0,2.0
302.0,14.0,1.0,6.0,14.0,18.0,4.0,8.0
302.0,15.0,1.0,6.0,92.0,12.0,5.0,6.0
302.0,16.0,1.0,6.0,92.0,12.0,4.0,1.0
302.0,17.0,1.0,6.0,92.0,12.0,5.0,1.0
302.0,18.0,1.0,6.0,12.0,22.0,5.0,6.0
302.0,19.0,1.0,6.0,11.0,12.0,5.0,5.0
302.0,20.0,1.0,6.0,14.0,12.0,5.0,3.0
303.0,1.0,1.0,6.0,92.0,18.0,5.0,7.0
303.0,2.0,1.0,6.0,91.0,12.0,5.0,6.0
303.0,3.0,1.0,6.0,92.0,12.0,5.0,15.0
303.0,4.0,1.0,6.0,92.0,22.0,5.0,1.0
303.0,5.0,1.0,6.0,92.0,12.0,4.0,2.0
303.0,6.0,1.0,6.0,91.0,12.0,5.0,1.0
303.0,7.0,1.0,6.0,21.0,12.0,5.0,2.0
303.0,8.0,1.0,6.0,91.0,12.0,5.0,1.0
303.0,9.0,1.0,6.0,92.0,22.0,5.0,4.0
303.0,10.0,1.0,6.0,21.0,12.0,4.0,2.0
303.0,11.0,1.0,6.0,21.0,22.0,4.0,2.0
303.0,12.0,1.0,6.0,12.0,12.0,5.0,10.0
303.0,13.0,1.0,6.0,14.0,22.0,4.0,4.0
303.0,14.0,1.0,6.0,92.0,12.0,5.0,1.0
303.0,15.0,1.0,6.0,12.0,22.0,5.0,1.0
303.0,16.0,1.0,6.0,92.0,12.0,5.0,2.0
303.0,17.0,1.0,6.0,92.0,12.0,5.0,4.0
303.0,18.0,1.0,6.0,11.0,12.0,5.0,4.0
303.0,19.0,1.0,6.0,21.0,22.0,4.0,5.0
303.0,20.0,1.0,6.0,12.0,12.0,5.0,3.0
304.0,1.0,1.0,6.0,12.0,12.0,5.0,5.0
304.0,2.0,1.0,6.0,92.0,12.0,5.0,5.0
304.0,3.0,1.0,6.0,13.0,12.0,4.0,3.0
304.0,4.0,1.0,6.0,,,,
304.0,5.0,1.0,6.0,11.0,12.0,5.0,3.0
304.0,6.0,1.0,6.0,91.0,12.0,5.0,1.0
304.0,7.0,1.0,6.0,92.0,22.0,4.0,1.0
304.0,8.0,1.0,6.0,21.0,22.0,5.0,9.0
304.0,9.0,1.0,6.0,14.0,12.0,4.0,4.0
304.0,10.0,1.0,6.0,14.0,11.0,5.0,1.0
304.0,11.0,1.0,6.0,12.0,12.0,4.0,1.0
304.0,12.0,1.0,6.0,14.0,12.0,4.0,3.0
304.0,13.0,1.0,6.0,13.0,22.0,3.0,5.0
304.0,14.0,1.0,6.0,14.0,12.0,5.0,4.0
304.0,15.0,1.0,6.0,21.0,22.0,4.0,6.0
304.0,16.0,1.0,6.0,11.0,12.0,5.0,1.0
304.0,17.0,1.0,6.0,,,,
304.0,18.0,1.0,6.0,21.0,22.0,4.0,7.0
304.0,19.0,1.0,6.0,92.0,12.0,5.0,3.0
304.0,20.0,1.0,6.0,12.0,12.0,5.0,2.0
305.0,1.0,1.0,6.0,11.0,12.0,5.0,5.0
305.0,2.0,1.0,6.0,14.0,22.0,3.0,2.0
305.0,3.0,1.0,6.0,14.0,18.0,3.0,3.0
305.0,4.0,1.0,6.0,14.0,12.0,5.0,1.0
305.0,5.0,1.0,6.0,31.0,22.0,4.0,6.0
305.0,6.0,1.0,6.0,12.0,12.0,5.0,1.0
305.0,7.0,1.0,6.0,13.0,18.0,3.0,3.0
305.0,8.0,1.0,6.0,92.0,22.0,5.0,3.0
305.0,9.0,1.0,6.0,13.0,12.0,4.0,13.0
305.0,10.0,1.0,6.0,92.0,12.0,5.0,3.0
305.0,11.0,1.0,6.0,12.0,12.0,5.0,3.0
305.0,12.0,1.0,6.0,12.0,12.0,5.0,2.0
305.0,13.0,1.0,6.0,,,,
305.0,14.0,1.0,6.0,14.0,12.0,5.0,5.0
305.0,15.0,1.0,6.0,92.0,22.0,5.0,1.0
305.0,16.0,1.0,6.0,14.0,22.0,4.0,3.0
305.0,17.0,1.0,6.0,14.0,12.0,4.0,5.0
305.0,18.0,1.0,6.0,92.0,13.0,5.0,6.0
305.0,19.0,1.0,6.0,14.0,22.0,4.0,2.0
305.0,20.0,1.0,6.0,12.0,12.0,5.0,8.0
306.0,1.0,1.0,6.0,92.0,22.0,4.0,3.0
306.0,2.0,1.0,6.0,21.0,12.0,4.0,1.0
306.0,3.0,1.0,6.0,21.0,12.0,4.0,3.0
306.0,4.0,1.0,6.0,21.0,22.0,4.0,8.0
306.0,5.0,1.0,6.0,,,,
306.0,6.0,1.0,6.0,11.0,12.0,4.0,2.0
306.0,7.0,1.0,6.0,14.0,22.0,5.0,3.0
306.0,8.0,1.0,6.0,13.0,12.0,5.0,5.0
306.0,9.0,1.0,6.0,,,,
306.0,10.0,1.0,6.0,11.0,12.0,5.0,3.0
306.0,11.0,1.0,6.0,21.0,12.0,4.0,3.0
306.0,12.0,1.0,6.0,14.0,22.0,5.0,3.0
306.0,13.0,1.0,6.0,21.0,12.0,4.0,1.0
306.0,14.0,1.0,6.0,,,,
306.0,15.0,1.0,6.0,91.0,12.0,5.0,1.0
306.0,16.0,1.0,6.0,13.0,12.0,3.0,1.0
306.0,17.0,1.0,6.0,13.0,22.0,5.0,7.0
306.0,18.0,1.0,6.0,21.0,12.0,4.0,4.0
306.0,19.0,1.0,6.0,32.0,12.0,4.0,1.0
306.0,20.0,1.0,6.0,92.0,22.0,5.0,1.0
307.0,1.0,1.0,6.0,14.0,21.0,5.0,4.0
307.0,2.0,1.0,6.0,14.0,12.0,5.0,8.0
307.0,3.0,1.0,6.0,14.0,12.0,5.0,8.0
307.0,4.0,1.0,6.0,14.0,23.0,4.0,6.0
307.0,5.0,1.0,6.0,14.0,12.0,5.0,8.0
307.0,6.0,1.0,6.0,14.0,95.0,3.0,3.0
307.0,7.0,1.0,6.0,14.0,12.0,4.0,4.0
307.0,8.0,1.0,6.0,14.0,22.0,4.0,4.0
307.0,9.0,1.0,6.0,14.0,12.0,4.0,6.0
307.0,10.0,1.0,6.0,21.0,12.0,3.0,2.0
307.0,11.0,1.0,6.0,13.0,13.0,4.0,4.0
307.0,12.0,1.0,6.0,14.0,12.0,5.0,10.0
307.0,13.0,1.0,6.0,21.0,12.0,3.0,10.0
307.0,14.0,1.0,6.0,92.0,12.0,5.0,1.0
307.0,15.0,1.0,6.0,21.0,12.0,5.0,1.0
307.0,16.0,1.0,6.0,14.0,22.0,4.0,1.0
307.0,17.0,1.0,6.0,14.0,12.0,5.0,1.0
307.0,18.0,1.0,6.0,31.0,12.0,3.0,3.0
307.0,19.0,1.0,6.0,92.0,12.0,4.0,4.0
307.0,20.0,1.0,6.0,31.0,21.0,4.0,8.0
308.0,1.0,1.0,6.0,14.0,22.0,4.0,2.0
308.0,2.0,1.0,6.0,21.0,12.0,4.0,5.0
308.0,3.0,1.0,6.0,,,,
308.0,4.0,1.0,6.0,14.0,21.0,4.0,1.0
308.0,5.0,1.0,6.0,14.0,13.0,5.0,5.0
308.0,6.0,1.0,6.0,12.0,12.0,5.0,5.0
308.0,7.0,1.0,6.0,12.0,12.0,5.0,3.0
308.0,8.0,1.0,6.0,14.0,12.0,4.0,3.0
308.0,9.0,1.0,6.0,11.0,12.0,5.0,5.0
308.0,10.0,1.0,6.0,14.0,22.0,5.0,5.0
308.0,11.0,1.0,6.0,21.0,12.0,5.0,18.0
308.0,12.0,1.0,6.0,14.0,12.0,5.0,3.0
308.0,13.0,1.0,6.0,12.0,12.0,4.0,3.0
308.0,14.0,1.0,6.0,14.0,12.0,5.0,5.0
308.0,15.0,1.0,6.0,21.0,12.0,5.0,7.0
308.0,16.0,1.0,6.0,92.0,12.0,5.0,2.0
308.0,17.0,1.0,6.0,21.0,22.0,4.0,3.0
308.0,18.0,1.0,6.0,14.0,22.0,4.0,8.0
308.0,19.0,1.0,6.0,12.0,12.0,4.0,3.0
308.0,20.0,1.0,6.0,13.0,12.0,4.0,3.0
309.0,1.0,1.0,6.0,92.0,21.0,5.0,1.0
309.0,2.0,1.0,6.0,21.0,22.0,4.0,4.0
309.0,3.0,1.0,6.0,12.0,12.0,5.0,5.0
309.0,4.0,1.0,6.0,11.0,12.0,5.0,6.0
309.0,5.0,1.0,6.0,21.0,23.0,4.0,4.0
309.0,6.0,1.0,6.0,14.0,12.0,5.0,8.0
309.0,7.0,1.0,6.0,21.0,22.0,4.0,4.0
309.0,8.0,1.0,6.0,92.0,22.0,5.0,3.0
309.0,9.0,1.0,6.0,92.0,12.0,5.0,3.0
309.0,10.0,1.0,6.0,92.0,12.0,5.0,4.0
309.0,11.0,1.0,6.0,12.0,12.0,5.0,2.0
309.0,12.0,1.0,6.0,12.0,12.0,5.0,9.0
309.0,13.0,1.0,6.0,12.0,22.0,5.0,2.0
309.0,14.0,1.0,6.0,14.0,21.0,4.0,5.0
309.0,15.0,1.0,6.0,21.0,12.0,4.0,3.0
309.0,16.0,1.0,6.0,12.0,12.0,5.0,7.0
309.0,17.0,1.0,6.0,14.0,22.0,5.0,3.0
309.0,18.0,1.0,6.0,92.0,95.0,3.0,1.0
309.0,19.0,1.0,6.0,21.0,13.0,4.0,6.0
309.0,20.0,1.0,6.0,12.0,12.0,5.0,2.0
310.0,1.0,1.0,6.0,11.0,12.0,5.0,5.0
310.0,2.0,1.0,6.0,14.0,12.0,4.0,2.0
310.0,3.0,1.0,6.0,14.0,13.0,4.0,4.0
310.0,4.0,1.0,6.0,12.0,22.0,5.0,4.0
310.0,5.0,1.0,6.0,21.0,13.0,4.0,3.0
310.0,6.0,1.0,6.0,12.0,12.0,5.0,1.0
310.0,7.0,1.0,6.0,12.0,12.0,5.0,3.0
310.0,8.0,1.0,6.0,12.0,12.0,5.0,6.0
310.0,9.0,1.0,6.0,14.0,23.0,3.0,5.0
310.0,10.0,1.0,6.0,21.0,22.0,3.0,1.0
310.0,11.0,1.0,6.0,12.0,12.0,5.0,6.0
310.0,12.0,1.0,6.0,14.0,22.0,4.0,6.0
310.0,13.0,1.0,6.0,11.0,12.0,5.0,3.0
310.0,14.0,1.0,6.0,14.0,12.0,5.0,6.0
310.0,15.0,1.0,6.0,12.0,12.0,5.0,5.0
310.0,16.0,1.0,6.0,92.0,12.0,5.0,2.0
310.0,17.0,1.0,6.0,12.0,12.0,5.0,3.0
310.0,18.0,1.0,6.0,11.0,12.0,5.0,6.0
310.0,19.0,1.0,6.0,21.0,12.0,4.0,3.0
310.0,20.0,1.0,6.0,14.0,13.0,3.0,1.0
311.0,1.0,1.0,6.0,92.0,22.0,5.0,1.0
311.0,2.0,1.0,6.0,31.0,12.0,4.0,1.0
311.0,3.0,1.0,6.0,92.0,21.0,4.0,1.0
311.0,4.0,1.0,6.0,92.0,12.0,5.0,4.0
311.0,5.0,1.0,6.0,14.0,12.0,4.0,5.0
311.0,6.0,1.0,6.0,32.0,12.0,4.0,5.0
311.0,7.0,1.0,6.0,21.0,12.0,4.0,16.0
311.0,8.0,1.0,6.0,14.0,21.0,4.0,7.0
311.0,9.0,1.0,6.0,14.0,23.0,5.0,1.0
311.0,10.0,1.0,6.0,21.0,12.0,4.0,5.0
311.0,11.0,1.0,6.0,13.0,13.0,3.0,1.0
311.0,12.0,1.0,6.0,14.0,12.0,4.0,1.0
311.0,13.0,1.0,6.0,92.0,13.0,5.0,1.0
311.0,14.0,1.0,6.0,14.0,12.0,5.0,10.0
311.0,15.0,1.0,6.0,21.0,23.0,4.0,4.0
311.0,16.0,1.0,6.0,14.0,22.0,5.0,3.0
311.0,17.0,1.0,6.0,92.0,22.0,4.0,1.0
311.0,18.0,1.0,6.0,21.0,12.0,4.0,6.0
311.0,19.0,1.0,6.0,92.0,12.0,5.0,3.0
311.0,20.0,1.0,6.0,21.0,12.0,4.0,2.0
312.0,1.0,1.0,6.0,14.0,22.0,5.0,3.0
312.0,2.0,1.0,6.0,21.0,12.0,5.0,4.0
312.0,3.0,1.0,6.0,32.0,22.0,5.0,5.0
312.0,4.0,1.0,6.0,14.0,12.0,4.0,8.0
312.0,5.0,1.0,6.0,12.0,12.0,5.0,1.0
312.0,6.0,1.0,6.0,14.0,23.0,4.0,2.0
312.0,7.0,1.0,6.0,14.0,12.0,4.0,1.0
312.0,8.0,1.0,6.0,92.0,21.0,4.0,3.0
312.0,9.0,1.0,6.0,21.0,22.0,4.0,1.0
312.0,10.0,1.0,6.0,21.0,22.0,3.0,8.0
312.0,11.0,1.0,6.0,14.0,22.0,4.0,4.0
312.0,12.0,1.0,6.0,21.0,12.0,5.0,6.0
312.0,13.0,1.0,6.0,12.0,12.0,5.0,6.0
312.0,14.0,1.0,6.0,,,,
312.0,15.0,1.0,6.0,91.0,12.0,5.0,5.0
312.0,16.0,1.0,6.0,14.0,12.0,4.0,5.0
312.0,17.0,1.0,6.0,21.0,22.0,4.0,2.0
312.0,18.0,1.0,6.0,14.0,22.0,3.0,1.0
312.0,19.0,1.0,6.0,21.0,12.0,4.0,3.0
312.0,20.0,1.0,6.0,,,,
313.0,1.0,1.0,6.0,14.0,12.0,5.0,3.0
313.0,2.0,1.0,6.0,14.0,12.0,4.0,4.0
313.0,3.0,1.0,6.0,21.0,23.0,5.0,7.0
313.0,4.0,1.0,6.0,21.0,23.0,5.0,7.0
313.0,5.0,1.0,6.0,14.0,12.0,5.0,1.0
313.0,6.0,1.0,6.0,14.0,12.0,4.0,4.0
313.0,7.0,1.0,6.0,21.0,12.0,5.0,3.0
313.0,8.0,1.0,6.0,14.0,12.0,4.0,3.0
313.0,9.0,1.0,6.0,21.0,23.0,5.0,7.0
313.0,10.0,1.0,6.0,14.0,22.0,5.0,6.0
313.0,11.0,1.0,6.0,21.0,22.0,4.0,3.0
313.0,12.0,1.0,6.0,14.0,12.0,5.0,1.0
313.0,13.0,1.0,6.0,14.0,12.0,5.0,5.0
313.0,14.0,1.0,6.0,14.0,12.0,3.0,6.0
313.0,15.0,1.0,6.0,14.0,12.0,3.0,5.0
313.0,16.0,1.0,6.0,21.0,95.0,3.0,4.0
313.0,17.0,1.0,6.0,21.0,22.0,3.0,1.0
313.0,18.0,1.0,6.0,21.0,23.0,5.0,5.0
313.0,19.0,1.0,6.0,21.0,12.0,4.0,1.0
313.0,20.0,1.0,6.0,14.0,12.0,4.0,6.0
314.0,1.0,1.0,6.0,14.0,21.0,5.0,5.0
314.0,2.0,1.0,6.0,14.0,21.0,4.0,3.0
314.0,3.0,1.0,6.0,21.0,22.0,4.0,1.0
314.0,4.0,1.0,6.0,14.0,21.0,3.0,2.0
314.0,5.0,1.0,6.0,11.0,12.0,5.0,8.0
314.0,6.0,1.0,6.0,14.0,12.0,4.0,5.0
314.0,7.0,1.0,6.0,21.0,22.0,5.0,5.0
314.0,8.0,1.0,6.0,14.0,12.0,5.0,3.0
314.0,9.0,1.0,6.0,14.0,12.0,3.0,2.0
314.0,10.0,1.0,6.0,14.0,12.0,3.0,3.0
314.0,11.0,1.0,6.0,92.0,12.0,5.0,9.0
314.0,12.0,1.0,6.0,21.0,22.0,4.0,4.0
314.0,13.0,1.0,6.0,92.0,12.0,4.0,2.0
314.0,14.0,1.0,6.0,21.0,12.0,3.0,4.0
314.0,15.0,1.0,6.0,21.0,22.0,5.0,3.0
314.0,16.0,1.0,6.0,21.0,12.0,5.0,5.0
314.0,17.0,1.0,6.0,21.0,22.0,4.0,3.0
314.0,18.0,1.0,6.0,92.0,12.0,5.0,3.0
314.0,19.0,1.0,6.0,14.0,21.0,4.0,1.0
314.0,20.0,1.0,6.0,14.0,12.0,4.0,4.0
315.0,1.0,1.0,6.0,21.0,12.0,4.0,5.0
315.0,2.0,1.0,6.0,92.0,12.0,5.0,6.0
315.0,3.0,1.0,6.0,14.0,12.0,5.0,9.0
315.0,4.0,1.0,6.0,13.0,12.0,5.0,6.0
315.0,5.0,1.0,6.0,,,,
315.0,6.0,1.0,6.0,92.0,12.0,5.0,4.0
315.0,7.0,1.0,6.0,21.0,12.0,5.0,2.0
315.0,8.0,1.0,6.0,21.0,12.0,5.0,4.0
315.0,9.0,1.0,6.0,,,,
315.0,10.0,1.0,6.0,14.0,12.0,3.0,5.0
315.0,11.0,1.0,6.0,,,,
315.0,12.0,1.0,6.0,21.0,12.0,5.0,1.0
315.0,13.0,1.0,6.0,14.0,12.0,4.0,6.0
315.0,14.0,1.0,6.0,31.0,12.0,5.0,5.0
315.0,15.0,1.0,6.0,21.0,22.0,3.0,3.0
315.0,16.0,1.0,6.0,14.0,12.0,5.0,3.0
315.0,17.0,1.0,6.0,21.0,12.0,4.0,7.0
315.0,18.0,1.0,6.0,14.0,12.0,5.0,4.0
315.0,19.0,1.0,6.0,21.0,12.0,5.0,3.0
315.0,20.0,1.0,6.0,21.0,12.0,5.0,4.0
316.0,1.0,1.0,6.0,,,,
316.0,2.0,1.0,6.0,91.0,12.0,5.0,1.0
316.0,3.0,1.0,6.0,92.0,12.0,5.0,3.0
316.0,4.0,1.0,6.0,,,,
316.0,5.0,1.0,6.0,14.0,22.0,5.0,2.0
316.0,6.0,1.0,6.0,13.0,12.0,4.0,3.0
316.0,7.0,1.0,6.0,13.0,12.0,4.0,1.0
316.0,8.0,1.0,6.0,14.0,22.0,4.0,5.0
316.0,9.0,1.0,6.0,13.0,12.0,5.0,3.0
316.0,10.0,1.0,6.0,,,,
316.0,11.0,1.0,6.0,14.0,12.0,5.0,2.0
316.0,12.0,1.0,6.0,21.0,12.0,5.0,4.0
316.0,13.0,1.0,6.0,13.0,12.0,4.0,4.0
316.0,14.0,1.0,6.0,12.0,12.0,5.0,5.0
316.0,15.0,1.0,6.0,92.0,12.0,4.0,1.0
316.0,16.0,1.0,6.0,92.0,12.0,5.0,6.0
316.0,17.0,1.0,6.0,13.0,12.0,5.0,4.0
316.0,18.0,1.0,6.0,32.0,12.0,5.0,7.0
316.0,19.0,1.0,6.0,14.0,22.0,4.0,5.0
316.0,20.0,1.0,6.0,14.0,22.0,3.0,1.0
317.0,1.0,1.0,6.0,92.0,12.0,4.0,1.0
317.0,2.0,1.0,6.0,92.0,12.0,5.0,3.0
317.0,3.0,1.0,6.0,13.0,12.0,4.0,5.0
317.0,4.0,1.0,6.0,,,,
317.0,5.0,1.0,6.0,21.0,95.0,4.0,6.0
317.0,6.0,1.0,6.0,14.0,12.0,5.0,3.0
317.0,7.0,1.0,6.0,92.0,12.0,5.0,7.0
317.0,8.0,1.0,6.0,31.0,12.0,5.0,4.0
317.0,9.0,1.0,6.0,12.0,12.0,5.0,1.0
317.0,10.0,1.0,6.0,31.0,12.0,4.0,3.0
317.0,11.0,1.0,6.0,,,,
317.0,12.0,1.0,6.0,13.0,22.0,4.0,6.0
317.0,13.0,1.0,6.0,13.0,12.0,4.0,5.0
317.0,14.0,1.0,6.0,,,,
317.0,15.0,1.0,6.0,13.0,12.0,5.0,6.0
317.0,16.0,1.0,6.0,14.0,22.0,4.0,7.0
317.0,17.0,1.0,6.0,14.0,12.0,5.0,5.0
317.0,18.0,1.0,6.0,21.0,22.0,4.0,4.0
317.0,19.0,1.0,6.0,21.0,95.0,3.0,3.0
317.0,20.0,1.0,6.0,14.0,22.0,3.0,6.0
318.0,1.0,1.0,6.0,14.0,12.0,4.0,4.0
318.0,2.0,1.0,6.0,14.0,12.0,4.0,6.0
318.0,3.0,1.0,6.0,21.0,12.0,4.0,4.0
318.0,4.0,1.0,6.0,,,,
318.0,5.0,1.0,6.0,21.0,12.0,4.0,6.0
318.0,6.0,1.0,6.0,21.0,12.0,5.0,6.0
318.0,7.0,1.0,6.0,31.0,95.0,3.0,1.0
318.0,8.0,1.0,6.0,13.0,12.0,5.0,2.0
318.0,9.0,1.0,6.0,14.0,12.0,3.0,3.0
318.0,10.0,1.0,6.0,14.0,12.0,3.0,5.0
318.0,11.0,1.0,6.0,21.0,12.0,4.0,5.0
318.0,12.0,1.0,6.0,14.0,12.0,4.0,5.0
318.0,13.0,1.0,6.0,92.0,12.0,5.0,2.0
318.0,14.0,1.0,6.0,21.0,12.0,4.0,6.0
318.0,15.0,1.0,6.0,13.0,12.0,4.0,6.0
318.0,16.0,1.0,6.0,14.0,12.0,5.0,6.0
318.0,17.0,1.0,6.0,21.0,96.0,4.0,2.0
318.0,18.0,1.0,6.0,21.0,12.0,5.0,5.0
318.0,19.0,1.0,6.0,13.0,12.0,3.0,7.0
318.0,20.0,1.0,6.0,92.0,12.0,5.0,1.0
319.0,1.0,1.0,6.0,21.0,12.0,3.0,2.0
319.0,2.0,1.0,6.0,21.0,12.0,5.0,1.0
319.0,3.0,1.0,6.0,,,,
319.0,4.0,1.0,6.0,21.0,18.0,3.0,2.0
319.0,5.0,1.0,6.0,21.0,12.0,5.0,9.0
319.0,6.0,1.0,6.0,21.0,95.0,3.0,6.0
319.0,7.0,1.0,6.0,13.0,22.0,5.0,4.0
319.0,8.0,1.0,6.0,21.0,12.0,5.0,4.0
319.0,9.0,1.0,6.0,21.0,12.0,3.0,2.0
319.0,10.0,1.0,6.0,92.0,22.0,5.0,4.0
319.0,11.0,1.0,6.0,21.0,21.0,4.0,4.0
319.0,12.0,1.0,6.0,13.0,12.0,4.0,2.0
319.0,13.0,1.0,6.0,21.0,12.0,5.0,4.0
319.0,14.0,1.0,6.0,21.0,12.0,5.0,5.0
319.0,15.0,1.0,6.0,21.0,12.0,5.0,1.0
319.0,16.0,1.0,6.0,21.0,12.0,3.0,3.0
319.0,17.0,1.0,6.0,21.0,12.0,4.0,3.0
319.0,18.0,1.0,6.0,21.0,12.0,3.0,3.0
319.0,19.0,1.0,6.0,21.0,12.0,4.0,4.0
319.0,20.0,1.0,6.0,21.0,12.0,4.0,5.0
320.0,1.0,1.0,6.0,92.0,12.0,4.0,1.0
320.0,2.0,1.0,6.0,21.0,12.0,5.0,8.0
320.0,3.0,1.0,6.0,92.0,22.0,5.0,3.0
320.0,4.0,1.0,6.0,21.0,12.0,4.0,6.0
320.0,5.0,1.0,6.0,21.0,22.0,4.0,4.0
320.0,6.0,1.0,6.0,92.0,12.0,5.0,3.0
320.0,7.0,1.0,6.0,21.0,12.0,4.0,6.0
320.0,8.0,1.0,6.0,21.0,12.0,4.0,3.0
320.0,9.0,1.0,6.0,61.0,12.0,4.0,3.0
320.0,10.0,1.0,6.0,21.0,13.0,3.0,2.0
320.0,11.0,1.0,6.0,,,,
320.0,12.0,1.0,6.0,11.0,12.0,5.0,10.0
320.0,13.0,1.0,6.0,,,,
320.0,14.0,1.0,6.0,32.0,22.0,4.0,5.0
320.0,15.0,1.0,6.0,21.0,22.0,3.0,5.0
320.0,16.0,1.0,6.0,32.0,12.0,5.0,5.0
320.0,17.0,1.0,6.0,21.0,22.0,4.0,3.0
320.0,18.0,1.0,6.0,13.0,12.0,5.0,4.0
320.0,19.0,1.0,6.0,21.0,12.0,4.0,5.0
320.0,20.0,1.0,6.0,,,,
321.0,1.0,1.0,6.0,14.0,12.0,4.0,6.0
321.0,2.0,1.0,6.0,12.0,12.0,5.0,3.0
321.0,3.0,1.0,6.0,11.0,12.0,5.0,5.0
321.0,4.0,1.0,6.0,14.0,22.0,3.0,5.0
321.0,5.0,1.0,6.0,11.0,12.0,5.0,5.0
321.0,6.0,1.0,6.0,12.0,12.0,5.0,6.0
321.0,7.0,1.0,6.0,12.0,12.0,5.0,5.0
321.0,8.0,1.0,6.0,14.0,12.0,4.0,5.0
321.0,9.0,1.0,6.0,11.0,13.0,5.0,4.0
321.0,10.0,1.0,6.0,14.0,12.0,4.0,1.0
321.0,11.0,1.0,6.0,14.0,23.0,4.0,7.0
321.0,12.0,1.0,6.0,14.0,13.0,4.0,7.0
321.0,13.0,1.0,6.0,14.0,12.0,5.0,4.0
321.0,14.0,1.0,6.0,14.0,22.0,4.0,7.0
321.0,15.0,1.0,6.0,12.0,12.0,5.0,5.0
321.0,16.0,1.0,6.0,12.0,12.0,5.0,2.0
321.0,17.0,1.0,6.0,14.0,13.0,5.0,6.0
321.0,18.0,1.0,6.0,11.0,12.0,5.0,6.0
321.0,19.0,1.0,6.0,14.0,22.0,4.0,5.0
321.0,20.0,1.0,6.0,14.0,12.0,5.0,5.0
322.0,1.0,1.0,6.0,21.0,95.0,4.0,2.0
322.0,2.0,1.0,6.0,32.0,95.0,4.0,2.0
322.0,3.0,1.0,6.0,21.0,12.0,4.0,7.0
322.0,4.0,1.0,6.0,21.0,95.0,3.0,1.0
322.0,5.0,1.0,6.0,14.0,12.0,5.0,11.0
322.0,6.0,1.0,6.0,21.0,95.0,5.0,4.0
322.0,7.0,1.0,6.0,21.0,12.0,5.0,1.0
322.0,8.0,1.0,6.0,21.0,95.0,3.0,2.0
322.0,9.0,1.0,6.0,21.0,95.0,2.0,3.0
322.0,10.0,1.0,6.0,32.0,95.0,3.0,6.0
322.0,11.0,1.0,6.0,21.0,22.0,5.0,4.0
322.0,12.0,1.0,6.0,21.0,21.0,4.0,5.0
322.0,13.0,1.0,6.0,21.0,95.0,4.0,2.0
322.0,14.0,1.0,6.0,21.0,23.0,3.0,3.0
322.0,15.0,1.0,6.0,21.0,12.0,4.0,7.0
322.0,16.0,1.0,6.0,32.0,95.0,3.0,6.0
322.0,17.0,1.0,6.0,21.0,22.0,4.0,3.0
322.0,18.0,1.0,6.0,21.0,22.0,4.0,2.0
322.0,19.0,1.0,6.0,21.0,95.0,5.0,3.0
322.0,20.0,1.0,6.0,21.0,22.0,3.0,1.0
323.0,1.0,1.0,6.0,14.0,22.0,4.0,10.0
323.0,2.0,1.0,6.0,14.0,12.0,4.0,4.0
323.0,3.0,1.0,6.0,13.0,12.0,5.0,5.0
323.0,4.0,1.0,6.0,13.0,12.0,4.0,8.0
323.0,5.0,1.0,6.0,92.0,12.0,4.0,2.0
323.0,6.0,1.0,6.0,14.0,12.0,4.0,4.0
323.0,7.0,1.0,6.0,21.0,12.0,4.0,5.0
323.0,8.0,1.0,6.0,92.0,12.0,5.0,3.0
323.0,9.0,1.0,6.0,92.0,12.0,5.0,2.0
323.0,10.0,1.0,6.0,13.0,12.0,3.0,8.0
323.0,11.0,1.0,6.0,14.0,12.0,4.0,2.0
323.0,12.0,1.0,6.0,92.0,12.0,3.0,6.0
323.0,13.0,1.0,6.0,92.0,22.0,5.0,2.0
323.0,14.0,1.0,6.0,92.0,22.0,4.0,1.0
323.0,15.0,1.0,6.0,13.0,12.0,4.0,7.0
323.0,16.0,1.0,6.0,92.0,22.0,5.0,3.0
323.0,17.0,1.0,6.0,,,,
323.0,18.0,1.0,6.0,92.0,12.0,4.0,2.0
323.0,19.0,1.0,6.0,14.0,12.0,4.0,5.0
323.0,20.0,1.0,6.0,21.0,22.0,4.0,1.0
324.0,1.0,1.0,6.0,21.0,12.0,5.0,7.0
324.0,2.0,1.0,6.0,51.0,12.0,5.0,1.0
324.0,3.0,1.0,6.0,96.0,22.0,3.0,3.0
324.0,4.0,1.0,6.0,14.0,12.0,4.0,1.0
324.0,5.0,1.0,6.0,32.0,22.0,5.0,4.0
324.0,6.0,1.0,6.0,92.0,22.0,3.0,1.0
324.0,7.0,1.0,6.0,51.0,12.0,4.0,4.0
324.0,8.0,1.0,6.0,21.0,12.0,4.0,1.0
324.0,9.0,1.0,6.0,32.0,12.0,3.0,3.0
324.0,10.0,1.0,6.0,92.0,12.0,5.0,1.0
324.0,11.0,1.0,6.0,32.0,12.0,3.0,6.0
324.0,12.0,1.0,6.0,31.0,12.0,3.0,5.0
324.0,13.0,1.0,6.0,92.0,12.0,5.0,4.0
324.0,14.0,1.0,6.0,71.0,12.0,4.0,5.0
324.0,15.0,1.0,6.0,51.0,12.0,5.0,3.0
324.0,16.0,1.0,6.0,92.0,12.0,5.0,3.0
324.0,17.0,1.0,6.0,32.0,12.0,4.0,3.0
324.0,18.0,1.0,6.0,91.0,12.0,5.0,2.0
324.0,19.0,1.0,6.0,14.0,22.0,4.0,5.0
324.0,20.0,1.0,6.0,21.0,12.0,5.0,7.0
325.0,1.0,1.0,6.0,13.0,12.0,5.0,5.0
325.0,2.0,1.0,6.0,13.0,12.0,5.0,5.0
325.0,3.0,1.0,6.0,13.0,12.0,3.0,3.0
325.0,4.0,1.0,6.0,92.0,22.0,5.0,1.0
325.0,5.0,1.0,6.0,92.0,22.0,4.0,1.0
325.0,6.0,1.0,6.0,13.0,12.0,5.0,6.0
325.0,7.0,1.0,6.0,92.0,12.0,5.0,6.0
325.0,8.0,1.0,6.0,13.0,12.0,5.0,1.0
325.0,9.0,1.0,6.0,21.0,12.0,4.0,4.0
325.0,10.0,1.0,6.0,21.0,12.0,4.0,6.0
325.0,11.0,1.0,6.0,13.0,12.0,5.0,2.0
325.0,12.0,1.0,6.0,,,,
325.0,13.0,1.0,6.0,,,,
325.0,14.0,1.0,6.0,92.0,12.0,5.0,1.0
325.0,15.0,1.0,6.0,92.0,12.0,5.0,1.0
325.0,16.0,1.0,6.0,12.0,12.0,5.0,4.0
325.0,17.0,1.0,6.0,92.0,12.0,5.0,1.0
325.0,18.0,1.0,6.0,,,,
325.0,19.0,1.0,6.0,21.0,22.0,4.0,3.0
325.0,20.0,1.0,6.0,21.0,12.0,4.0,3.0
326.0,1.0,1.0,6.0,92.0,12.0,5.0,2.0
326.0,2.0,1.0,6.0,13.0,12.0,4.0,3.0
326.0,3.0,1.0,6.0,13.0,12.0,4.0,7.0
326.0,4.0,1.0,6.0,,,,
326.0,5.0,1.0,6.0,21.0,22.0,5.0,4.0
326.0,6.0,1.0,6.0,21.0,12.0,4.0,1.0
326.0,7.0,1.0,6.0,21.0,22.0,4.0,4.0
326.0,8.0,1.0,6.0,13.0,12.0,5.0,5.0
326.0,9.0,1.0,6.0,21.0,95.0,4.0,4.0
326.0,10.0,1.0,6.0,21.0,12.0,4.0,6.0
326.0,11.0,1.0,6.0,21.0,12.0,4.0,1.0
326.0,12.0,1.0,6.0,92.0,12.0,5.0,2.0
326.0,13.0,1.0,6.0,13.0,12.0,3.0,4.0
326.0,14.0,1.0,6.0,14.0,12.0,5.0,7.0
326.0,15.0,1.0,6.0,21.0,22.0,4.0,5.0
326.0,16.0,1.0,6.0,,,,
326.0,17.0,1.0,6.0,,,,
326.0,18.0,1.0,6.0,14.0,22.0,4.0,5.0
326.0,19.0,1.0,6.0,13.0,12.0,4.0,3.0
326.0,20.0,1.0,6.0,14.0,22.0,4.0,6.0
327.0,1.0,1.0,6.0,14.0,12.0,5.0,6.0
327.0,2.0,1.0,6.0,13.0,12.0,5.0,1.0
327.0,3.0,1.0,6.0,14.0,12.0,5.0,6.0
327.0,4.0,1.0,6.0,21.0,12.0,5.0,1.0
327.0,5.0,1.0,6.0,14.0,13.0,4.0,4.0
327.0,6.0,1.0,6.0,14.0,12.0,3.0,5.0
327.0,7.0,1.0,6.0,12.0,12.0,5.0,4.0
327.0,8.0,1.0,6.0,14.0,22.0,4.0,3.0
327.0,9.0,1.0,6.0,,,,
327.0,10.0,1.0,6.0,13.0,22.0,4.0,3.0
327.0,11.0,1.0,6.0,13.0,12.0,4.0,6.0
327.0,12.0,1.0,6.0,92.0,23.0,4.0,4.0
327.0,13.0,1.0,6.0,14.0,12.0,5.0,6.0
327.0,14.0,1.0,6.0,13.0,12.0,5.0,2.0
327.0,15.0,1.0,6.0,14.0,95.0,3.0,9.0
327.0,16.0,1.0,6.0,12.0,12.0,5.0,2.0
327.0,17.0,1.0,6.0,14.0,12.0,4.0,2.0
327.0,18.0,1.0,6.0,,,,
327.0,19.0,1.0,6.0,12.0,12.0,5.0,3.0
327.0,20.0,1.0,6.0,13.0,12.0,4.0,2.0
328.0,1.0,1.0,6.0,14.0,12.0,4.0,4.0
328.0,2.0,1.0,6.0,13.0,12.0,4.0,4.0
328.0,3.0,1.0,6.0,14.0,23.0,5.0,2.0
328.0,4.0,1.0,6.0,12.0,12.0,5.0,1.0
328.0,5.0,1.0,6.0,12.0,12.0,5.0,6.0
328.0,6.0,1.0,6.0,13.0,22.0,4.0,1.0
328.0,7.0,1.0,6.0,13.0,12.0,5.0,2.0
328.0,8.0,1.0,6.0,92.0,12.0,5.0,1.0
328.0,9.0,1.0,6.0,92.0,12.0,5.0,3.0
328.0,10.0,1.0,6.0,92.0,12.0,5.0,1.0
328.0,11.0,1.0,6.0,,,,
328.0,12.0,1.0,6.0,92.0,12.0,5.0,1.0
328.0,13.0,1.0,6.0,14.0,12.0,4.0,7.0
328.0,14.0,1.0,6.0,31.0,22.0,5.0,1.0
328.0,15.0,1.0,6.0,21.0,23.0,3.0,7.0
328.0,16.0,1.0,6.0,11.0,12.0,5.0,7.0
328.0,17.0,1.0,6.0,21.0,12.0,5.0,3.0
328.0,18.0,1.0,6.0,92.0,12.0,5.0,3.0
328.0,19.0,1.0,6.0,12.0,12.0,5.0,3.0
328.0,20.0,1.0,6.0,92.0,12.0,5.0,1.0
329.0,1.0,1.0,6.0,13.0,12.0,5.0,4.0
329.0,2.0,1.0,6.0,14.0,22.0,3.0,3.0
329.0,3.0,1.0,6.0,14.0,12.0,4.0,2.0
329.0,4.0,1.0,6.0,14.0,13.0,5.0,5.0
329.0,5.0,1.0,6.0,31.0,12.0,3.0,3.0
329.0,6.0,1.0,6.0,13.0,12.0,5.0,2.0
329.0,7.0,1.0,6.0,14.0,12.0,4.0,1.0
329.0,8.0,1.0,6.0,13.0,12.0,4.0,3.0
329.0,9.0,1.0,6.0,13.0,22.0,5.0,2.0
329.0,10.0,1.0,6.0,92.0,12.0,5.0,1.0
329.0,11.0,1.0,6.0,13.0,12.0,3.0,2.0
329.0,12.0,1.0,6.0,92.0,12.0,5.0,1.0
329.0,13.0,1.0,6.0,13.0,12.0,5.0,1.0
329.0,14.0,1.0,6.0,13.0,12.0,4.0,6.0
329.0,15.0,1.0,6.0,14.0,22.0,4.0,2.0
329.0,16.0,1.0,6.0,32.0,23.0,3.0,3.0
329.0,17.0,1.0,6.0,13.0,12.0,3.0,5.0
329.0,18.0,1.0,6.0,13.0,12.0,3.0,4.0
329.0,19.0,1.0,6.0,14.0,12.0,4.0,4.0
329.0,20.0,1.0,6.0,13.0,12.0,5.0,4.0
330.0,1.0,1.0,6.0,,,,
330.0,2.0,1.0,6.0,14.0,12.0,4.0,3.0
330.0,3.0,1.0,6.0,14.0,96.0,4.0,7.0
330.0,4.0,1.0,6.0,13.0,96.0,5.0,3.0
330.0,5.0,1.0,6.0,14.0,12.0,4.0,1.0
330.0,6.0,1.0,6.0,,,,
330.0,7.0,1.0,6.0,92.0,95.0,5.0,2.0
330.0,8.0,1.0,6.0,14.0,12.0,4.0,8.0
330.0,9.0,1.0,6.0,14.0,96.0,5.0,7.0
330.0,10.0,1.0,6.0,92.0,12.0,5.0,1.0
330.0,11.0,1.0,6.0,,,,
330.0,12.0,1.0,6.0,14.0,12.0,3.0,5.0
330.0,13.0,1.0,6.0,,,,
330.0,14.0,1.0,6.0,14.0,12.0,4.0,4.0
330.0,15.0,1.0,6.0,13.0,12.0,4.0,5.0
330.0,16.0,1.0,6.0,14.0,12.0,5.0,4.0
330.0,17.0,1.0,6.0,92.0,95.0,5.0,2.0
330.0,18.0,1.0,6.0,,,,
330.0,19.0,1.0,6.0,92.0,12.0,4.0,6.0
330.0,20.0,1.0,6.0,14.0,95.0,5.0,3.0
331.0,1.0,1.0,6.0,11.0,12.0,5.0,11.0
331.0,2.0,1.0,6.0,14.0,95.0,3.0,4.0
331.0,3.0,1.0,6.0,,,,
331.0,4.0,1.0,6.0,92.0,12.0,5.0,3.0
331.0,5.0,1.0,6.0,,,,
331.0,6.0,1.0,6.0,14.0,22.0,4.0,8.0
331.0,7.0,1.0,6.0,14.0,12.0,5.0,6.0
331.0,8.0,1.0,6.0,13.0,12.0,4.0,5.0
331.0,9.0,1.0,6.0,14.0,22.0,3.0,3.0
331.0,10.0,1.0,6.0,12.0,12.0,5.0,2.0
331.0,11.0,1.0,6.0,13.0,12.0,5.0,4.0
331.0,12.0,1.0,6.0,14.0,23.0,3.0,5.0
331.0,13.0,1.0,6.0,14.0,22.0,4.0,5.0
331.0,14.0,1.0,6.0,14.0,12.0,5.0,7.0
331.0,15.0,1.0,6.0,13.0,12.0,4.0,4.0
331.0,16.0,1.0,6.0,14.0,22.0,5.0,3.0
331.0,17.0,1.0,6.0,14.0,22.0,4.0,5.0
331.0,18.0,1.0,6.0,13.0,22.0,4.0,4.0
331.0,19.0,1.0,6.0,14.0,22.0,3.0,3.0
331.0,20.0,1.0,6.0,14.0,22.0,5.0,4.0
332.0,1.0,1.0,6.0,12.0,12.0,5.0,2.0
332.0,2.0,1.0,6.0,13.0,22.0,3.0,12.0
332.0,3.0,1.0,6.0,13.0,12.0,4.0,2.0
332.0,4.0,1.0,6.0,13.0,12.0,5.0,1.0
332.0,5.0,1.0,6.0,14.0,12.0,5.0,1.0
332.0,6.0,1.0,6.0,13.0,12.0,5.0,2.0
332.0,7.0,1.0,6.0,13.0,13.0,3.0,8.0
332.0,8.0,1.0,6.0,13.0,13.0,5.0,1.0
332.0,9.0,1.0,6.0,13.0,12.0,4.0,6.0
332.0,10.0,1.0,6.0,13.0,13.0,3.0,2.0
332.0,11.0,1.0,6.0,13.0,12.0,3.0,4.0
332.0,12.0,1.0,6.0,92.0,23.0,5.0,1.0
332.0,13.0,1.0,6.0,13.0,12.0,5.0,2.0
332.0,14.0,1.0,6.0,13.0,13.0,4.0,1.0
332.0,15.0,1.0,6.0,,,,
332.0,16.0,1.0,6.0,13.0,23.0,4.0,8.0
332.0,17.0,1.0,6.0,92.0,12.0,5.0,1.0
332.0,18.0,1.0,6.0,13.0,13.0,5.0,7.0
332.0,19.0,1.0,6.0,92.0,23.0,5.0,7.0
332.0,20.0,1.0,6.0,13.0,23.0,4.0,5.0
333.0,1.0,1.0,6.0,,,,
333.0,2.0,1.0,6.0,21.0,13.0,4.0,3.0
333.0,3.0,1.0,6.0,14.0,12.0,5.0,5.0
333.0,4.0,1.0,6.0,92.0,22.0,5.0,1.0
333.0,5.0,1.0,6.0,11.0,12.0,5.0,2.0
333.0,6.0,1.0,6.0,14.0,22.0,4.0,2.0
333.0,7.0,1.0,6.0,21.0,12.0,5.0,1.0
333.0,8.0,1.0,6.0,,,,
333.0,9.0,1.0,6.0,21.0,22.0,5.0,3.0
333.0,10.0,1.0,6.0,21.0,22.0,4.0,1.0
333.0,11.0,1.0,6.0,21.0,22.0,4.0,4.0
333.0,12.0,1.0,6.0,13.0,12.0,5.0,4.0
333.0,13.0,1.0,6.0,21.0,12.0,4.0,4.0
333.0,14.0,1.0,6.0,14.0,22.0,5.0,3.0
333.0,15.0,1.0,6.0,14.0,12.0,5.0,2.0
333.0,16.0,1.0,6.0,13.0,12.0,5.0,1.0
333.0,17.0,1.0,6.0,21.0,22.0,4.0,1.0
333.0,18.0,1.0,6.0,21.0,22.0,5.0,1.0
333.0,19.0,1.0,6.0,21.0,13.0,4.0,4.0
333.0,20.0,1.0,6.0,32.0,12.0,4.0,5.0
334.0,1.0,1.0,6.0,13.0,22.0,3.0,1.0
334.0,2.0,1.0,6.0,14.0,22.0,3.0,5.0
334.0,3.0,1.0,6.0,14.0,12.0,4.0,2.0
334.0,4.0,1.0,6.0,14.0,22.0,3.0,4.0
334.0,5.0,1.0,6.0,14.0,12.0,4.0,3.0
334.0,6.0,1.0,6.0,31.0,22.0,5.0,1.0
334.0,7.0,1.0,6.0,14.0,22.0,4.0,3.0
334.0,8.0,1.0,6.0,13.0,22.0,5.0,2.0
334.0,9.0,1.0,6.0,92.0,12.0,4.0,5.0
334.0,10.0,1.0,6.0,14.0,12.0,4.0,6.0
334.0,11.0,1.0,6.0,14.0,12.0,5.0,9.0
334.0,12.0,1.0,6.0,14.0,12.0,5.0,4.0
334.0,13.0,1.0,6.0,14.0,12.0,3.0,5.0
334.0,14.0,1.0,6.0,21.0,12.0,5.0,5.0
334.0,15.0,1.0,6.0,,,,
334.0,16.0,1.0,6.0,14.0,23.0,3.0,8.0
334.0,17.0,1.0,6.0,13.0,13.0,5.0,8.0
334.0,18.0,1.0,6.0,13.0,18.0,5.0,3.0
334.0,19.0,1.0,6.0,13.0,22.0,4.0,5.0
334.0,20.0,1.0,6.0,31.0,12.0,5.0,5.0
335.0,1.0,1.0,6.0,31.0,13.0,3.0,3.0
335.0,2.0,1.0,6.0,32.0,18.0,3.0,4.0
335.0,3.0,1.0,6.0,,,,
335.0,4.0,1.0,6.0,41.0,22.0,3.0,1.0
335.0,5.0,1.0,6.0,41.0,22.0,3.0,3.0
335.0,6.0,1.0,6.0,92.0,22.0,3.0,3.0
335.0,7.0,1.0,6.0,92.0,12.0,3.0,4.0
335.0,8.0,1.0,6.0,92.0,12.0,3.0,6.0
335.0,9.0,1.0,6.0,92.0,13.0,3.0,2.0
335.0,10.0,1.0,6.0,31.0,13.0,3.0,1.0
335.0,11.0,1.0,6.0,92.0,12.0,4.0,5.0
335.0,12.0,1.0,6.0,32.0,12.0,3.0,1.0
335.0,13.0,1.0,6.0,32.0,12.0,3.0,7.0
335.0,14.0,1.0,6.0,92.0,23.0,3.0,4.0
335.0,15.0,1.0,6.0,,,,
335.0,16.0,1.0,6.0,31.0,23.0,3.0,10.0
335.0,17.0,1.0,6.0,32.0,12.0,3.0,2.0
335.0,18.0,1.0,6.0,32.0,12.0,3.0,4.0
335.0,19.0,1.0,6.0,31.0,12.0,4.0,3.0
335.0,20.0,1.0,6.0,31.0,13.0,3.0,5.0
336.0,1.0,1.0,6.0,11.0,12.0,4.0,4.0
336.0,2.0,1.0,6.0,12.0,12.0,4.0,2.0
336.0,3.0,1.0,6.0,14.0,22.0,5.0,4.0
336.0,4.0,1.0,6.0,32.0,21.0,4.0,4.0
336.0,5.0,1.0,6.0,14.0,12.0,5.0,2.0
336.0,6.0,1.0,6.0,92.0,22.0,3.0,2.0
336.0,7.0,1.0,6.0,14.0,22.0,4.0,6.0
336.0,8.0,1.0,6.0,11.0,12.0,5.0,4.0
336.0,9.0,1.0,6.0,11.0,12.0,5.0,4.0
336.0,10.0,1.0,6.0,13.0,12.0,4.0,2.0
336.0,11.0,1.0,6.0,,,,
336.0,12.0,1.0,6.0,14.0,21.0,4.0,4.0
336.0,13.0,1.0,6.0,12.0,12.0,5.0,3.0
336.0,14.0,1.0,6.0,14.0,12.0,5.0,7.0
336.0,15.0,1.0,6.0,13.0,12.0,5.0,6.0
336.0,16.0,1.0,6.0,14.0,22.0,5.0,6.0
336.0,17.0,1.0,6.0,92.0,12.0,5.0,2.0
336.0,18.0,1.0,6.0,14.0,12.0,5.0,5.0
336.0,19.0,1.0,6.0,14.0,22.0,5.0,3.0
336.0,20.0,1.0,6.0,13.0,22.0,5.0,1.0
337.0,1.0,1.0,6.0,13.0,12.0,4.0,1.0
337.0,2.0,1.0,6.0,92.0,12.0,5.0,6.0
337.0,3.0,1.0,6.0,14.0,22.0,3.0,11.0
337.0,4.0,1.0,6.0,14.0,12.0,5.0,1.0
337.0,5.0,1.0,6.0,12.0,12.0,5.0,6.0
337.0,6.0,1.0,6.0,12.0,12.0,5.0,3.0
337.0,7.0,1.0,6.0,14.0,22.0,3.0,2.0
337.0,8.0,1.0,6.0,11.0,12.0,5.0,2.0
337.0,9.0,1.0,6.0,14.0,22.0,4.0,3.0
337.0,10.0,1.0,6.0,13.0,22.0,4.0,1.0
337.0,11.0,1.0,6.0,32.0,12.0,3.0,5.0
337.0,12.0,1.0,6.0,32.0,12.0,3.0,2.0
337.0,13.0,1.0,6.0,14.0,12.0,5.0,4.0
337.0,14.0,1.0,6.0,13.0,22.0,3.0,2.0
337.0,15.0,1.0,6.0,14.0,12.0,5.0,5.0
337.0,16.0,1.0,6.0,13.0,22.0,4.0,3.0
337.0,17.0,1.0,6.0,13.0,22.0,4.0,2.0
337.0,18.0,1.0,6.0,21.0,13.0,5.0,4.0
337.0,19.0,1.0,6.0,92.0,12.0,5.0,5.0
337.0,20.0,1.0,6.0,14.0,12.0,5.0,1.0
338.0,1.0,1.0,6.0,14.0,12.0,4.0,3.0
338.0,2.0,1.0,6.0,14.0,95.0,5.0,3.0
338.0,3.0,1.0,6.0,,,,
338.0,4.0,1.0,6.0,21.0,95.0,4.0,7.0
338.0,5.0,1.0,6.0,92.0,22.0,5.0,1.0
338.0,6.0,1.0,6.0,92.0,12.0,4.0,1.0
338.0,7.0,1.0,6.0,21.0,22.0,4.0,4.0
338.0,8.0,1.0,6.0,,,,
338.0,9.0,1.0,6.0,,,,
338.0,10.0,1.0,6.0,,,,
338.0,11.0,1.0,6.0,21.0,22.0,4.0,1.0
338.0,12.0,1.0,6.0,,,,
338.0,13.0,1.0,6.0,13.0,13.0,4.0,3.0
338.0,14.0,1.0,6.0,92.0,13.0,4.0,4.0
338.0,15.0,1.0,6.0,14.0,12.0,4.0,6.0
338.0,16.0,1.0,6.0,13.0,12.0,4.0,3.0
338.0,17.0,1.0,6.0,14.0,22.0,3.0,2.0
338.0,18.0,1.0,6.0,14.0,22.0,4.0,3.0
338.0,19.0,1.0,6.0,,,,
338.0,20.0,1.0,6.0,14.0,13.0,4.0,3.0
339.0,1.0,1.0,6.0,,,,
339.0,2.0,1.0,6.0,92.0,23.0,3.0,1.0
339.0,3.0,1.0,6.0,,,,
339.0,4.0,1.0,6.0,11.0,12.0,5.0,4.0
339.0,5.0,1.0,6.0,92.0,12.0,5.0,4.0
339.0,6.0,1.0,6.0,13.0,12.0,5.0,2.0
339.0,7.0,1.0,6.0,21.0,12.0,4.0,2.0
339.0,8.0,1.0,6.0,11.0,23.0,5.0,2.0
339.0,9.0,1.0,6.0,,,,
339.0,10.0,1.0,6.0,21.0,12.0,5.0,2.0
339.0,11.0,1.0,6.0,31.0,22.0,5.0,6.0
339.0,12.0,1.0,6.0,,,,
339.0,13.0,1.0,6.0,32.0,12.0,5.0,2.0
339.0,14.0,1.0,6.0,21.0,12.0,5.0,2.0
339.0,15.0,1.0,6.0,21.0,12.0,5.0,1.0
339.0,16.0,1.0,6.0,92.0,12.0,5.0,1.0
339.0,17.0,1.0,6.0,13.0,12.0,4.0,3.0
339.0,18.0,1.0,6.0,13.0,12.0,4.0,6.0
339.0,19.0,1.0,6.0,21.0,12.0,5.0,1.0
339.0,20.0,1.0,6.0,21.0,12.0,4.0,3.0
340.0,1.0,1.0,6.0,92.0,12.0,5.0,3.0
340.0,2.0,1.0,6.0,21.0,22.0,4.0,1.0
340.0,3.0,1.0,6.0,14.0,12.0,5.0,9.0
340.0,4.0,1.0,6.0,21.0,22.0,5.0,1.0
340.0,5.0,1.0,6.0,14.0,12.0,4.0,1.0
340.0,6.0,1.0,6.0,14.0,22.0,4.0,3.0
340.0,7.0,1.0,6.0,14.0,23.0,3.0,3.0
340.0,8.0,1.0,6.0,21.0,12.0,5.0,3.0
340.0,9.0,1.0,6.0,21.0,22.0,4.0,2.0
340.0,10.0,1.0,6.0,21.0,22.0,4.0,1.0
340.0,11.0,1.0,6.0,13.0,12.0,4.0,4.0
340.0,12.0,1.0,6.0,21.0,12.0,4.0,5.0
340.0,13.0,1.0,6.0,14.0,12.0,5.0,4.0
340.0,14.0,1.0,6.0,14.0,23.0,3.0,5.0
340.0,15.0,1.0,6.0,21.0,22.0,5.0,1.0
340.0,16.0,1.0,6.0,12.0,12.0,5.0,3.0
340.0,17.0,1.0,6.0,21.0,22.0,4.0,5.0
340.0,18.0,1.0,6.0,21.0,22.0,4.0,5.0
340.0,19.0,1.0,6.0,13.0,12.0,3.0,6.0
340.0,20.0,1.0,6.0,92.0,12.0,5.0,2.0
341.0,1.0,1.0,6.0,13.0,12.0,3.0,5.0
341.0,2.0,1.0,6.0,13.0,12.0,3.0,6.0
341.0,3.0,1.0,6.0,13.0,12.0,5.0,4.0
341.0,4.0,1.0,6.0,13.0,23.0,3.0,2.0
341.0,5.0,1.0,6.0,13.0,23.0,3.0,3.0
341.0,6.0,1.0,6.0,,,,
341.0,7.0,1.0,6.0,21.0,12.0,4.0,1.0
341.0,8.0,1.0,6.0,21.0,22.0,4.0,6.0
341.0,9.0,1.0,6.0,21.0,22.0,4.0,4.0
341.0,10.0,1.0,6.0,14.0,95.0,4.0,6.0
341.0,11.0,1.0,6.0,,,,
341.0,12.0,1.0,6.0,92.0,13.0,5.0,1.0
341.0,13.0,1.0,6.0,14.0,22.0,4.0,7.0
341.0,14.0,1.0,6.0,92.0,12.0,5.0,1.0
341.0,15.0,1.0,6.0,21.0,12.0,4.0,4.0
341.0,16.0,1.0,6.0,21.0,12.0,4.0,6.0
341.0,17.0,1.0,6.0,21.0,12.0,4.0,3.0
341.0,18.0,1.0,6.0,21.0,22.0,4.0,3.0
341.0,19.0,1.0,6.0,92.0,23.0,4.0,3.0
341.0,20.0,1.0,6.0,21.0,12.0,5.0,4.0
342.0,1.0,1.0,6.0,,,,
342.0,2.0,1.0,6.0,91.0,12.0,5.0,1.0
342.0,3.0,1.0,6.0,13.0,12.0,5.0,7.0
342.0,4.0,1.0,6.0,13.0,12.0,5.0,4.0
342.0,5.0,1.0,6.0,13.0,23.0,4.0,1.0
342.0,6.0,1.0,6.0,92.0,12.0,4.0,1.0
342.0,7.0,1.0,6.0,13.0,12.0,5.0,2.0
342.0,8.0,1.0,6.0,21.0,12.0,5.0,1.0
342.0,9.0,1.0,6.0,21.0,12.0,5.0,2.0
342.0,10.0,1.0,6.0,,,,
342.0,11.0,1.0,6.0,13.0,22.0,4.0,2.0
342.0,12.0,1.0,6.0,13.0,12.0,3.0,1.0
342.0,13.0,1.0,6.0,13.0,12.0,5.0,4.0
342.0,14.0,1.0,6.0,21.0,12.0,4.0,2.0
342.0,15.0,1.0,6.0,92.0,12.0,5.0,1.0
342.0,16.0,1.0,6.0,31.0,22.0,4.0,1.0
342.0,17.0,1.0,6.0,21.0,12.0,4.0,2.0
342.0,18.0,1.0,6.0,21.0,22.0,5.0,3.0
342.0,19.0,1.0,6.0,13.0,13.0,5.0,3.0
342.0,20.0,1.0,6.0,91.0,13.0,5.0,2.0
343.0,1.0,1.0,6.0,14.0,51.0,5.0,6.0
343.0,2.0,1.0,6.0,14.0,12.0,4.0,4.0
343.0,3.0,1.0,6.0,14.0,21.0,4.0,6.0
343.0,4.0,1.0,6.0,14.0,23.0,5.0,2.0
343.0,5.0,1.0,6.0,14.0,21.0,4.0,5.0
343.0,6.0,1.0,6.0,14.0,23.0,4.0,4.0
343.0,7.0,1.0,6.0,14.0,12.0,5.0,2.0
343.0,8.0,1.0,6.0,14.0,12.0,5.0,6.0
343.0,9.0,1.0,6.0,92.0,23.0,4.0,4.0
343.0,10.0,1.0,6.0,14.0,22.0,5.0,5.0
343.0,11.0,1.0,6.0,92.0,13.0,5.0,1.0
343.0,12.0,1.0,6.0,14.0,95.0,3.0,5.0
343.0,13.0,1.0,6.0,14.0,21.0,3.0,1.0
343.0,14.0,1.0,6.0,14.0,12.0,4.0,2.0
343.0,15.0,1.0,6.0,14.0,12.0,4.0,6.0
343.0,16.0,1.0,6.0,,,,
343.0,17.0,1.0,6.0,,,,
343.0,18.0,1.0,6.0,14.0,12.0,4.0,3.0
343.0,19.0,1.0,6.0,,,,
343.0,20.0,1.0,6.0,14.0,22.0,4.0,1.0
344.0,1.0,1.0,6.0,13.0,12.0,3.0,1.0
344.0,2.0,1.0,6.0,11.0,23.0,4.0,3.0
344.0,3.0,1.0,6.0,14.0,23.0,4.0,5.0
344.0,4.0,1.0,6.0,13.0,12.0,4.0,3.0
344.0,5.0,1.0,6.0,13.0,12.0,4.0,5.0
344.0,6.0,1.0,6.0,13.0,22.0,4.0,3.0
344.0,7.0,1.0,6.0,13.0,21.0,4.0,4.0
344.0,8.0,1.0,6.0,,,,
344.0,9.0,1.0,6.0,12.0,22.0,4.0,2.0
344.0,10.0,1.0,6.0,13.0,21.0,4.0,3.0
344.0,11.0,1.0,6.0,13.0,23.0,4.0,7.0
344.0,12.0,1.0,6.0,13.0,22.0,4.0,3.0
344.0,13.0,1.0,6.0,12.0,23.0,5.0,3.0
344.0,14.0,1.0,6.0,13.0,23.0,4.0,5.0
344.0,15.0,1.0,6.0,13.0,12.0,5.0,14.0
344.0,16.0,1.0,6.0,14.0,23.0,4.0,6.0
344.0,17.0,1.0,6.0,14.0,95.0,4.0,2.0
344.0,18.0,1.0,6.0,13.0,12.0,5.0,5.0
344.0,19.0,1.0,6.0,13.0,22.0,4.0,4.0
344.0,20.0,1.0,6.0,,,,
345.0,1.0,1.0,6.0,11.0,12.0,5.0,4.0
345.0,2.0,1.0,6.0,13.0,21.0,4.0,5.0
345.0,3.0,1.0,6.0,12.0,12.0,5.0,3.0
345.0,4.0,1.0,6.0,12.0,12.0,5.0,1.0
345.0,5.0,1.0,6.0,12.0,12.0,5.0,3.0
345.0,6.0,1.0,6.0,11.0,12.0,5.0,2.0
345.0,7.0,1.0,6.0,13.0,21.0,5.0,4.0
345.0,8.0,1.0,6.0,13.0,12.0,4.0,3.0
345.0,9.0,1.0,6.0,,,,
345.0,10.0,1.0,6.0,12.0,12.0,5.0,7.0
345.0,11.0,1.0,6.0,13.0,12.0,4.0,2.0
345.0,12.0,1.0,6.0,14.0,21.0,4.0,6.0
345.0,13.0,1.0,6.0,14.0,21.0,4.0,3.0
345.0,14.0,1.0,6.0,11.0,12.0,5.0,2.0
345.0,15.0,1.0,6.0,13.0,12.0,4.0,2.0
345.0,16.0,1.0,6.0,13.0,21.0,4.0,4.0
345.0,17.0,1.0,6.0,12.0,12.0,5.0,2.0
345.0,18.0,1.0,6.0,13.0,12.0,4.0,7.0
345.0,19.0,1.0,6.0,13.0,12.0,4.0,1.0
345.0,20.0,1.0,6.0,13.0,21.0,5.0,5.0
346.0,1.0,1.0,6.0,14.0,23.0,3.0,4.0
346.0,2.0,1.0,6.0,21.0,22.0,3.0,2.0
346.0,3.0,1.0,6.0,92.0,12.0,4.0,2.0
346.0,4.0,1.0,6.0,21.0,22.0,3.0,2.0
346.0,5.0,1.0,6.0,21.0,12.0,3.0,4.0
346.0,6.0,1.0,6.0,21.0,22.0,4.0,1.0
346.0,7.0,1.0,6.0,21.0,12.0,5.0,4.0
346.0,8.0,1.0,6.0,21.0,22.0,3.0,3.0
346.0,9.0,1.0,6.0,21.0,22.0,4.0,11.0
346.0,10.0,1.0,6.0,92.0,12.0,5.0,6.0
346.0,11.0,1.0,6.0,21.0,12.0,5.0,1.0
346.0,12.0,1.0,6.0,14.0,22.0,4.0,1.0
346.0,13.0,1.0,6.0,13.0,22.0,3.0,1.0
346.0,14.0,1.0,6.0,21.0,22.0,5.0,4.0
346.0,15.0,1.0,6.0,21.0,22.0,4.0,3.0
346.0,16.0,1.0,6.0,21.0,22.0,4.0,1.0
346.0,17.0,1.0,6.0,14.0,22.0,4.0,3.0
346.0,18.0,1.0,6.0,92.0,12.0,4.0,2.0
346.0,19.0,1.0,6.0,,,,
346.0,20.0,1.0,6.0,92.0,22.0,5.0,1.0
347.0,1.0,1.0,6.0,92.0,22.0,5.0,1.0
347.0,2.0,1.0,6.0,92.0,12.0,5.0,5.0
347.0,3.0,1.0,6.0,21.0,22.0,5.0,2.0
347.0,4.0,1.0,6.0,13.0,22.0,4.0,10.0
347.0,5.0,1.0,6.0,13.0,22.0,5.0,3.0
347.0,6.0,1.0,6.0,92.0,22.0,5.0,1.0
347.0,7.0,1.0,6.0,21.0,22.0,3.0,5.0
347.0,8.0,1.0,6.0,21.0,22.0,4.0,2.0
347.0,9.0,1.0,6.0,,,,
347.0,10.0,1.0,6.0,,,,
347.0,11.0,1.0,6.0,21.0,12.0,5.0,1.0
347.0,12.0,1.0,6.0,,,,
347.0,13.0,1.0,6.0,13.0,22.0,4.0,6.0
347.0,14.0,1.0,6.0,92.0,22.0,5.0,4.0
347.0,15.0,1.0,6.0,21.0,22.0,4.0,2.0
347.0,16.0,1.0,6.0,21.0,22.0,4.0,7.0
347.0,17.0,1.0,6.0,14.0,22.0,3.0,4.0
347.0,18.0,1.0,6.0,13.0,12.0,4.0,2.0
347.0,19.0,1.0,6.0,14.0,22.0,4.0,5.0
347.0,20.0,1.0,6.0,21.0,22.0,4.0,3.0
348.0,1.0,1.0,6.0,92.0,12.0,5.0,4.0
348.0,2.0,1.0,6.0,14.0,12.0,5.0,1.0
348.0,3.0,1.0,6.0,14.0,21.0,3.0,7.0
348.0,4.0,1.0,6.0,12.0,12.0,3.0,5.0
348.0,5.0,1.0,6.0,13.0,23.0,4.0,1.0
348.0,6.0,1.0,6.0,,,,
348.0,7.0,1.0,6.0,13.0,13.0,5.0,4.0
348.0,8.0,1.0,6.0,13.0,23.0,5.0,2.0
348.0,9.0,1.0,6.0,14.0,12.0,5.0,5.0
348.0,10.0,1.0,6.0,14.0,22.0,4.0,2.0
348.0,11.0,1.0,6.0,,,,
348.0,12.0,1.0,6.0,12.0,22.0,5.0,5.0
348.0,13.0,1.0,6.0,21.0,12.0,4.0,6.0
348.0,14.0,1.0,6.0,,,,
348.0,15.0,1.0,6.0,91.0,12.0,4.0,1.0
348.0,16.0,1.0,6.0,14.0,22.0,4.0,5.0
348.0,17.0,1.0,6.0,91.0,12.0,5.0,5.0
348.0,18.0,1.0,6.0,12.0,12.0,5.0,4.0
348.0,19.0,1.0,6.0,12.0,12.0,5.0,14.0
348.0,20.0,1.0,6.0,92.0,12.0,4.0,1.0
349.0,1.0,1.0,6.0,,,,
349.0,2.0,1.0,6.0,13.0,22.0,5.0,2.0
349.0,3.0,1.0,6.0,14.0,12.0,4.0,8.0
349.0,4.0,1.0,6.0,14.0,12.0,5.0,1.0
349.0,5.0,1.0,6.0,21.0,12.0,4.0,4.0
349.0,6.0,1.0,6.0,32.0,22.0,4.0,1.0
349.0,7.0,1.0,6.0,14.0,12.0,5.0,4.0
349.0,8.0,1.0,6.0,,,,
349.0,9.0,1.0,6.0,14.0,12.0,4.0,1.0
349.0,10.0,1.0,6.0,32.0,22.0,5.0,1.0
349.0,11.0,1.0,6.0,14.0,21.0,5.0,2.0
349.0,12.0,1.0,6.0,14.0,12.0,4.0,6.0
349.0,13.0,1.0,6.0,14.0,21.0,5.0,3.0
349.0,14.0,1.0,6.0,13.0,23.0,5.0,6.0
349.0,15.0,1.0,6.0,13.0,12.0,4.0,4.0
349.0,16.0,1.0,6.0,14.0,22.0,4.0,2.0
349.0,17.0,1.0,6.0,31.0,22.0,4.0,1.0
349.0,18.0,1.0,6.0,14.0,12.0,4.0,4.0
349.0,19.0,1.0,6.0,13.0,12.0,4.0,7.0
349.0,20.0,1.0,6.0,12.0,12.0,5.0,1.0
350.0,1.0,1.0,6.0,14.0,22.0,3.0,2.0
350.0,2.0,1.0,6.0,14.0,12.0,4.0,6.0
350.0,3.0,1.0,6.0,13.0,13.0,4.0,7.0
350.0,4.0,1.0,6.0,13.0,22.0,3.0,3.0
350.0,5.0,1.0,6.0,,,,
350.0,6.0,1.0,6.0,,,,
350.0,7.0,1.0,6.0,12.0,22.0,4.0,3.0
350.0,8.0,1.0,6.0,13.0,22.0,4.0,5.0
350.0,9.0,1.0,6.0,13.0,13.0,3.0,1.0
350.0,10.0,1.0,6.0,14.0,12.0,4.0,3.0
350.0,11.0,1.0,6.0,,,,
350.0,12.0,1.0,6.0,31.0,22.0,4.0,4.0
350.0,13.0,1.0,6.0,21.0,22.0,4.0,1.0
350.0,14.0,1.0,6.0,12.0,12.0,5.0,7.0
350.0,15.0,1.0,6.0,,,,
350.0,16.0,1.0,6.0,12.0,22.0,5.0,1.0
350.0,17.0,1.0,6.0,,,,
350.0,18.0,1.0,6.0,14.0,12.0,5.0,3.0
350.0,19.0,1.0,6.0,14.0,14.0,4.0,10.0
350.0,20.0,1.0,6.0,13.0,22.0,5.0,1.0
351.0,1.0,1.0,6.0,12.0,13.0,5.0,3.0
351.0,2.0,1.0,6.0,11.0,12.0,5.0,4.0
351.0,3.0,1.0,6.0,92.0,12.0,5.0,1.0
351.0,4.0,1.0,6.0,13.0,13.0,5.0,3.0
351.0,5.0,1.0,6.0,13.0,13.0,4.0,1.0
351.0,6.0,1.0,6.0,11.0,13.0,5.0,5.0
351.0,7.0,1.0,6.0,12.0,22.0,4.0,6.0
351.0,8.0,1.0,6.0,12.0,22.0,4.0,3.0
351.0,9.0,1.0,6.0,14.0,12.0,5.0,1.0
351.0,10.0,1.0,6.0,14.0,12.0,5.0,1.0
351.0,11.0,1.0,6.0,13.0,22.0,4.0,5.0
351.0,12.0,1.0,6.0,13.0,22.0,4.0,2.0
351.0,13.0,1.0,6.0,12.0,12.0,5.0,1.0
351.0,14.0,1.0,6.0,14.0,12.0,5.0,3.0
351.0,15.0,1.0,6.0,12.0,22.0,5.0,1.0
351.0,16.0,1.0,6.0,12.0,12.0,5.0,6.0
351.0,17.0,1.0,6.0,12.0,13.0,5.0,3.0
351.0,18.0,1.0,6.0,12.0,12.0,5.0,7.0
351.0,19.0,1.0,6.0,14.0,12.0,5.0,2.0
351.0,20.0,1.0,6.0,14.0,22.0,5.0,1.0
352.0,1.0,1.0,6.0,21.0,22.0,4.0,8.0
352.0,2.0,1.0,6.0,92.0,12.0,5.0,1.0
352.0,3.0,1.0,6.0,11.0,23.0,5.0,6.0
352.0,4.0,1.0,6.0,13.0,12.0,5.0,1.0
352.0,5.0,1.0,6.0,92.0,12.0,5.0,1.0
352.0,6.0,1.0,6.0,,,,
352.0,7.0,1.0,6.0,92.0,22.0,4.0,2.0
352.0,8.0,1.0,6.0,92.0,12.0,4.0,2.0
352.0,9.0,1.0,6.0,11.0,12.0,5.0,10.0
352.0,10.0,1.0,6.0,21.0,22.0,5.0,5.0
352.0,11.0,1.0,6.0,12.0,12.0,5.0,6.0
352.0,12.0,1.0,6.0,92.0,12.0,5.0,3.0
352.0,13.0,1.0,6.0,21.0,12.0,5.0,1.0
352.0,14.0,1.0,6.0,92.0,12.0,4.0,2.0
352.0,15.0,1.0,6.0,92.0,12.0,5.0,2.0
352.0,16.0,1.0,6.0,92.0,12.0,5.0,2.0
352.0,17.0,1.0,6.0,11.0,12.0,5.0,3.0
352.0,18.0,1.0,6.0,21.0,12.0,5.0,5.0
352.0,19.0,1.0,6.0,92.0,12.0,4.0,1.0
352.0,20.0,1.0,6.0,21.0,12.0,4.0,3.0
353.0,1.0,1.0,6.0,12.0,12.0,5.0,1.0
353.0,2.0,1.0,6.0,92.0,22.0,5.0,1.0
353.0,3.0,1.0,6.0,92.0,21.0,4.0,1.0
353.0,4.0,1.0,6.0,,,,
353.0,5.0,1.0,6.0,,,,
353.0,6.0,1.0,6.0,12.0,12.0,5.0,2.0
353.0,7.0,1.0,6.0,21.0,23.0,4.0,4.0
353.0,8.0,1.0,6.0,14.0,22.0,4.0,2.0
353.0,9.0,1.0,6.0,92.0,12.0,5.0,1.0
353.0,10.0,1.0,6.0,21.0,22.0,4.0,2.0
353.0,11.0,1.0,6.0,,,,
353.0,12.0,1.0,6.0,12.0,12.0,5.0,12.0
353.0,13.0,1.0,6.0,14.0,12.0,5.0,3.0
353.0,14.0,1.0,6.0,14.0,22.0,4.0,1.0
353.0,15.0,1.0,6.0,14.0,21.0,4.0,1.0
353.0,16.0,1.0,6.0,14.0,21.0,4.0,4.0
353.0,17.0,1.0,6.0,31.0,22.0,4.0,4.0
353.0,18.0,1.0,6.0,14.0,22.0,4.0,3.0
353.0,19.0,1.0,6.0,14.0,12.0,5.0,1.0
353.0,20.0,1.0,6.0,92.0,22.0,4.0,1.0
354.0,1.0,1.0,6.0,12.0,12.0,5.0,1.0
354.0,2.0,1.0,6.0,21.0,22.0,4.0,5.0
354.0,3.0,1.0,6.0,11.0,12.0,5.0,2.0
354.0,4.0,1.0,6.0,21.0,23.0,3.0,2.0
354.0,5.0,1.0,6.0,92.0,12.0,5.0,1.0
354.0,6.0,1.0,6.0,92.0,12.0,5.0,5.0
354.0,7.0,1.0,6.0,21.0,13.0,4.0,7.0
354.0,8.0,1.0,6.0,14.0,21.0,4.0,6.0
354.0,9.0,1.0,6.0,14.0,21.0,5.0,1.0
354.0,10.0,1.0,6.0,12.0,22.0,5.0,5.0
354.0,11.0,1.0,6.0,12.0,12.0,4.0,2.0
354.0,12.0,1.0,6.0,21.0,22.0,4.0,3.0
354.0,13.0,1.0,6.0,92.0,12.0,5.0,1.0
354.0,14.0,1.0,6.0,12.0,22.0,5.0,8.0
354.0,15.0,1.0,6.0,21.0,21.0,4.0,4.0
354.0,16.0,1.0,6.0,12.0,22.0,4.0,11.0
354.0,17.0,1.0,6.0,92.0,22.0,5.0,2.0
354.0,18.0,1.0,6.0,14.0,13.0,5.0,3.0
354.0,19.0,1.0,6.0,21.0,12.0,3.0,4.0
354.0,20.0,1.0,6.0,21.0,22.0,4.0,1.0
355.0,1.0,1.0,6.0,11.0,12.0,5.0,1.0
355.0,2.0,1.0,6.0,91.0,12.0,5.0,6.0
355.0,3.0,1.0,6.0,21.0,22.0,4.0,5.0
355.0,4.0,1.0,6.0,12.0,12.0,5.0,4.0
355.0,5.0,1.0,6.0,12.0,12.0,5.0,6.0
355.0,6.0,1.0,6.0,21.0,23.0,4.0,5.0
355.0,7.0,1.0,6.0,14.0,22.0,5.0,4.0
355.0,8.0,1.0,6.0,21.0,12.0,4.0,6.0
355.0,9.0,1.0,6.0,21.0,12.0,5.0,5.0
355.0,10.0,1.0,6.0,12.0,12.0,5.0,3.0
355.0,11.0,1.0,6.0,21.0,22.0,3.0,4.0
355.0,12.0,1.0,6.0,21.0,22.0,4.0,4.0
355.0,13.0,1.0,6.0,92.0,12.0,5.0,1.0
355.0,14.0,1.0,6.0,14.0,21.0,5.0,4.0
355.0,15.0,1.0,6.0,14.0,21.0,5.0,3.0
355.0,16.0,1.0,6.0,21.0,13.0,4.0,4.0
355.0,17.0,1.0,6.0,21.0,22.0,4.0,4.0
355.0,18.0,1.0,6.0,12.0,22.0,5.0,1.0
355.0,19.0,1.0,6.0,21.0,22.0,4.0,4.0
355.0,20.0,1.0,6.0,,,,
356.0,1.0,1.0,6.0,,,,
356.0,2.0,1.0,6.0,21.0,12.0,5.0,2.0
356.0,3.0,1.0,6.0,13.0,22.0,4.0,4.0
356.0,4.0,1.0,6.0,14.0,21.0,4.0,1.0
356.0,5.0,1.0,6.0,,,,
356.0,6.0,1.0,6.0,11.0,12.0,5.0,5.0
356.0,7.0,1.0,6.0,,,,
356.0,8.0,1.0,6.0,12.0,12.0,5.0,2.0
356.0,9.0,1.0,6.0,11.0,12.0,5.0,1.0
356.0,10.0,1.0,6.0,21.0,21.0,5.0,1.0
356.0,11.0,1.0,6.0,92.0,12.0,5.0,2.0
356.0,12.0,1.0,6.0,92.0,22.0,5.0,2.0
356.0,13.0,1.0,6.0,13.0,22.0,3.0,1.0
356.0,14.0,1.0,6.0,11.0,12.0,5.0,5.0
356.0,15.0,1.0,6.0,21.0,12.0,5.0,3.0
356.0,16.0,1.0,6.0,13.0,12.0,5.0,1.0
356.0,17.0,1.0,6.0,12.0,12.0,4.0,1.0
356.0,18.0,1.0,6.0,12.0,12.0,5.0,1.0
356.0,19.0,1.0,6.0,21.0,12.0,4.0,1.0
356.0,20.0,1.0,6.0,,,,
357.0,1.0,1.0,6.0,92.0,12.0,5.0,10.0
357.0,2.0,1.0,6.0,21.0,12.0,5.0,4.0
357.0,3.0,1.0,6.0,11.0,12.0,4.0,1.0
357.0,4.0,1.0,6.0,21.0,22.0,4.0,5.0
357.0,5.0,1.0,6.0,21.0,22.0,5.0,4.0
357.0,6.0,1.0,6.0,21.0,12.0,5.0,2.0
357.0,7.0,1.0,6.0,21.0,12.0,5.0,2.0
357.0,8.0,1.0,6.0,21.0,12.0,5.0,1.0
357.0,9.0,1.0,6.0,11.0,12.0,5.0,4.0
357.0,10.0,1.0,6.0,11.0,12.0,5.0,5.0
357.0,11.0,1.0,6.0,12.0,12.0,5.0,4.0
357.0,12.0,1.0,6.0,92.0,12.0,5.0,5.0
357.0,13.0,1.0,6.0,,,,
357.0,14.0,1.0,6.0,91.0,12.0,5.0,3.0
357.0,15.0,1.0,6.0,,,,
357.0,16.0,1.0,6.0,21.0,22.0,4.0,5.0
357.0,17.0,1.0,6.0,21.0,12.0,5.0,4.0
357.0,18.0,1.0,6.0,21.0,12.0,5.0,4.0
357.0,19.0,1.0,6.0,21.0,12.0,5.0,4.0
357.0,20.0,1.0,6.0,21.0,12.0,5.0,1.0
358.0,1.0,1.0,6.0,92.0,12.0,5.0,9.0
358.0,2.0,1.0,6.0,12.0,12.0,5.0,6.0
358.0,3.0,1.0,6.0,21.0,12.0,5.0,5.0
358.0,4.0,1.0,6.0,92.0,12.0,5.0,1.0
358.0,5.0,1.0,6.0,12.0,12.0,5.0,5.0
358.0,6.0,1.0,6.0,92.0,22.0,5.0,3.0
358.0,7.0,1.0,6.0,92.0,12.0,5.0,1.0
358.0,8.0,1.0,6.0,,,,
358.0,9.0,1.0,6.0,11.0,12.0,4.0,4.0
358.0,10.0,1.0,6.0,21.0,12.0,5.0,4.0
358.0,11.0,1.0,6.0,21.0,21.0,5.0,2.0
358.0,12.0,1.0,6.0,12.0,12.0,5.0,2.0
358.0,13.0,1.0,6.0,92.0,12.0,5.0,1.0
358.0,14.0,1.0,6.0,21.0,12.0,4.0,4.0
358.0,15.0,1.0,6.0,21.0,12.0,5.0,3.0
358.0,16.0,1.0,6.0,11.0,12.0,5.0,6.0
358.0,17.0,1.0,6.0,92.0,12.0,5.0,4.0
358.0,18.0,1.0,6.0,21.0,12.0,5.0,3.0
358.0,19.0,1.0,6.0,21.0,12.0,5.0,4.0
358.0,20.0,1.0,6.0,92.0,12.0,5.0,2.0
359.0,1.0,1.0,6.0,11.0,12.0,5.0,5.0
359.0,2.0,1.0,6.0,,,,
359.0,3.0,1.0,6.0,11.0,12.0,5.0,2.0
359.0,4.0,1.0,6.0,,,,
359.0,5.0,1.0,6.0,11.0,12.0,5.0,4.0
359.0,6.0,1.0,6.0,,,,
359.0,7.0,1.0,6.0,12.0,12.0,5.0,6.0
359.0,8.0,1.0,6.0,12.0,22.0,5.0,7.0
359.0,9.0,1.0,6.0,21.0,23.0,4.0,4.0
359.0,10.0,1.0,6.0,12.0,12.0,5.0,5.0
359.0,11.0,1.0,6.0,,,,
359.0,12.0,1.0,6.0,21.0,12.0,4.0,5.0
359.0,13.0,1.0,6.0,12.0,12.0,5.0,3.0
359.0,14.0,1.0,6.0,11.0,12.0,5.0,6.0
359.0,15.0,1.0,6.0,,,,
359.0,16.0,1.0,6.0,21.0,95.0,4.0,1.0
359.0,17.0,1.0,6.0,21.0,23.0,5.0,1.0
359.0,18.0,1.0,6.0,,,,
359.0,19.0,1.0,6.0,21.0,23.0,3.0,5.0
359.0,20.0,1.0,6.0,,,,
360.0,1.0,1.0,6.0,11.0,12.0,5.0,6.0
360.0,2.0,1.0,6.0,21.0,12.0,5.0,5.0
360.0,3.0,1.0,6.0,11.0,22.0,5.0,1.0
360.0,4.0,1.0,6.0,92.0,12.0,5.0,5.0
360.0,5.0,1.0,6.0,21.0,12.0,5.0,8.0
360.0,6.0,1.0,6.0,21.0,12.0,5.0,2.0
360.0,7.0,1.0,6.0,12.0,12.0,5.0,4.0
360.0,8.0,1.0,6.0,12.0,12.0,3.0,1.0
360.0,9.0,1.0,6.0,11.0,22.0,5.0,1.0
360.0,10.0,1.0,6.0,,,,
360.0,11.0,1.0,6.0,21.0,12.0,4.0,2.0
360.0,12.0,1.0,6.0,21.0,12.0,5.0,6.0
360.0,13.0,1.0,6.0,11.0,12.0,5.0,8.0
360.0,14.0,1.0,6.0,21.0,12.0,4.0,2.0
360.0,15.0,1.0,6.0,,,,
360.0,16.0,1.0,6.0,11.0,12.0,5.0,5.0
360.0,17.0,1.0,6.0,21.0,12.0,5.0,2.0
360.0,18.0,1.0,6.0,21.0,12.0,4.0,18.0
360.0,19.0,1.0,6.0,21.0,23.0,5.0,5.0
360.0,20.0,1.0,6.0,21.0,12.0,4.0,4.0
361.0,1.0,1.0,7.0,,,,
361.0,2.0,1.0,7.0,21.0,12.0,4.0,1.0
361.0,3.0,1.0,7.0,92.0,12.0,5.0,2.0
361.0,4.0,1.0,7.0,,,,
361.0,5.0,1.0,7.0,,,,
361.0,6.0,1.0,7.0,,,,
361.0,7.0,1.0,7.0,11.0,22.0,5.0,3.0
361.0,8.0,1.0,7.0,92.0,12.0,5.0,1.0
361.0,9.0,1.0,7.0,21.0,12.0,4.0,5.0
361.0,10.0,1.0,7.0,21.0,12.0,5.0,2.0
361.0,11.0,1.0,7.0,21.0,22.0,3.0,3.0
361.0,12.0,1.0,7.0,92.0,12.0,5.0,5.0
361.0,13.0,1.0,7.0,21.0,22.0,4.0,7.0
361.0,14.0,1.0,7.0,,,,
361.0,15.0,1.0,7.0,21.0,22.0,4.0,3.0
361.0,16.0,1.0,7.0,21.0,12.0,5.0,2.0
361.0,17.0,1.0,7.0,21.0,12.0,5.0,5.0
361.0,18.0,1.0,7.0,21.0,22.0,5.0,7.0
361.0,19.0,1.0,7.0,,,,
361.0,20.0,1.0,7.0,13.0,12.0,5.0,3.0
362.0,1.0,1.0,7.0,21.0,23.0,4.0,5.0
362.0,2.0,1.0,7.0,,,,
362.0,3.0,1.0,7.0,,,,
362.0,4.0,1.0,7.0,41.0,12.0,4.0,1.0
362.0,5.0,1.0,7.0,92.0,12.0,5.0,3.0
362.0,6.0,1.0,7.0,92.0,12.0,5.0,5.0
362.0,7.0,1.0,7.0,12.0,12.0,5.0,3.0
362.0,8.0,1.0,7.0,21.0,12.0,5.0,3.0
362.0,9.0,1.0,7.0,,,,
362.0,10.0,1.0,7.0,21.0,95.0,4.0,4.0
362.0,11.0,1.0,7.0,13.0,22.0,4.0,4.0
362.0,12.0,1.0,7.0,,,,
362.0,13.0,1.0,7.0,31.0,12.0,3.0,7.0
362.0,14.0,1.0,7.0,31.0,22.0,4.0,3.0
362.0,15.0,1.0,7.0,21.0,22.0,4.0,4.0
362.0,16.0,1.0,7.0,92.0,12.0,5.0,2.0
362.0,17.0,1.0,7.0,,,,
362.0,18.0,1.0,7.0,21.0,22.0,4.0,3.0
362.0,19.0,1.0,7.0,31.0,12.0,5.0,2.0
362.0,20.0,1.0,7.0,21.0,12.0,4.0,1.0
363.0,1.0,1.0,7.0,,,,
363.0,2.0,1.0,7.0,,,,
363.0,3.0,1.0,7.0,13.0,13.0,4.0,4.0
363.0,4.0,1.0,7.0,21.0,12.0,4.0,1.0
363.0,5.0,1.0,7.0,92.0,12.0,5.0,3.0
363.0,6.0,1.0,7.0,31.0,12.0,5.0,4.0
363.0,7.0,1.0,7.0,21.0,12.0,5.0,6.0
363.0,8.0,1.0,7.0,21.0,22.0,4.0,4.0
363.0,9.0,1.0,7.0,21.0,22.0,4.0,8.0
363.0,10.0,1.0,7.0,,,,
363.0,11.0,1.0,7.0,21.0,22.0,4.0,4.0
363.0,12.0,1.0,7.0,,,,
363.0,13.0,1.0,7.0,13.0,22.0,4.0,2.0
363.0,14.0,1.0,7.0,14.0,22.0,3.0,2.0
363.0,15.0,1.0,7.0,11.0,12.0,5.0,8.0
363.0,16.0,1.0,7.0,32.0,22.0,4.0,7.0
363.0,17.0,1.0,7.0,14.0,12.0,5.0,5.0
363.0,18.0,1.0,7.0,31.0,22.0,5.0,6.0
363.0,19.0,1.0,7.0,31.0,22.0,4.0,5.0
363.0,20.0,1.0,7.0,21.0,12.0,4.0,2.0
364.0,1.0,1.0,7.0,21.0,22.0,5.0,1.0
364.0,2.0,1.0,7.0,11.0,12.0,5.0,2.0
364.0,3.0,1.0,7.0,,,,
364.0,4.0,1.0,7.0,,,,
364.0,5.0,1.0,7.0,12.0,12.0,5.0,1.0
364.0,6.0,1.0,7.0,14.0,22.0,3.0,4.0
364.0,7.0,1.0,7.0,92.0,22.0,5.0,1.0
364.0,8.0,1.0,7.0,92.0,12.0,5.0,1.0
364.0,9.0,1.0,7.0,21.0,12.0,5.0,7.0
364.0,10.0,1.0,7.0,21.0,22.0,3.0,2.0
364.0,11.0,1.0,7.0,11.0,12.0,5.0,7.0
364.0,12.0,1.0,7.0,92.0,12.0,5.0,1.0
364.0,13.0,1.0,7.0,92.0,12.0,5.0,3.0
364.0,14.0,1.0,7.0,21.0,12.0,4.0,2.0
364.0,15.0,1.0,7.0,92.0,12.0,4.0,1.0
364.0,16.0,1.0,7.0,21.0,22.0,5.0,1.0
364.0,17.0,1.0,7.0,14.0,12.0,4.0,6.0
364.0,18.0,1.0,7.0,21.0,12.0,4.0,3.0
364.0,19.0,1.0,7.0,92.0,12.0,5.0,1.0
364.0,20.0,1.0,7.0,21.0,22.0,3.0,3.0
365.0,1.0,1.0,7.0,21.0,12.0,5.0,5.0
365.0,2.0,1.0,7.0,21.0,12.0,5.0,1.0
365.0,3.0,1.0,7.0,21.0,22.0,4.0,4.0
365.0,4.0,1.0,7.0,92.0,22.0,5.0,1.0
365.0,5.0,1.0,7.0,21.0,12.0,5.0,8.0
365.0,6.0,1.0,7.0,21.0,22.0,5.0,5.0
365.0,7.0,1.0,7.0,,,,
365.0,8.0,1.0,7.0,21.0,12.0,5.0,3.0
365.0,9.0,1.0,7.0,21.0,12.0,5.0,2.0
365.0,10.0,1.0,7.0,21.0,22.0,4.0,1.0
365.0,11.0,1.0,7.0,21.0,22.0,3.0,6.0
365.0,12.0,1.0,7.0,,,,
365.0,13.0,1.0,7.0,21.0,12.0,5.0,5.0
365.0,14.0,1.0,7.0,92.0,12.0,5.0,1.0
365.0,15.0,1.0,7.0,92.0,12.0,5.0,5.0
365.0,16.0,1.0,7.0,21.0,23.0,3.0,4.0
365.0,17.0,1.0,7.0,21.0,12.0,5.0,5.0
365.0,18.0,1.0,7.0,21.0,22.0,4.0,3.0
365.0,19.0,1.0,7.0,31.0,22.0,5.0,6.0
365.0,20.0,1.0,7.0,21.0,22.0,4.0,6.0
366.0,1.0,1.0,7.0,32.0,22.0,4.0,3.0
366.0,2.0,1.0,7.0,21.0,95.0,3.0,3.0
366.0,3.0,1.0,7.0,21.0,51.0,5.0,2.0
366.0,4.0,1.0,7.0,11.0,12.0,5.0,5.0
366.0,5.0,1.0,7.0,21.0,51.0,3.0,5.0
366.0,6.0,1.0,7.0,,,,
366.0,7.0,1.0,7.0,32.0,95.0,3.0,2.0
366.0,8.0,1.0,7.0,21.0,95.0,4.0,7.0
366.0,9.0,1.0,7.0,14.0,12.0,5.0,4.0
366.0,10.0,1.0,7.0,32.0,22.0,3.0,1.0
366.0,11.0,1.0,7.0,21.0,22.0,4.0,5.0
366.0,12.0,1.0,7.0,,,,
366.0,13.0,1.0,7.0,21.0,12.0,3.0,6.0
366.0,14.0,1.0,7.0,,,,
366.0,15.0,1.0,7.0,92.0,22.0,5.0,1.0
366.0,16.0,1.0,7.0,,,,
366.0,17.0,1.0,7.0,92.0,12.0,5.0,5.0
366.0,18.0,1.0,7.0,14.0,12.0,5.0,5.0
366.0,19.0,1.0,7.0,21.0,22.0,3.0,5.0
366.0,20.0,1.0,7.0,92.0,12.0,5.0,5.0
367.0,1.0,1.0,7.0,92.0,12.0,5.0,1.0
367.0,2.0,1.0,7.0,21.0,12.0,5.0,6.0
367.0,3.0,1.0,7.0,32.0,23.0,3.0,1.0
367.0,4.0,1.0,7.0,21.0,51.0,3.0,3.0
367.0,5.0,1.0,7.0,21.0,22.0,4.0,1.0
367.0,6.0,1.0,7.0,11.0,12.0,5.0,4.0
367.0,7.0,1.0,7.0,14.0,23.0,3.0,4.0
367.0,8.0,1.0,7.0,13.0,13.0,5.0,6.0
367.0,9.0,1.0,7.0,21.0,12.0,5.0,5.0
367.0,10.0,1.0,7.0,92.0,12.0,5.0,3.0
367.0,11.0,1.0,7.0,92.0,13.0,5.0,2.0
367.0,12.0,1.0,7.0,96.0,12.0,5.0,2.0
367.0,13.0,1.0,7.0,92.0,13.0,5.0,8.0
367.0,14.0,1.0,7.0,,,,
367.0,15.0,1.0,7.0,92.0,13.0,5.0,4.0
367.0,16.0,1.0,7.0,21.0,22.0,2.0,3.0
367.0,17.0,1.0,7.0,13.0,22.0,4.0,5.0
367.0,18.0,1.0,7.0,21.0,12.0,5.0,5.0
367.0,19.0,1.0,7.0,,,,
367.0,20.0,1.0,7.0,92.0,12.0,5.0,4.0
368.0,1.0,1.0,7.0,13.0,22.0,4.0,3.0
368.0,2.0,1.0,7.0,32.0,23.0,4.0,6.0
368.0,3.0,1.0,7.0,92.0,13.0,5.0,7.0
368.0,4.0,1.0,7.0,92.0,13.0,5.0,2.0
368.0,5.0,1.0,7.0,14.0,22.0,4.0,3.0
368.0,6.0,1.0,7.0,21.0,95.0,3.0,5.0
368.0,7.0,1.0,7.0,21.0,12.0,5.0,4.0
368.0,8.0,1.0,7.0,21.0,22.0,3.0,1.0
368.0,9.0,1.0,7.0,,,,
368.0,10.0,1.0,7.0,92.0,12.0,5.0,6.0
368.0,11.0,1.0,7.0,21.0,12.0,5.0,4.0
368.0,12.0,1.0,7.0,31.0,12.0,5.0,2.0
368.0,13.0,1.0,7.0,21.0,22.0,5.0,7.0
368.0,14.0,1.0,7.0,92.0,22.0,5.0,1.0
368.0,15.0,1.0,7.0,,,,
368.0,16.0,1.0,7.0,,,,
368.0,17.0,1.0,7.0,92.0,12.0,5.0,9.0
368.0,18.0,1.0,7.0,21.0,12.0,4.0,3.0
368.0,19.0,1.0,7.0,21.0,12.0,5.0,4.0
368.0,20.0,1.0,7.0,,,,
369.0,1.0,1.0,7.0,92.0,12.0,5.0,2.0
369.0,2.0,1.0,7.0,,,,
369.0,3.0,1.0,7.0,92.0,12.0,5.0,5.0
369.0,4.0,1.0,7.0,,,,
369.0,5.0,1.0,7.0,21.0,12.0,5.0,4.0
369.0,6.0,1.0,7.0,21.0,23.0,4.0,2.0
369.0,7.0,1.0,7.0,92.0,22.0,3.0,3.0
369.0,8.0,1.0,7.0,92.0,12.0,5.0,1.0
369.0,9.0,1.0,7.0,91.0,12.0,5.0,6.0
369.0,10.0,1.0,7.0,,,,
369.0,11.0,1.0,7.0,11.0,12.0,5.0,3.0
369.0,12.0,1.0,7.0,21.0,12.0,4.0,5.0
369.0,13.0,1.0,7.0,11.0,12.0,5.0,5.0
369.0,14.0,1.0,7.0,21.0,22.0,4.0,2.0
369.0,15.0,1.0,7.0,11.0,12.0,5.0,2.0
369.0,16.0,1.0,7.0,14.0,22.0,4.0,3.0
369.0,17.0,1.0,7.0,21.0,12.0,4.0,3.0
369.0,18.0,1.0,7.0,21.0,12.0,5.0,3.0
369.0,19.0,1.0,7.0,92.0,12.0,5.0,4.0
369.0,20.0,1.0,7.0,21.0,12.0,5.0,1.0
370.0,1.0,1.0,7.0,,,,
370.0,2.0,1.0,7.0,21.0,23.0,5.0,6.0
370.0,3.0,1.0,7.0,14.0,22.0,5.0,4.0
370.0,4.0,1.0,7.0,,,,
370.0,5.0,1.0,7.0,,,,
370.0,6.0,1.0,7.0,,,,
370.0,7.0,1.0,7.0,,,,
370.0,8.0,1.0,7.0,14.0,23.0,4.0,4.0
370.0,9.0,1.0,7.0,92.0,22.0,3.0,2.0
370.0,10.0,1.0,7.0,21.0,12.0,4.0,3.0
370.0,11.0,1.0,7.0,21.0,22.0,4.0,1.0
370.0,12.0,1.0,7.0,,,,
370.0,13.0,1.0,7.0,13.0,13.0,5.0,7.0
370.0,14.0,1.0,7.0,92.0,12.0,5.0,9.0
370.0,15.0,1.0,7.0,14.0,12.0,5.0,6.0
370.0,16.0,1.0,7.0,11.0,22.0,5.0,4.0
370.0,17.0,1.0,7.0,,,,
370.0,18.0,1.0,7.0,21.0,22.0,4.0,1.0
370.0,19.0,1.0,7.0,,,,
370.0,20.0,1.0,7.0,14.0,12.0,4.0,11.0
371.0,1.0,1.0,7.0,13.0,22.0,5.0,1.0
371.0,2.0,1.0,7.0,21.0,22.0,4.0,4.0
371.0,3.0,1.0,7.0,21.0,12.0,5.0,2.0
371.0,4.0,1.0,7.0,92.0,12.0,5.0,3.0
371.0,5.0,1.0,7.0,21.0,12.0,5.0,2.0
371.0,6.0,1.0,7.0,12.0,12.0,5.0,11.0
371.0,7.0,1.0,7.0,92.0,12.0,4.0,5.0
371.0,8.0,1.0,7.0,21.0,22.0,5.0,1.0
371.0,9.0,1.0,7.0,21.0,12.0,4.0,7.0
371.0,10.0,1.0,7.0,92.0,12.0,5.0,2.0
371.0,11.0,1.0,7.0,21.0,12.0,5.0,8.0
371.0,12.0,1.0,7.0,92.0,12.0,5.0,3.0
371.0,13.0,1.0,7.0,11.0,12.0,5.0,6.0
371.0,14.0,1.0,7.0,92.0,22.0,4.0,3.0
371.0,15.0,1.0,7.0,92.0,12.0,5.0,4.0
371.0,16.0,1.0,7.0,21.0,12.0,5.0,3.0
371.0,17.0,1.0,7.0,21.0,22.0,3.0,6.0
371.0,18.0,1.0,7.0,21.0,22.0,5.0,3.0
371.0,19.0,1.0,7.0,12.0,12.0,5.0,2.0
371.0,20.0,1.0,7.0,21.0,12.0,4.0,3.0
372.0,1.0,1.0,7.0,21.0,12.0,4.0,2.0
372.0,2.0,1.0,7.0,,,,
372.0,3.0,1.0,7.0,12.0,22.0,5.0,3.0
372.0,4.0,1.0,7.0,92.0,12.0,5.0,2.0
372.0,5.0,1.0,7.0,21.0,12.0,5.0,4.0
372.0,6.0,1.0,7.0,21.0,22.0,4.0,5.0
372.0,7.0,1.0,7.0,21.0,12.0,4.0,5.0
372.0,8.0,1.0,7.0,21.0,22.0,5.0,5.0
372.0,9.0,1.0,7.0,21.0,22.0,4.0,5.0
372.0,10.0,1.0,7.0,,,,
372.0,11.0,1.0,7.0,21.0,12.0,5.0,2.0
372.0,12.0,1.0,7.0,92.0,22.0,5.0,1.0
372.0,13.0,1.0,7.0,21.0,12.0,5.0,1.0
372.0,14.0,1.0,7.0,21.0,12.0,5.0,1.0
372.0,15.0,1.0,7.0,21.0,12.0,5.0,3.0
372.0,16.0,1.0,7.0,,,,
372.0,17.0,1.0,7.0,11.0,12.0,5.0,1.0
372.0,18.0,1.0,7.0,,,,
372.0,19.0,1.0,7.0,21.0,12.0,5.0,2.0
372.0,20.0,1.0,7.0,21.0,22.0,4.0,9.0
373.0,1.0,1.0,7.0,11.0,12.0,5.0,7.0
373.0,2.0,1.0,7.0,21.0,22.0,4.0,5.0
373.0,3.0,1.0,7.0,11.0,12.0,5.0,9.0
373.0,4.0,1.0,7.0,21.0,12.0,3.0,2.0
373.0,5.0,1.0,7.0,21.0,12.0,5.0,3.0
373.0,6.0,1.0,7.0,21.0,22.0,4.0,6.0
373.0,7.0,1.0,7.0,92.0,12.0,5.0,5.0
373.0,8.0,1.0,7.0,13.0,22.0,5.0,2.0
373.0,9.0,1.0,7.0,12.0,12.0,5.0,1.0
373.0,10.0,1.0,7.0,,,,
373.0,11.0,1.0,7.0,91.0,12.0,5.0,5.0
373.0,12.0,1.0,7.0,21.0,22.0,4.0,1.0
373.0,13.0,1.0,7.0,21.0,12.0,5.0,4.0
373.0,14.0,1.0,7.0,21.0,23.0,3.0,7.0
373.0,15.0,1.0,7.0,21.0,22.0,3.0,4.0
373.0,16.0,1.0,7.0,92.0,12.0,5.0,1.0
373.0,17.0,1.0,7.0,11.0,12.0,5.0,5.0
373.0,18.0,1.0,7.0,21.0,12.0,3.0,3.0
373.0,19.0,1.0,7.0,92.0,12.0,5.0,1.0
373.0,20.0,1.0,7.0,21.0,12.0,4.0,4.0
374.0,1.0,1.0,7.0,13.0,23.0,4.0,2.0
374.0,2.0,1.0,7.0,21.0,22.0,5.0,3.0
374.0,3.0,1.0,7.0,12.0,12.0,5.0,6.0
374.0,4.0,1.0,7.0,,,,
374.0,5.0,1.0,7.0,21.0,12.0,5.0,9.0
374.0,6.0,1.0,7.0,21.0,12.0,5.0,5.0
374.0,7.0,1.0,7.0,21.0,12.0,5.0,1.0
374.0,8.0,1.0,7.0,11.0,12.0,5.0,4.0
374.0,9.0,1.0,7.0,91.0,12.0,5.0,3.0
374.0,10.0,1.0,7.0,21.0,22.0,3.0,2.0
374.0,11.0,1.0,7.0,21.0,22.0,3.0,5.0
374.0,12.0,1.0,7.0,11.0,12.0,5.0,6.0
374.0,13.0,1.0,7.0,21.0,22.0,3.0,2.0
374.0,14.0,1.0,7.0,21.0,12.0,5.0,2.0
374.0,15.0,1.0,7.0,,,,
374.0,16.0,1.0,7.0,,,,
374.0,17.0,1.0,7.0,21.0,22.0,3.0,3.0
374.0,18.0,1.0,7.0,12.0,12.0,5.0,2.0
374.0,19.0,1.0,7.0,,,,
374.0,20.0,1.0,7.0,21.0,23.0,4.0,2.0
375.0,1.0,1.0,7.0,92.0,12.0,5.0,2.0
375.0,2.0,1.0,7.0,21.0,22.0,4.0,1.0
375.0,3.0,1.0,7.0,21.0,12.0,4.0,5.0
375.0,4.0,1.0,7.0,21.0,23.0,3.0,7.0
375.0,5.0,1.0,7.0,21.0,12.0,5.0,3.0
375.0,6.0,1.0,7.0,21.0,22.0,4.0,4.0
375.0,7.0,1.0,7.0,,,,
375.0,8.0,1.0,7.0,21.0,12.0,4.0,3.0
375.0,9.0,1.0,7.0,21.0,12.0,5.0,4.0
375.0,10.0,1.0,7.0,21.0,23.0,3.0,5.0
375.0,11.0,1.0,7.0,21.0,12.0,4.0,3.0
375.0,12.0,1.0,7.0,,,,
375.0,13.0,1.0,7.0,21.0,12.0,5.0,4.0
375.0,14.0,1.0,7.0,21.0,22.0,5.0,4.0
375.0,15.0,1.0,7.0,92.0,12.0,5.0,3.0
375.0,16.0,1.0,7.0,96.0,12.0,5.0,4.0
375.0,17.0,1.0,7.0,21.0,12.0,5.0,6.0
375.0,18.0,1.0,7.0,21.0,22.0,2.0,6.0
375.0,19.0,1.0,7.0,,,,
375.0,20.0,1.0,7.0,13.0,22.0,3.0,5.0
376.0,1.0,1.0,7.0,91.0,12.0,5.0,6.0
376.0,2.0,1.0,7.0,,,,
376.0,3.0,1.0,7.0,13.0,22.0,5.0,5.0
376.0,4.0,1.0,7.0,,,,
376.0,5.0,1.0,7.0,21.0,23.0,4.0,7.0
376.0,6.0,1.0,7.0,21.0,22.0,4.0,3.0
376.0,7.0,1.0,7.0,92.0,12.0,5.0,2.0
376.0,8.0,1.0,7.0,11.0,12.0,5.0,4.0
376.0,9.0,1.0,7.0,21.0,22.0,4.0,6.0
376.0,10.0,1.0,7.0,,,,
376.0,11.0,1.0,7.0,21.0,12.0,5.0,4.0
376.0,12.0,1.0,7.0,13.0,12.0,5.0,2.0
376.0,13.0,1.0,7.0,21.0,12.0,5.0,6.0
376.0,14.0,1.0,7.0,,,,
376.0,15.0,1.0,7.0,21.0,22.0,5.0,5.0
376.0,16.0,1.0,7.0,,,,
376.0,17.0,1.0,7.0,,,,
376.0,18.0,1.0,7.0,11.0,12.0,5.0,1.0
376.0,19.0,1.0,7.0,21.0,12.0,5.0,3.0
376.0,20.0,1.0,7.0,21.0,22.0,4.0,1.0
377.0,1.0,1.0,7.0,21.0,23.0,5.0,3.0
377.0,2.0,1.0,7.0,13.0,12.0,3.0,6.0
377.0,3.0,1.0,7.0,13.0,12.0,5.0,1.0
377.0,4.0,1.0,7.0,92.0,22.0,5.0,1.0
377.0,5.0,1.0,7.0,21.0,12.0,4.0,2.0
377.0,6.0,1.0,7.0,41.0,12.0,4.0,1.0
377.0,7.0,1.0,7.0,92.0,12.0,5.0,1.0
377.0,8.0,1.0,7.0,91.0,12.0,5.0,1.0
377.0,9.0,1.0,7.0,12.0,12.0,5.0,5.0
377.0,10.0,1.0,7.0,13.0,13.0,3.0,2.0
377.0,11.0,1.0,7.0,21.0,12.0,5.0,7.0
377.0,12.0,1.0,7.0,13.0,12.0,4.0,8.0
377.0,13.0,1.0,7.0,13.0,22.0,5.0,3.0
377.0,14.0,1.0,7.0,92.0,22.0,4.0,1.0
377.0,15.0,1.0,7.0,12.0,12.0,5.0,7.0
377.0,16.0,1.0,7.0,13.0,21.0,5.0,2.0
377.0,17.0,1.0,7.0,13.0,22.0,4.0,6.0
377.0,18.0,1.0,7.0,13.0,23.0,4.0,5.0
377.0,19.0,1.0,7.0,13.0,12.0,3.0,2.0
377.0,20.0,1.0,7.0,92.0,23.0,3.0,4.0
378.0,1.0,1.0,7.0,92.0,21.0,5.0,3.0
378.0,2.0,1.0,7.0,13.0,22.0,5.0,2.0
378.0,3.0,1.0,7.0,13.0,12.0,5.0,6.0
378.0,4.0,1.0,7.0,12.0,12.0,5.0,4.0
378.0,5.0,1.0,7.0,21.0,12.0,5.0,4.0
378.0,6.0,1.0,7.0,13.0,22.0,4.0,5.0
378.0,7.0,1.0,7.0,92.0,12.0,5.0,2.0
378.0,8.0,1.0,7.0,11.0,11.0,5.0,6.0
378.0,9.0,1.0,7.0,,,,
378.0,10.0,1.0,7.0,91.0,12.0,5.0,4.0
378.0,11.0,1.0,7.0,92.0,12.0,5.0,4.0
378.0,12.0,1.0,7.0,92.0,12.0,5.0,1.0
378.0,13.0,1.0,7.0,91.0,12.0,5.0,1.0
378.0,14.0,1.0,7.0,13.0,12.0,5.0,1.0
378.0,15.0,1.0,7.0,13.0,12.0,5.0,3.0
378.0,16.0,1.0,7.0,13.0,22.0,3.0,8.0
378.0,17.0,1.0,7.0,21.0,13.0,4.0,3.0
378.0,18.0,1.0,7.0,92.0,12.0,5.0,1.0
378.0,19.0,1.0,7.0,13.0,22.0,4.0,5.0
378.0,20.0,1.0,7.0,21.0,22.0,4.0,6.0
379.0,1.0,1.0,7.0,91.0,12.0,5.0,3.0
379.0,2.0,1.0,7.0,21.0,13.0,3.0,4.0
379.0,3.0,1.0,7.0,21.0,22.0,4.0,4.0
379.0,4.0,1.0,7.0,92.0,12.0,5.0,4.0
379.0,5.0,1.0,7.0,21.0,12.0,5.0,3.0
379.0,6.0,1.0,7.0,21.0,12.0,5.0,9.0
379.0,7.0,1.0,7.0,21.0,22.0,3.0,2.0
379.0,8.0,1.0,7.0,21.0,22.0,3.0,2.0
379.0,9.0,1.0,7.0,21.0,22.0,4.0,3.0
379.0,10.0,1.0,7.0,21.0,12.0,5.0,5.0
379.0,11.0,1.0,7.0,21.0,12.0,4.0,4.0
379.0,12.0,1.0,7.0,92.0,12.0,5.0,1.0
379.0,13.0,1.0,7.0,21.0,21.0,4.0,5.0
379.0,14.0,1.0,7.0,92.0,12.0,5.0,2.0
379.0,15.0,1.0,7.0,21.0,22.0,4.0,7.0
379.0,16.0,1.0,7.0,13.0,13.0,5.0,4.0
379.0,17.0,1.0,7.0,21.0,12.0,4.0,4.0
379.0,18.0,1.0,7.0,13.0,13.0,5.0,3.0
379.0,19.0,1.0,7.0,21.0,12.0,5.0,4.0
379.0,20.0,1.0,7.0,21.0,12.0,5.0,6.0
380.0,1.0,1.0,7.0,21.0,12.0,5.0,3.0
380.0,2.0,1.0,7.0,21.0,12.0,5.0,5.0
380.0,3.0,1.0,7.0,12.0,22.0,5.0,7.0
380.0,4.0,1.0,7.0,14.0,22.0,4.0,3.0
380.0,5.0,1.0,7.0,,,,
380.0,6.0,1.0,7.0,12.0,12.0,5.0,19.0
380.0,7.0,1.0,7.0,14.0,12.0,5.0,12.0
380.0,8.0,1.0,7.0,14.0,95.0,3.0,11.0
380.0,9.0,1.0,7.0,92.0,12.0,5.0,2.0
380.0,10.0,1.0,7.0,21.0,12.0,5.0,15.0
380.0,11.0,1.0,7.0,12.0,12.0,5.0,23.0
380.0,12.0,1.0,7.0,21.0,22.0,4.0,3.0
380.0,13.0,1.0,7.0,11.0,12.0,5.0,3.0
380.0,14.0,1.0,7.0,,,,
380.0,15.0,1.0,7.0,92.0,22.0,5.0,3.0
380.0,16.0,1.0,7.0,14.0,12.0,5.0,8.0
380.0,17.0,1.0,7.0,12.0,12.0,5.0,9.0
380.0,18.0,1.0,7.0,21.0,95.0,3.0,5.0
380.0,19.0,1.0,7.0,,,,
380.0,20.0,1.0,7.0,13.0,12.0,4.0,4.0
381.0,1.0,1.0,7.0,21.0,12.0,5.0,6.0
381.0,2.0,1.0,7.0,13.0,12.0,5.0,1.0
381.0,3.0,1.0,7.0,13.0,23.0,3.0,3.0
381.0,4.0,1.0,7.0,13.0,23.0,3.0,2.0
381.0,5.0,1.0,7.0,12.0,12.0,5.0,5.0
381.0,6.0,1.0,7.0,13.0,22.0,5.0,12.0
381.0,7.0,1.0,7.0,13.0,22.0,3.0,4.0
381.0,8.0,1.0,7.0,21.0,13.0,3.0,4.0
381.0,9.0,1.0,7.0,,,,
381.0,10.0,1.0,7.0,21.0,23.0,4.0,1.0
381.0,11.0,1.0,7.0,12.0,12.0,5.0,7.0
381.0,12.0,1.0,7.0,12.0,12.0,5.0,4.0
381.0,13.0,1.0,7.0,13.0,23.0,3.0,1.0
381.0,14.0,1.0,7.0,13.0,12.0,5.0,3.0
381.0,15.0,1.0,7.0,12.0,12.0,5.0,3.0
381.0,16.0,1.0,7.0,13.0,23.0,3.0,4.0
381.0,17.0,1.0,7.0,13.0,23.0,4.0,7.0
381.0,18.0,1.0,7.0,13.0,22.0,3.0,5.0
381.0,19.0,1.0,7.0,13.0,12.0,3.0,5.0
381.0,20.0,1.0,7.0,,,,
382.0,1.0,1.0,7.0,96.0,95.0,3.0,5.0
382.0,2.0,1.0,7.0,92.0,22.0,4.0,1.0
382.0,3.0,1.0,7.0,92.0,22.0,3.0,5.0
382.0,4.0,1.0,7.0,96.0,95.0,3.0,2.0
382.0,5.0,1.0,7.0,14.0,22.0,3.0,2.0
382.0,6.0,1.0,7.0,96.0,12.0,4.0,2.0
382.0,7.0,1.0,7.0,92.0,22.0,3.0,1.0
382.0,8.0,1.0,7.0,21.0,95.0,3.0,5.0
382.0,9.0,1.0,7.0,61.0,21.0,5.0,5.0
382.0,10.0,1.0,7.0,21.0,22.0,4.0,5.0
382.0,11.0,1.0,7.0,13.0,95.0,4.0,6.0
382.0,12.0,1.0,7.0,96.0,95.0,3.0,2.0
382.0,13.0,1.0,7.0,96.0,22.0,3.0,5.0
382.0,14.0,1.0,7.0,14.0,22.0,4.0,5.0
382.0,15.0,1.0,7.0,96.0,12.0,4.0,4.0
382.0,16.0,1.0,7.0,21.0,22.0,3.0,4.0
382.0,17.0,1.0,7.0,21.0,12.0,5.0,3.0
382.0,18.0,1.0,7.0,96.0,12.0,5.0,9.0
382.0,19.0,1.0,7.0,96.0,22.0,3.0,4.0
382.0,20.0,1.0,7.0,96.0,12.0,3.0,3.0
383.0,1.0,1.0,7.0,13.0,22.0,4.0,1.0
383.0,2.0,1.0,7.0,13.0,12.0,5.0,1.0
383.0,3.0,1.0,7.0,13.0,12.0,5.0,2.0
383.0,4.0,1.0,7.0,13.0,12.0,4.0,3.0
383.0,5.0,1.0,7.0,13.0,12.0,5.0,4.0
383.0,6.0,1.0,7.0,13.0,12.0,3.0,5.0
383.0,7.0,1.0,7.0,13.0,22.0,4.0,5.0
383.0,8.0,1.0,7.0,13.0,12.0,4.0,2.0
383.0,9.0,1.0,7.0,13.0,22.0,4.0,3.0
383.0,10.0,1.0,7.0,13.0,12.0,5.0,5.0
383.0,11.0,1.0,7.0,13.0,12.0,5.0,7.0
383.0,12.0,1.0,7.0,13.0,22.0,4.0,7.0
383.0,13.0,1.0,7.0,13.0,12.0,5.0,10.0
383.0,14.0,1.0,7.0,13.0,12.0,5.0,6.0
383.0,15.0,1.0,7.0,13.0,21.0,3.0,5.0
383.0,16.0,1.0,7.0,13.0,13.0,5.0,3.0
383.0,17.0,1.0,7.0,92.0,12.0,5.0,1.0
383.0,18.0,1.0,7.0,13.0,12.0,5.0,2.0
383.0,19.0,1.0,7.0,13.0,22.0,4.0,3.0
383.0,20.0,1.0,7.0,13.0,22.0,4.0,4.0
384.0,1.0,1.0,7.0,21.0,12.0,5.0,2.0
384.0,2.0,1.0,7.0,11.0,12.0,5.0,3.0
384.0,3.0,1.0,7.0,92.0,12.0,5.0,6.0
384.0,4.0,1.0,7.0,13.0,12.0,5.0,4.0
384.0,5.0,1.0,7.0,21.0,95.0,4.0,1.0
384.0,6.0,1.0,7.0,21.0,22.0,5.0,5.0
384.0,7.0,1.0,7.0,21.0,12.0,4.0,2.0
384.0,8.0,1.0,7.0,,,,
384.0,9.0,1.0,7.0,21.0,12.0,5.0,1.0
384.0,10.0,1.0,7.0,92.0,95.0,3.0,1.0
384.0,11.0,1.0,7.0,21.0,12.0,5.0,2.0
384.0,12.0,1.0,7.0,92.0,12.0,5.0,1.0
384.0,13.0,1.0,7.0,13.0,12.0,5.0,3.0
384.0,14.0,1.0,7.0,92.0,12.0,5.0,1.0
384.0,15.0,1.0,7.0,91.0,12.0,5.0,7.0
384.0,16.0,1.0,7.0,21.0,12.0,5.0,1.0
384.0,17.0,1.0,7.0,21.0,95.0,5.0,1.0
384.0,18.0,1.0,7.0,92.0,12.0,5.0,3.0
384.0,19.0,1.0,7.0,31.0,12.0,3.0,1.0
384.0,20.0,1.0,7.0,92.0,12.0,5.0,1.0
385.0,1.0,1.0,7.0,21.0,95.0,3.0,2.0
385.0,2.0,1.0,7.0,,,,
385.0,3.0,1.0,7.0,13.0,23.0,3.0,1.0
385.0,4.0,1.0,7.0,92.0,12.0,5.0,4.0
385.0,5.0,1.0,7.0,32.0,12.0,5.0,5.0
385.0,6.0,1.0,7.0,31.0,12.0,4.0,11.0
385.0,7.0,1.0,7.0,21.0,12.0,5.0,10.0
385.0,8.0,1.0,7.0,13.0,95.0,5.0,1.0
385.0,9.0,1.0,7.0,92.0,95.0,3.0,1.0
385.0,10.0,1.0,7.0,21.0,12.0,5.0,4.0
385.0,11.0,1.0,7.0,21.0,12.0,5.0,8.0
385.0,12.0,1.0,7.0,21.0,12.0,5.0,4.0
385.0,13.0,1.0,7.0,32.0,12.0,4.0,7.0
385.0,14.0,1.0,7.0,21.0,12.0,5.0,6.0
385.0,15.0,1.0,7.0,21.0,12.0,5.0,4.0
385.0,16.0,1.0,7.0,92.0,95.0,4.0,3.0
385.0,17.0,1.0,7.0,42.0,23.0,3.0,2.0
385.0,18.0,1.0,7.0,32.0,12.0,5.0,5.0
385.0,19.0,1.0,7.0,31.0,95.0,5.0,3.0
385.0,20.0,1.0,7.0,21.0,12.0,5.0,2.0
386.0,1.0,1.0,7.0,21.0,12.0,5.0,1.0
386.0,2.0,1.0,7.0,92.0,12.0,5.0,1.0
386.0,3.0,1.0,7.0,92.0,12.0,5.0,2.0
386.0,4.0,1.0,7.0,21.0,12.0,5.0,1.0
386.0,5.0,1.0,7.0,92.0,12.0,5.0,1.0
386.0,6.0,1.0,7.0,32.0,12.0,5.0,1.0
386.0,7.0,1.0,7.0,21.0,12.0,4.0,2.0
386.0,8.0,1.0,7.0,,,,
386.0,9.0,1.0,7.0,21.0,12.0,4.0,4.0
386.0,10.0,1.0,7.0,21.0,12.0,5.0,1.0
386.0,11.0,1.0,7.0,92.0,12.0,5.0,1.0
386.0,12.0,1.0,7.0,31.0,12.0,4.0,1.0
386.0,13.0,1.0,7.0,31.0,13.0,5.0,2.0
386.0,14.0,1.0,7.0,21.0,12.0,4.0,3.0
386.0,15.0,1.0,7.0,13.0,12.0,4.0,6.0
386.0,16.0,1.0,7.0,21.0,13.0,3.0,1.0
386.0,17.0,1.0,7.0,13.0,21.0,5.0,7.0
386.0,18.0,1.0,7.0,21.0,12.0,4.0,4.0
386.0,19.0,1.0,7.0,32.0,22.0,3.0,4.0
386.0,20.0,1.0,7.0,21.0,12.0,4.0,4.0
387.0,1.0,1.0,7.0,21.0,12.0,3.0,2.0
387.0,2.0,1.0,7.0,21.0,13.0,4.0,2.0
387.0,3.0,1.0,7.0,21.0,12.0,4.0,7.0
387.0,4.0,1.0,7.0,21.0,12.0,4.0,2.0
387.0,5.0,1.0,7.0,21.0,12.0,4.0,4.0
387.0,6.0,1.0,7.0,32.0,12.0,4.0,5.0
387.0,7.0,1.0,7.0,21.0,12.0,4.0,2.0
387.0,8.0,1.0,7.0,21.0,12.0,5.0,4.0
387.0,9.0,1.0,7.0,21.0,12.0,5.0,1.0
387.0,10.0,1.0,7.0,21.0,12.0,4.0,3.0
387.0,11.0,1.0,7.0,21.0,12.0,5.0,7.0
387.0,12.0,1.0,7.0,21.0,22.0,3.0,6.0
387.0,13.0,1.0,7.0,21.0,12.0,5.0,4.0
387.0,14.0,1.0,7.0,92.0,12.0,4.0,6.0
387.0,15.0,1.0,7.0,13.0,12.0,5.0,2.0
387.0,16.0,1.0,7.0,21.0,12.0,5.0,5.0
387.0,17.0,1.0,7.0,21.0,12.0,4.0,2.0
387.0,18.0,1.0,7.0,21.0,12.0,5.0,1.0
387.0,19.0,1.0,7.0,21.0,12.0,4.0,5.0
387.0,20.0,1.0,7.0,21.0,12.0,4.0,5.0
388.0,1.0,1.0,7.0,32.0,21.0,3.0,6.0
388.0,2.0,1.0,7.0,21.0,12.0,3.0,1.0
388.0,3.0,1.0,7.0,21.0,12.0,5.0,4.0
388.0,4.0,1.0,7.0,21.0,12.0,4.0,3.0
388.0,5.0,1.0,7.0,21.0,13.0,4.0,2.0
388.0,6.0,1.0,7.0,21.0,12.0,5.0,5.0
388.0,7.0,1.0,7.0,21.0,12.0,4.0,2.0
388.0,8.0,1.0,7.0,21.0,12.0,5.0,3.0
388.0,9.0,1.0,7.0,21.0,12.0,4.0,2.0
388.0,10.0,1.0,7.0,21.0,13.0,4.0,3.0
388.0,11.0,1.0,7.0,92.0,22.0,5.0,3.0
388.0,12.0,1.0,7.0,21.0,12.0,5.0,4.0
388.0,13.0,1.0,7.0,21.0,12.0,4.0,1.0
388.0,14.0,1.0,7.0,21.0,22.0,4.0,4.0
388.0,15.0,1.0,7.0,21.0,12.0,4.0,1.0
388.0,16.0,1.0,7.0,21.0,12.0,4.0,3.0
388.0,17.0,1.0,7.0,21.0,22.0,4.0,6.0
388.0,18.0,1.0,7.0,21.0,12.0,5.0,4.0
388.0,19.0,1.0,7.0,21.0,12.0,3.0,2.0
388.0,20.0,1.0,7.0,21.0,12.0,4.0,7.0
389.0,1.0,1.0,7.0,21.0,12.0,5.0,3.0
389.0,2.0,1.0,7.0,92.0,12.0,5.0,3.0
389.0,3.0,1.0,7.0,31.0,22.0,4.0,4.0
389.0,4.0,1.0,7.0,31.0,12.0,5.0,8.0
389.0,5.0,1.0,7.0,,,,
389.0,6.0,1.0,7.0,92.0,12.0,5.0,5.0
389.0,7.0,1.0,7.0,92.0,12.0,5.0,7.0
389.0,8.0,1.0,7.0,31.0,12.0,4.0,3.0
389.0,9.0,1.0,7.0,31.0,12.0,5.0,6.0
389.0,10.0,1.0,7.0,92.0,12.0,5.0,11.0
389.0,11.0,1.0,7.0,32.0,12.0,3.0,4.0
389.0,12.0,1.0,7.0,92.0,12.0,5.0,5.0
389.0,13.0,1.0,7.0,92.0,12.0,5.0,7.0
389.0,14.0,1.0,7.0,32.0,12.0,4.0,4.0
389.0,15.0,1.0,7.0,92.0,12.0,5.0,6.0
389.0,16.0,1.0,7.0,31.0,12.0,4.0,2.0
389.0,17.0,1.0,7.0,21.0,22.0,5.0,2.0
389.0,18.0,1.0,7.0,31.0,12.0,5.0,2.0
389.0,19.0,1.0,7.0,32.0,12.0,3.0,4.0
389.0,20.0,1.0,7.0,92.0,12.0,5.0,5.0
390.0,1.0,1.0,7.0,31.0,12.0,5.0,6.0
390.0,2.0,1.0,7.0,32.0,12.0,5.0,2.0
390.0,3.0,1.0,7.0,31.0,21.0,5.0,5.0
390.0,4.0,1.0,7.0,92.0,12.0,5.0,5.0
390.0,5.0,1.0,7.0,32.0,12.0,4.0,7.0
390.0,6.0,1.0,7.0,32.0,12.0,5.0,3.0
390.0,7.0,1.0,7.0,32.0,12.0,4.0,1.0
390.0,8.0,1.0,7.0,31.0,13.0,5.0,2.0
390.0,9.0,1.0,7.0,,,,
390.0,10.0,1.0,7.0,21.0,12.0,4.0,3.0
390.0,11.0,1.0,7.0,91.0,12.0,5.0,2.0
390.0,12.0,1.0,7.0,31.0,22.0,4.0,8.0
390.0,13.0,1.0,7.0,31.0,12.0,5.0,4.0
390.0,14.0,1.0,7.0,31.0,12.0,4.0,3.0
390.0,15.0,1.0,7.0,31.0,12.0,3.0,3.0
390.0,16.0,1.0,7.0,31.0,12.0,5.0,4.0
390.0,17.0,1.0,7.0,21.0,12.0,5.0,5.0
390.0,18.0,1.0,7.0,31.0,12.0,5.0,2.0
390.0,19.0,1.0,7.0,31.0,12.0,4.0,3.0
390.0,20.0,1.0,7.0,32.0,12.0,4.0,6.0
391.0,1.0,1.0,7.0,31.0,95.0,3.0,7.0
391.0,2.0,1.0,7.0,92.0,12.0,4.0,3.0
391.0,3.0,1.0,7.0,,,,
391.0,4.0,1.0,7.0,92.0,12.0,5.0,1.0
391.0,5.0,1.0,7.0,31.0,95.0,3.0,1.0
391.0,6.0,1.0,7.0,41.0,95.0,3.0,3.0
391.0,7.0,1.0,7.0,32.0,95.0,3.0,1.0
391.0,8.0,1.0,7.0,92.0,12.0,5.0,4.0
391.0,9.0,1.0,7.0,91.0,12.0,5.0,3.0
391.0,10.0,1.0,7.0,91.0,12.0,5.0,4.0
391.0,11.0,1.0,7.0,31.0,12.0,5.0,5.0
391.0,12.0,1.0,7.0,31.0,95.0,4.0,4.0
391.0,13.0,1.0,7.0,31.0,95.0,3.0,1.0
391.0,14.0,1.0,7.0,32.0,95.0,4.0,4.0
391.0,15.0,1.0,7.0,31.0,95.0,4.0,8.0
391.0,16.0,1.0,7.0,92.0,12.0,5.0,1.0
391.0,17.0,1.0,7.0,32.0,95.0,3.0,3.0
391.0,18.0,1.0,7.0,92.0,12.0,5.0,3.0
391.0,19.0,1.0,7.0,31.0,95.0,4.0,7.0
391.0,20.0,1.0,7.0,31.0,12.0,5.0,1.0
392.0,1.0,1.0,7.0,21.0,12.0,4.0,3.0
392.0,2.0,1.0,7.0,32.0,12.0,2.0,6.0
392.0,3.0,1.0,7.0,31.0,95.0,3.0,5.0
392.0,4.0,1.0,7.0,31.0,13.0,4.0,4.0
392.0,5.0,1.0,7.0,32.0,12.0,3.0,3.0
392.0,6.0,1.0,7.0,,,,
392.0,7.0,1.0,7.0,32.0,12.0,4.0,2.0
392.0,8.0,1.0,7.0,92.0,12.0,4.0,1.0
392.0,9.0,1.0,7.0,21.0,12.0,4.0,7.0
392.0,10.0,1.0,7.0,31.0,12.0,4.0,2.0
392.0,11.0,1.0,7.0,92.0,12.0,4.0,1.0
392.0,12.0,1.0,7.0,32.0,12.0,3.0,5.0
392.0,13.0,1.0,7.0,32.0,12.0,4.0,5.0
392.0,14.0,1.0,7.0,21.0,12.0,4.0,6.0
392.0,15.0,1.0,7.0,21.0,12.0,3.0,5.0
392.0,16.0,1.0,7.0,92.0,12.0,5.0,5.0
392.0,17.0,1.0,7.0,21.0,12.0,5.0,7.0
392.0,18.0,1.0,7.0,,,,
392.0,19.0,1.0,7.0,92.0,12.0,5.0,5.0
392.0,20.0,1.0,7.0,14.0,12.0,5.0,1.0
393.0,1.0,1.0,7.0,21.0,12.0,4.0,5.0
393.0,2.0,1.0,7.0,21.0,13.0,5.0,3.0
393.0,3.0,1.0,7.0,21.0,12.0,5.0,4.0
393.0,4.0,1.0,7.0,21.0,12.0,5.0,2.0
393.0,5.0,1.0,7.0,31.0,12.0,4.0,2.0
393.0,6.0,1.0,7.0,21.0,12.0,4.0,1.0
393.0,7.0,1.0,7.0,21.0,12.0,4.0,3.0
393.0,8.0,1.0,7.0,21.0,12.0,5.0,7.0
393.0,9.0,1.0,7.0,21.0,12.0,5.0,3.0
393.0,10.0,1.0,7.0,21.0,22.0,5.0,4.0
393.0,11.0,1.0,7.0,21.0,12.0,4.0,2.0
393.0,12.0,1.0,7.0,92.0,12.0,5.0,1.0
393.0,13.0,1.0,7.0,91.0,12.0,5.0,1.0
393.0,14.0,1.0,7.0,92.0,12.0,5.0,2.0
393.0,15.0,1.0,7.0,21.0,12.0,4.0,4.0
393.0,16.0,1.0,7.0,21.0,12.0,4.0,4.0
393.0,17.0,1.0,7.0,21.0,12.0,4.0,3.0
393.0,18.0,1.0,7.0,92.0,12.0,5.0,6.0
393.0,19.0,1.0,7.0,21.0,12.0,5.0,4.0
393.0,20.0,1.0,7.0,92.0,12.0,5.0,3.0
394.0,1.0,1.0,7.0,21.0,23.0,4.0,5.0
394.0,2.0,1.0,7.0,21.0,21.0,4.0,3.0
394.0,3.0,1.0,7.0,21.0,23.0,4.0,5.0
394.0,4.0,1.0,7.0,21.0,12.0,4.0,5.0
394.0,5.0,1.0,7.0,21.0,12.0,5.0,4.0
394.0,6.0,1.0,7.0,21.0,12.0,4.0,5.0
394.0,7.0,1.0,7.0,11.0,22.0,5.0,4.0
394.0,8.0,1.0,7.0,12.0,12.0,5.0,4.0
394.0,9.0,1.0,7.0,21.0,12.0,5.0,3.0
394.0,10.0,1.0,7.0,11.0,12.0,5.0,3.0
394.0,11.0,1.0,7.0,92.0,12.0,5.0,1.0
394.0,12.0,1.0,7.0,92.0,31.0,5.0,3.0
394.0,13.0,1.0,7.0,14.0,21.0,4.0,5.0
394.0,14.0,1.0,7.0,12.0,12.0,5.0,9.0
394.0,15.0,1.0,7.0,21.0,21.0,4.0,1.0
394.0,16.0,1.0,7.0,21.0,12.0,5.0,5.0
394.0,17.0,1.0,7.0,12.0,12.0,5.0,5.0
394.0,18.0,1.0,7.0,92.0,12.0,5.0,3.0
394.0,19.0,1.0,7.0,21.0,12.0,4.0,1.0
394.0,20.0,1.0,7.0,21.0,23.0,4.0,4.0
395.0,1.0,1.0,7.0,91.0,13.0,5.0,5.0
395.0,2.0,1.0,7.0,11.0,13.0,5.0,3.0
395.0,3.0,1.0,7.0,12.0,12.0,5.0,4.0
395.0,4.0,1.0,7.0,11.0,22.0,5.0,1.0
395.0,5.0,1.0,7.0,21.0,12.0,4.0,9.0
395.0,6.0,1.0,7.0,11.0,12.0,4.0,1.0
395.0,7.0,1.0,7.0,14.0,12.0,5.0,2.0
395.0,8.0,1.0,7.0,12.0,12.0,5.0,2.0
395.0,9.0,1.0,7.0,21.0,12.0,4.0,4.0
395.0,10.0,1.0,7.0,21.0,22.0,5.0,4.0
395.0,11.0,1.0,7.0,21.0,11.0,3.0,5.0
395.0,12.0,1.0,7.0,14.0,13.0,4.0,1.0
395.0,13.0,1.0,7.0,12.0,12.0,5.0,6.0
395.0,14.0,1.0,7.0,11.0,12.0,4.0,7.0
395.0,15.0,1.0,7.0,21.0,22.0,4.0,2.0
395.0,16.0,1.0,7.0,21.0,22.0,4.0,6.0
395.0,17.0,1.0,7.0,21.0,22.0,4.0,1.0
395.0,18.0,1.0,7.0,92.0,22.0,5.0,1.0
395.0,19.0,1.0,7.0,21.0,22.0,4.0,5.0
395.0,20.0,1.0,7.0,21.0,22.0,4.0,2.0
396.0,1.0,1.0,7.0,11.0,12.0,5.0,4.0
396.0,2.0,1.0,7.0,14.0,23.0,4.0,5.0
396.0,3.0,1.0,7.0,21.0,12.0,5.0,8.0
396.0,4.0,1.0,7.0,21.0,12.0,4.0,4.0
396.0,5.0,1.0,7.0,21.0,21.0,4.0,4.0
396.0,6.0,1.0,7.0,21.0,22.0,5.0,2.0
396.0,7.0,1.0,7.0,14.0,12.0,4.0,3.0
396.0,8.0,1.0,7.0,21.0,12.0,5.0,3.0
396.0,9.0,1.0,7.0,12.0,13.0,5.0,4.0
396.0,10.0,1.0,7.0,14.0,95.0,4.0,1.0
396.0,11.0,1.0,7.0,92.0,21.0,4.0,1.0
396.0,12.0,1.0,7.0,92.0,22.0,5.0,1.0
396.0,13.0,1.0,7.0,14.0,12.0,5.0,3.0
396.0,14.0,1.0,7.0,21.0,13.0,5.0,3.0
396.0,15.0,1.0,7.0,14.0,23.0,3.0,6.0
396.0,16.0,1.0,7.0,21.0,12.0,4.0,1.0
396.0,17.0,1.0,7.0,21.0,12.0,4.0,1.0
396.0,18.0,1.0,7.0,14.0,23.0,4.0,2.0
396.0,19.0,1.0,7.0,21.0,21.0,4.0,1.0
396.0,20.0,1.0,7.0,21.0,21.0,4.0,1.0
397.0,1.0,1.0,7.0,14.0,23.0,3.0,6.0
397.0,2.0,1.0,7.0,14.0,23.0,5.0,4.0
397.0,3.0,1.0,7.0,14.0,23.0,4.0,5.0
397.0,4.0,1.0,7.0,21.0,12.0,5.0,2.0
397.0,5.0,1.0,7.0,92.0,12.0,5.0,3.0
397.0,6.0,1.0,7.0,21.0,12.0,4.0,2.0
397.0,7.0,1.0,7.0,12.0,12.0,5.0,3.0
397.0,8.0,1.0,7.0,14.0,12.0,4.0,3.0
397.0,9.0,1.0,7.0,92.0,12.0,5.0,1.0
397.0,10.0,1.0,7.0,21.0,21.0,4.0,1.0
397.0,11.0,1.0,7.0,91.0,12.0,5.0,1.0
397.0,12.0,1.0,7.0,91.0,12.0,5.0,4.0
397.0,13.0,1.0,7.0,21.0,22.0,5.0,4.0
397.0,14.0,1.0,7.0,14.0,23.0,4.0,1.0
397.0,15.0,1.0,7.0,14.0,12.0,5.0,5.0
397.0,16.0,1.0,7.0,21.0,12.0,4.0,2.0
397.0,17.0,1.0,7.0,14.0,12.0,5.0,2.0
397.0,18.0,1.0,7.0,14.0,22.0,5.0,3.0
397.0,19.0,1.0,7.0,14.0,23.0,3.0,3.0
397.0,20.0,1.0,7.0,14.0,23.0,4.0,1.0
398.0,1.0,1.0,7.0,21.0,22.0,5.0,5.0
398.0,2.0,1.0,7.0,21.0,22.0,5.0,4.0
398.0,3.0,1.0,7.0,21.0,21.0,4.0,2.0
398.0,4.0,1.0,7.0,12.0,12.0,4.0,6.0
398.0,5.0,1.0,7.0,21.0,21.0,3.0,1.0
398.0,6.0,1.0,7.0,21.0,12.0,4.0,1.0
398.0,7.0,1.0,7.0,21.0,21.0,3.0,4.0
398.0,8.0,1.0,7.0,21.0,22.0,5.0,1.0
398.0,9.0,1.0,7.0,14.0,12.0,4.0,1.0
398.0,10.0,1.0,7.0,21.0,22.0,4.0,4.0
398.0,11.0,1.0,7.0,21.0,12.0,4.0,3.0
398.0,12.0,1.0,7.0,21.0,12.0,4.0,2.0
398.0,13.0,1.0,7.0,12.0,12.0,5.0,6.0
398.0,14.0,1.0,7.0,11.0,12.0,5.0,8.0
398.0,15.0,1.0,7.0,21.0,12.0,4.0,4.0
398.0,16.0,1.0,7.0,21.0,22.0,5.0,1.0
398.0,17.0,1.0,7.0,21.0,21.0,5.0,4.0
398.0,18.0,1.0,7.0,21.0,22.0,4.0,5.0
398.0,19.0,1.0,7.0,11.0,12.0,5.0,5.0
398.0,20.0,1.0,7.0,14.0,22.0,5.0,3.0
399.0,1.0,1.0,7.0,21.0,22.0,3.0,4.0
399.0,2.0,1.0,7.0,21.0,12.0,4.0,1.0
399.0,3.0,1.0,7.0,21.0,12.0,4.0,4.0
399.0,4.0,1.0,7.0,21.0,21.0,4.0,4.0
399.0,5.0,1.0,7.0,21.0,12.0,5.0,1.0
399.0,6.0,1.0,7.0,14.0,22.0,4.0,6.0
399.0,7.0,1.0,7.0,21.0,12.0,5.0,5.0
399.0,8.0,1.0,7.0,14.0,12.0,4.0,5.0
399.0,9.0,1.0,7.0,21.0,12.0,5.0,4.0
399.0,10.0,1.0,7.0,11.0,12.0,5.0,2.0
399.0,11.0,1.0,7.0,12.0,18.0,5.0,1.0
399.0,12.0,1.0,7.0,21.0,12.0,4.0,5.0
399.0,13.0,1.0,7.0,21.0,21.0,5.0,3.0
399.0,14.0,1.0,7.0,12.0,12.0,5.0,2.0
399.0,15.0,1.0,7.0,14.0,22.0,4.0,2.0
399.0,16.0,1.0,7.0,21.0,12.0,4.0,1.0
399.0,17.0,1.0,7.0,92.0,12.0,5.0,5.0
399.0,18.0,1.0,7.0,,,,
399.0,19.0,1.0,7.0,21.0,12.0,5.0,8.0
399.0,20.0,1.0,7.0,92.0,12.0,5.0,3.0
400.0,1.0,1.0,7.0,21.0,22.0,4.0,4.0
400.0,2.0,1.0,7.0,14.0,23.0,4.0,4.0
400.0,3.0,1.0,7.0,21.0,21.0,4.0,3.0
400.0,4.0,1.0,7.0,14.0,12.0,5.0,3.0
400.0,5.0,1.0,7.0,92.0,12.0,5.0,1.0
400.0,6.0,1.0,7.0,11.0,12.0,5.0,1.0
400.0,7.0,1.0,7.0,92.0,12.0,5.0,7.0
400.0,8.0,1.0,7.0,21.0,12.0,4.0,7.0
400.0,9.0,1.0,7.0,21.0,12.0,5.0,1.0
400.0,10.0,1.0,7.0,92.0,21.0,5.0,1.0
400.0,11.0,1.0,7.0,14.0,23.0,4.0,7.0
400.0,12.0,1.0,7.0,14.0,23.0,4.0,4.0
400.0,13.0,1.0,7.0,14.0,21.0,4.0,2.0
400.0,14.0,1.0,7.0,21.0,12.0,5.0,4.0
400.0,15.0,1.0,7.0,14.0,22.0,5.0,3.0
400.0,16.0,1.0,7.0,14.0,23.0,4.0,1.0
400.0,17.0,1.0,7.0,14.0,22.0,4.0,5.0
400.0,18.0,1.0,7.0,14.0,12.0,5.0,2.0
400.0,19.0,1.0,7.0,14.0,22.0,5.0,4.0
400.0,20.0,1.0,7.0,14.0,23.0,4.0,3.0
401.0,1.0,1.0,7.0,14.0,13.0,4.0,5.0
401.0,2.0,1.0,7.0,14.0,13.0,4.0,3.0
401.0,3.0,1.0,7.0,21.0,21.0,5.0,6.0
401.0,4.0,1.0,7.0,21.0,22.0,4.0,3.0
401.0,5.0,1.0,7.0,21.0,13.0,4.0,3.0
401.0,6.0,1.0,7.0,14.0,12.0,5.0,3.0
401.0,7.0,1.0,7.0,14.0,13.0,4.0,1.0
401.0,8.0,1.0,7.0,21.0,22.0,4.0,1.0
401.0,9.0,1.0,7.0,21.0,21.0,4.0,2.0
401.0,10.0,1.0,7.0,21.0,12.0,5.0,1.0
401.0,11.0,1.0,7.0,21.0,21.0,4.0,1.0
401.0,12.0,1.0,7.0,14.0,13.0,4.0,5.0
401.0,13.0,1.0,7.0,21.0,12.0,5.0,6.0
401.0,14.0,1.0,7.0,14.0,12.0,4.0,4.0
401.0,15.0,1.0,7.0,21.0,12.0,4.0,7.0
401.0,16.0,1.0,7.0,13.0,12.0,5.0,5.0
401.0,17.0,1.0,7.0,21.0,22.0,3.0,6.0
401.0,18.0,1.0,7.0,21.0,21.0,4.0,1.0
401.0,19.0,1.0,7.0,14.0,12.0,4.0,5.0
401.0,20.0,1.0,7.0,21.0,22.0,5.0,1.0
402.0,1.0,1.0,7.0,21.0,95.0,3.0,5.0
402.0,2.0,1.0,7.0,12.0,22.0,5.0,3.0
402.0,3.0,1.0,7.0,21.0,22.0,4.0,2.0
402.0,4.0,1.0,7.0,21.0,31.0,4.0,4.0
402.0,5.0,1.0,7.0,21.0,12.0,5.0,3.0
402.0,6.0,1.0,7.0,21.0,12.0,5.0,3.0
402.0,7.0,1.0,7.0,21.0,22.0,5.0,4.0
402.0,8.0,1.0,7.0,21.0,23.0,4.0,4.0
402.0,9.0,1.0,7.0,21.0,12.0,5.0,2.0
402.0,10.0,1.0,7.0,21.0,22.0,4.0,4.0
402.0,11.0,1.0,7.0,13.0,12.0,4.0,5.0
402.0,12.0,1.0,7.0,,,,
402.0,13.0,1.0,7.0,21.0,12.0,4.0,5.0
402.0,14.0,1.0,7.0,11.0,12.0,5.0,6.0
402.0,15.0,1.0,7.0,11.0,12.0,5.0,7.0
402.0,16.0,1.0,7.0,14.0,31.0,5.0,1.0
402.0,17.0,1.0,7.0,21.0,22.0,4.0,3.0
402.0,18.0,1.0,7.0,21.0,12.0,4.0,5.0
402.0,19.0,1.0,7.0,21.0,12.0,5.0,8.0
402.0,20.0,1.0,7.0,,,,
403.0,1.0,1.0,7.0,21.0,12.0,5.0,9.0
403.0,2.0,1.0,7.0,21.0,12.0,5.0,3.0
403.0,3.0,1.0,7.0,21.0,12.0,5.0,10.0
403.0,4.0,1.0,7.0,92.0,12.0,5.0,5.0
403.0,5.0,1.0,7.0,21.0,12.0,3.0,6.0
403.0,6.0,1.0,7.0,21.0,12.0,5.0,1.0
403.0,7.0,1.0,7.0,,,,
403.0,8.0,1.0,7.0,12.0,12.0,5.0,7.0
403.0,9.0,1.0,7.0,12.0,12.0,5.0,3.0
403.0,10.0,1.0,7.0,21.0,12.0,5.0,4.0
403.0,11.0,1.0,7.0,92.0,12.0,5.0,5.0
403.0,12.0,1.0,7.0,92.0,12.0,5.0,7.0
403.0,13.0,1.0,7.0,12.0,12.0,5.0,3.0
403.0,14.0,1.0,7.0,,,,
403.0,15.0,1.0,7.0,11.0,12.0,5.0,4.0
403.0,16.0,1.0,7.0,92.0,12.0,5.0,7.0
403.0,17.0,1.0,7.0,91.0,12.0,5.0,5.0
403.0,18.0,1.0,7.0,92.0,12.0,5.0,8.0
403.0,19.0,1.0,7.0,21.0,12.0,5.0,8.0
403.0,20.0,1.0,7.0,21.0,12.0,4.0,4.0
404.0,1.0,1.0,7.0,21.0,12.0,5.0,4.0
404.0,2.0,1.0,7.0,21.0,95.0,3.0,5.0
404.0,3.0,1.0,7.0,21.0,12.0,5.0,5.0
404.0,4.0,1.0,7.0,14.0,12.0,4.0,4.0
404.0,5.0,1.0,7.0,92.0,12.0,5.0,1.0
404.0,6.0,1.0,7.0,11.0,12.0,5.0,7.0
404.0,7.0,1.0,7.0,21.0,12.0,5.0,2.0
404.0,8.0,1.0,7.0,21.0,12.0,5.0,5.0
404.0,9.0,1.0,7.0,14.0,12.0,4.0,3.0
404.0,10.0,1.0,7.0,92.0,22.0,3.0,4.0
404.0,11.0,1.0,7.0,21.0,22.0,3.0,3.0
404.0,12.0,1.0,7.0,14.0,12.0,5.0,12.0
404.0,13.0,1.0,7.0,11.0,12.0,5.0,11.0
404.0,14.0,1.0,7.0,14.0,12.0,5.0,10.0
404.0,15.0,1.0,7.0,13.0,12.0,5.0,6.0
404.0,16.0,1.0,7.0,14.0,12.0,5.0,4.0
404.0,17.0,1.0,7.0,13.0,12.0,5.0,7.0
404.0,18.0,1.0,7.0,21.0,12.0,5.0,5.0
404.0,19.0,1.0,7.0,14.0,12.0,4.0,4.0
404.0,20.0,1.0,7.0,21.0,95.0,4.0,3.0
405.0,1.0,1.0,7.0,21.0,12.0,5.0,3.0
405.0,2.0,1.0,7.0,,,,
405.0,3.0,1.0,7.0,21.0,22.0,5.0,3.0
405.0,4.0,1.0,7.0,21.0,12.0,5.0,8.0
405.0,5.0,1.0,7.0,21.0,12.0,4.0,3.0
405.0,6.0,1.0,7.0,11.0,12.0,5.0,6.0
405.0,7.0,1.0,7.0,21.0,21.0,4.0,5.0
405.0,8.0,1.0,7.0,11.0,12.0,5.0,4.0
405.0,9.0,1.0,7.0,21.0,12.0,5.0,4.0
405.0,10.0,1.0,7.0,11.0,12.0,5.0,6.0
405.0,11.0,1.0,7.0,13.0,12.0,4.0,6.0
405.0,12.0,1.0,7.0,21.0,12.0,4.0,1.0
405.0,13.0,1.0,7.0,11.0,12.0,5.0,3.0
405.0,14.0,1.0,7.0,21.0,22.0,4.0,5.0
405.0,15.0,1.0,7.0,91.0,12.0,5.0,1.0
405.0,16.0,1.0,7.0,12.0,12.0,5.0,7.0
405.0,17.0,1.0,7.0,,,,
405.0,18.0,1.0,7.0,12.0,12.0,4.0,2.0
405.0,19.0,1.0,7.0,14.0,12.0,3.0,7.0
405.0,20.0,1.0,7.0,21.0,12.0,3.0,5.0
406.0,1.0,1.0,7.0,,,,
406.0,2.0,1.0,7.0,21.0,22.0,5.0,1.0
406.0,3.0,1.0,7.0,,,,
406.0,4.0,1.0,7.0,12.0,12.0,5.0,1.0
406.0,5.0,1.0,7.0,21.0,22.0,4.0,3.0
406.0,6.0,1.0,7.0,12.0,22.0,4.0,2.0
406.0,7.0,1.0,7.0,21.0,12.0,5.0,7.0
406.0,8.0,1.0,7.0,21.0,22.0,5.0,4.0
406.0,9.0,1.0,7.0,21.0,22.0,4.0,6.0
406.0,10.0,1.0,7.0,21.0,22.0,4.0,5.0
406.0,11.0,1.0,7.0,12.0,22.0,5.0,4.0
406.0,12.0,1.0,7.0,12.0,12.0,5.0,6.0
406.0,13.0,1.0,7.0,21.0,22.0,3.0,3.0
406.0,14.0,1.0,7.0,21.0,22.0,4.0,1.0
406.0,15.0,1.0,7.0,,,,
406.0,16.0,1.0,7.0,21.0,12.0,5.0,6.0
406.0,17.0,1.0,7.0,21.0,12.0,4.0,1.0
406.0,18.0,1.0,7.0,21.0,22.0,3.0,2.0
406.0,19.0,1.0,7.0,92.0,22.0,5.0,1.0
406.0,20.0,1.0,7.0,21.0,22.0,4.0,2.0
407.0,1.0,1.0,7.0,21.0,95.0,4.0,2.0
407.0,2.0,1.0,7.0,21.0,12.0,5.0,4.0
407.0,3.0,1.0,7.0,21.0,95.0,3.0,1.0
407.0,4.0,1.0,7.0,21.0,95.0,3.0,4.0
407.0,5.0,1.0,7.0,21.0,95.0,3.0,3.0
407.0,6.0,1.0,7.0,21.0,12.0,3.0,1.0
407.0,7.0,1.0,7.0,21.0,95.0,3.0,2.0
407.0,8.0,1.0,7.0,21.0,95.0,4.0,6.0
407.0,9.0,1.0,7.0,21.0,22.0,5.0,4.0
407.0,10.0,1.0,7.0,21.0,95.0,3.0,6.0
407.0,11.0,1.0,7.0,21.0,95.0,3.0,2.0
407.0,12.0,1.0,7.0,21.0,95.0,3.0,4.0
407.0,13.0,1.0,7.0,21.0,22.0,4.0,6.0
407.0,14.0,1.0,7.0,21.0,95.0,3.0,5.0
407.0,15.0,1.0,7.0,92.0,21.0,4.0,4.0
407.0,16.0,1.0,7.0,21.0,22.0,4.0,1.0
407.0,17.0,1.0,7.0,21.0,23.0,4.0,5.0
407.0,18.0,1.0,7.0,21.0,95.0,4.0,4.0
407.0,19.0,1.0,7.0,21.0,22.0,5.0,2.0
407.0,20.0,1.0,7.0,13.0,95.0,4.0,5.0
408.0,1.0,1.0,7.0,21.0,23.0,3.0,7.0
408.0,2.0,1.0,7.0,21.0,12.0,5.0,3.0
408.0,3.0,1.0,7.0,21.0,22.0,5.0,3.0
408.0,4.0,1.0,7.0,21.0,22.0,3.0,7.0
408.0,5.0,1.0,7.0,21.0,12.0,4.0,5.0
408.0,6.0,1.0,7.0,92.0,12.0,5.0,7.0
408.0,7.0,1.0,7.0,21.0,22.0,5.0,5.0
408.0,8.0,1.0,7.0,21.0,12.0,4.0,9.0
408.0,9.0,1.0,7.0,,,,
408.0,10.0,1.0,7.0,21.0,23.0,3.0,2.0
408.0,11.0,1.0,7.0,21.0,23.0,5.0,1.0
408.0,12.0,1.0,7.0,21.0,12.0,5.0,7.0
408.0,13.0,1.0,7.0,21.0,22.0,4.0,6.0
408.0,14.0,1.0,7.0,11.0,12.0,5.0,7.0
408.0,15.0,1.0,7.0,21.0,23.0,4.0,2.0
408.0,16.0,1.0,7.0,21.0,22.0,3.0,2.0
408.0,17.0,1.0,7.0,92.0,12.0,5.0,7.0
408.0,18.0,1.0,7.0,12.0,12.0,5.0,8.0
408.0,19.0,1.0,7.0,21.0,22.0,4.0,5.0
408.0,20.0,1.0,7.0,21.0,12.0,5.0,4.0
409.0,1.0,1.0,7.0,92.0,12.0,5.0,2.0
409.0,2.0,1.0,7.0,21.0,12.0,5.0,6.0
409.0,3.0,1.0,7.0,21.0,12.0,5.0,4.0
409.0,4.0,1.0,7.0,21.0,23.0,4.0,5.0
409.0,5.0,1.0,7.0,91.0,12.0,5.0,9.0
409.0,6.0,1.0,7.0,92.0,12.0,5.0,6.0
409.0,7.0,1.0,7.0,14.0,12.0,5.0,5.0
409.0,8.0,1.0,7.0,31.0,22.0,5.0,3.0
409.0,9.0,1.0,7.0,21.0,12.0,5.0,2.0
409.0,10.0,1.0,7.0,21.0,51.0,4.0,6.0
409.0,11.0,1.0,7.0,92.0,12.0,5.0,4.0
409.0,12.0,1.0,7.0,21.0,23.0,3.0,6.0
409.0,13.0,1.0,7.0,21.0,12.0,5.0,3.0
409.0,14.0,1.0,7.0,91.0,12.0,5.0,3.0
409.0,15.0,1.0,7.0,21.0,22.0,4.0,5.0
409.0,16.0,1.0,7.0,92.0,12.0,5.0,6.0
409.0,17.0,1.0,7.0,,,,
409.0,18.0,1.0,7.0,21.0,22.0,5.0,4.0
409.0,19.0,1.0,7.0,21.0,22.0,5.0,4.0
409.0,20.0,1.0,7.0,21.0,95.0,4.0,2.0
410.0,1.0,1.0,7.0,92.0,22.0,5.0,5.0
410.0,2.0,1.0,7.0,21.0,22.0,4.0,4.0
410.0,3.0,1.0,7.0,11.0,12.0,5.0,5.0
410.0,4.0,1.0,7.0,21.0,12.0,4.0,4.0
410.0,5.0,1.0,7.0,92.0,12.0,5.0,3.0
410.0,6.0,1.0,7.0,21.0,22.0,3.0,4.0
410.0,7.0,1.0,7.0,21.0,22.0,5.0,2.0
410.0,8.0,1.0,7.0,21.0,22.0,5.0,4.0
410.0,9.0,1.0,7.0,21.0,22.0,4.0,3.0
410.0,10.0,1.0,7.0,21.0,12.0,5.0,5.0
410.0,11.0,1.0,7.0,21.0,12.0,5.0,1.0
410.0,12.0,1.0,7.0,11.0,12.0,5.0,4.0
410.0,13.0,1.0,7.0,21.0,12.0,5.0,4.0
410.0,14.0,1.0,7.0,,,,
410.0,15.0,1.0,7.0,92.0,12.0,5.0,3.0
410.0,16.0,1.0,7.0,21.0,12.0,5.0,13.0
410.0,17.0,1.0,7.0,21.0,12.0,5.0,4.0
410.0,18.0,1.0,7.0,21.0,12.0,5.0,3.0
410.0,19.0,1.0,7.0,21.0,22.0,4.0,7.0
410.0,20.0,1.0,7.0,21.0,23.0,4.0,4.0
411.0,1.0,1.0,7.0,21.0,23.0,4.0,3.0
411.0,2.0,1.0,7.0,,,,
411.0,3.0,1.0,7.0,21.0,21.0,4.0,4.0
411.0,4.0,1.0,7.0,92.0,22.0,5.0,6.0
411.0,5.0,1.0,7.0,12.0,21.0,5.0,3.0
411.0,6.0,1.0,7.0,92.0,22.0,5.0,6.0
411.0,7.0,1.0,7.0,12.0,21.0,5.0,5.0
411.0,8.0,1.0,7.0,21.0,23.0,4.0,5.0
411.0,9.0,1.0,7.0,21.0,21.0,3.0,5.0
411.0,10.0,1.0,7.0,,,,
411.0,11.0,1.0,7.0,12.0,23.0,5.0,2.0
411.0,12.0,1.0,7.0,21.0,12.0,3.0,4.0
411.0,13.0,1.0,7.0,14.0,22.0,4.0,4.0
411.0,14.0,1.0,7.0,21.0,12.0,3.0,3.0
411.0,15.0,1.0,7.0,21.0,23.0,4.0,1.0
411.0,16.0,1.0,7.0,21.0,22.0,5.0,5.0
411.0,17.0,1.0,7.0,21.0,23.0,4.0,3.0
411.0,18.0,1.0,7.0,11.0,13.0,5.0,5.0
411.0,19.0,1.0,7.0,12.0,23.0,4.0,4.0
411.0,20.0,1.0,7.0,11.0,21.0,3.0,1.0
412.0,1.0,1.0,7.0,11.0,22.0,5.0,3.0
412.0,2.0,1.0,7.0,11.0,12.0,5.0,6.0
412.0,3.0,1.0,7.0,14.0,13.0,5.0,2.0
412.0,4.0,1.0,7.0,14.0,23.0,3.0,1.0
412.0,5.0,1.0,7.0,12.0,12.0,5.0,4.0
412.0,6.0,1.0,7.0,21.0,95.0,4.0,2.0
412.0,7.0,1.0,7.0,21.0,22.0,4.0,6.0
412.0,8.0,1.0,7.0,21.0,12.0,4.0,7.0
412.0,9.0,1.0,7.0,21.0,13.0,4.0,2.0
412.0,10.0,1.0,7.0,21.0,23.0,4.0,5.0
412.0,11.0,1.0,7.0,12.0,12.0,5.0,3.0
412.0,12.0,1.0,7.0,21.0,12.0,5.0,1.0
412.0,13.0,1.0,7.0,12.0,22.0,5.0,5.0
412.0,14.0,1.0,7.0,14.0,18.0,4.0,1.0
412.0,15.0,1.0,7.0,21.0,22.0,4.0,4.0
412.0,16.0,1.0,7.0,21.0,12.0,5.0,4.0
412.0,17.0,1.0,7.0,14.0,18.0,5.0,1.0
412.0,18.0,1.0,7.0,21.0,12.0,5.0,13.0
412.0,19.0,1.0,7.0,11.0,22.0,5.0,1.0
412.0,20.0,1.0,7.0,21.0,22.0,5.0,5.0
413.0,1.0,1.0,7.0,21.0,22.0,4.0,6.0
413.0,2.0,1.0,7.0,21.0,12.0,5.0,6.0
413.0,3.0,1.0,7.0,21.0,12.0,5.0,5.0
413.0,4.0,1.0,7.0,13.0,13.0,4.0,3.0
413.0,5.0,1.0,7.0,11.0,12.0,5.0,1.0
413.0,6.0,1.0,7.0,92.0,13.0,5.0,4.0
413.0,7.0,1.0,7.0,21.0,13.0,5.0,3.0
413.0,8.0,1.0,7.0,,,,
413.0,9.0,1.0,7.0,21.0,23.0,4.0,3.0
413.0,10.0,1.0,7.0,21.0,12.0,4.0,5.0
413.0,11.0,1.0,7.0,21.0,12.0,5.0,3.0
413.0,12.0,1.0,7.0,21.0,12.0,4.0,5.0
413.0,13.0,1.0,7.0,21.0,12.0,5.0,8.0
413.0,14.0,1.0,7.0,21.0,12.0,5.0,4.0
413.0,15.0,1.0,7.0,21.0,23.0,4.0,5.0
413.0,16.0,1.0,7.0,21.0,12.0,4.0,1.0
413.0,17.0,1.0,7.0,21.0,22.0,4.0,1.0
413.0,18.0,1.0,7.0,21.0,23.0,4.0,1.0
413.0,19.0,1.0,7.0,21.0,96.0,4.0,5.0
413.0,20.0,1.0,7.0,21.0,21.0,3.0,7.0
414.0,1.0,1.0,7.0,92.0,12.0,5.0,1.0
414.0,2.0,1.0,7.0,31.0,22.0,5.0,7.0
414.0,3.0,1.0,7.0,21.0,22.0,5.0,5.0
414.0,4.0,1.0,7.0,92.0,12.0,5.0,5.0
414.0,5.0,1.0,7.0,21.0,23.0,4.0,4.0
414.0,6.0,1.0,7.0,21.0,12.0,5.0,4.0
414.0,7.0,1.0,7.0,92.0,12.0,5.0,6.0
414.0,8.0,1.0,7.0,21.0,12.0,5.0,1.0
414.0,9.0,1.0,7.0,92.0,12.0,5.0,1.0
414.0,10.0,1.0,7.0,11.0,12.0,5.0,6.0
414.0,11.0,1.0,7.0,21.0,22.0,4.0,5.0
414.0,12.0,1.0,7.0,92.0,12.0,5.0,3.0
414.0,13.0,1.0,7.0,91.0,12.0,5.0,1.0
414.0,14.0,1.0,7.0,,,,
414.0,15.0,1.0,7.0,21.0,12.0,5.0,3.0
414.0,16.0,1.0,7.0,21.0,22.0,4.0,6.0
414.0,17.0,1.0,7.0,21.0,22.0,4.0,5.0
414.0,18.0,1.0,7.0,21.0,12.0,5.0,5.0
414.0,19.0,1.0,7.0,21.0,12.0,5.0,1.0
414.0,20.0,1.0,7.0,21.0,22.0,5.0,4.0
415.0,1.0,1.0,7.0,21.0,23.0,3.0,3.0
415.0,2.0,1.0,7.0,71.0,12.0,4.0,1.0
415.0,3.0,1.0,7.0,14.0,23.0,4.0,1.0
415.0,4.0,1.0,7.0,21.0,22.0,3.0,4.0
415.0,5.0,1.0,7.0,13.0,23.0,4.0,5.0
415.0,6.0,1.0,7.0,14.0,12.0,4.0,5.0
415.0,7.0,1.0,7.0,21.0,23.0,4.0,1.0
415.0,8.0,1.0,7.0,,,,
415.0,9.0,1.0,7.0,92.0,22.0,4.0,7.0
415.0,10.0,1.0,7.0,13.0,22.0,4.0,1.0
415.0,11.0,1.0,7.0,13.0,22.0,4.0,6.0
415.0,12.0,1.0,7.0,21.0,22.0,4.0,6.0
415.0,13.0,1.0,7.0,92.0,12.0,5.0,8.0
415.0,14.0,1.0,7.0,14.0,12.0,5.0,6.0
415.0,15.0,1.0,7.0,21.0,23.0,3.0,2.0
415.0,16.0,1.0,7.0,21.0,23.0,4.0,8.0
415.0,17.0,1.0,7.0,13.0,12.0,3.0,1.0
415.0,18.0,1.0,7.0,,,,
415.0,19.0,1.0,7.0,13.0,95.0,4.0,4.0
415.0,20.0,1.0,7.0,21.0,22.0,4.0,1.0
416.0,1.0,1.0,7.0,21.0,95.0,4.0,4.0
416.0,2.0,1.0,7.0,92.0,12.0,5.0,8.0
416.0,3.0,1.0,7.0,92.0,13.0,5.0,2.0
416.0,4.0,1.0,7.0,,,,
416.0,5.0,1.0,7.0,21.0,13.0,4.0,2.0
416.0,6.0,1.0,7.0,91.0,12.0,5.0,5.0
416.0,7.0,1.0,7.0,21.0,12.0,5.0,4.0
416.0,8.0,1.0,7.0,11.0,12.0,5.0,4.0
416.0,9.0,1.0,7.0,21.0,22.0,3.0,7.0
416.0,10.0,1.0,7.0,,,,
416.0,11.0,1.0,7.0,21.0,23.0,4.0,2.0
416.0,12.0,1.0,7.0,21.0,23.0,3.0,4.0
416.0,13.0,1.0,7.0,11.0,12.0,5.0,2.0
416.0,14.0,1.0,7.0,21.0,12.0,4.0,7.0
416.0,15.0,1.0,7.0,92.0,12.0,5.0,3.0
416.0,16.0,1.0,7.0,12.0,12.0,5.0,4.0
416.0,17.0,1.0,7.0,91.0,12.0,5.0,1.0
416.0,18.0,1.0,7.0,,,,
416.0,19.0,1.0,7.0,11.0,12.0,5.0,10.0
416.0,20.0,1.0,7.0,13.0,12.0,3.0,1.0
417.0,1.0,1.0,7.0,11.0,12.0,5.0,6.0
417.0,2.0,1.0,7.0,,,,
417.0,3.0,1.0,7.0,11.0,12.0,5.0,7.0
417.0,4.0,1.0,7.0,12.0,12.0,4.0,2.0
417.0,5.0,1.0,7.0,21.0,12.0,4.0,3.0
417.0,6.0,1.0,7.0,12.0,12.0,5.0,5.0
417.0,7.0,1.0,7.0,11.0,12.0,5.0,1.0
417.0,8.0,1.0,7.0,11.0,12.0,5.0,1.0
417.0,9.0,1.0,7.0,21.0,12.0,5.0,1.0
417.0,10.0,1.0,7.0,12.0,12.0,5.0,4.0
417.0,11.0,1.0,7.0,,,,
417.0,12.0,1.0,7.0,11.0,22.0,5.0,1.0
417.0,13.0,1.0,7.0,11.0,22.0,4.0,1.0
417.0,14.0,1.0,7.0,21.0,12.0,5.0,1.0
417.0,15.0,1.0,7.0,21.0,22.0,4.0,5.0
417.0,16.0,1.0,7.0,21.0,23.0,4.0,2.0
417.0,17.0,1.0,7.0,21.0,23.0,3.0,6.0
417.0,18.0,1.0,7.0,12.0,12.0,5.0,1.0
417.0,19.0,1.0,7.0,11.0,12.0,5.0,1.0
417.0,20.0,1.0,7.0,11.0,23.0,4.0,3.0
418.0,1.0,1.0,7.0,,,,
418.0,2.0,1.0,7.0,21.0,22.0,4.0,12.0
418.0,3.0,1.0,7.0,21.0,12.0,5.0,7.0
418.0,4.0,1.0,7.0,11.0,12.0,5.0,1.0
418.0,5.0,1.0,7.0,21.0,12.0,5.0,1.0
418.0,6.0,1.0,7.0,21.0,23.0,4.0,2.0
418.0,7.0,1.0,7.0,21.0,23.0,4.0,5.0
418.0,8.0,1.0,7.0,21.0,23.0,3.0,4.0
418.0,9.0,1.0,7.0,21.0,12.0,5.0,4.0
418.0,10.0,1.0,7.0,,,,
418.0,11.0,1.0,7.0,21.0,12.0,4.0,4.0
418.0,12.0,1.0,7.0,21.0,12.0,5.0,2.0
418.0,13.0,1.0,7.0,21.0,12.0,5.0,3.0
418.0,14.0,1.0,7.0,21.0,12.0,5.0,1.0
418.0,15.0,1.0,7.0,21.0,12.0,5.0,5.0
418.0,16.0,1.0,7.0,21.0,12.0,5.0,3.0
418.0,17.0,1.0,7.0,21.0,22.0,5.0,5.0
418.0,18.0,1.0,7.0,21.0,22.0,5.0,4.0
418.0,19.0,1.0,7.0,21.0,12.0,5.0,3.0
418.0,20.0,1.0,7.0,21.0,22.0,3.0,4.0
419.0,1.0,1.0,7.0,21.0,12.0,5.0,2.0
419.0,2.0,1.0,7.0,92.0,12.0,5.0,3.0
419.0,3.0,1.0,7.0,21.0,12.0,4.0,1.0
419.0,4.0,1.0,7.0,92.0,12.0,5.0,4.0
419.0,5.0,1.0,7.0,21.0,12.0,5.0,3.0
419.0,6.0,1.0,7.0,21.0,22.0,4.0,10.0
419.0,7.0,1.0,7.0,21.0,31.0,3.0,9.0
419.0,8.0,1.0,7.0,21.0,22.0,4.0,2.0
419.0,9.0,1.0,7.0,21.0,12.0,5.0,6.0
419.0,10.0,1.0,7.0,21.0,12.0,5.0,4.0
419.0,11.0,1.0,7.0,21.0,12.0,5.0,5.0
419.0,12.0,1.0,7.0,,,,
419.0,13.0,1.0,7.0,92.0,12.0,5.0,1.0
419.0,14.0,1.0,7.0,92.0,12.0,5.0,1.0
419.0,15.0,1.0,7.0,12.0,12.0,5.0,1.0
419.0,16.0,1.0,7.0,21.0,22.0,3.0,4.0
419.0,17.0,1.0,7.0,21.0,12.0,4.0,4.0
419.0,18.0,1.0,7.0,92.0,12.0,5.0,4.0
419.0,19.0,1.0,7.0,21.0,22.0,4.0,5.0
419.0,20.0,1.0,7.0,21.0,22.0,5.0,3.0
420.0,1.0,1.0,7.0,21.0,12.0,5.0,4.0
420.0,2.0,1.0,7.0,21.0,12.0,5.0,8.0
420.0,3.0,1.0,7.0,11.0,12.0,5.0,7.0
420.0,4.0,1.0,7.0,21.0,12.0,5.0,10.0
420.0,5.0,1.0,7.0,21.0,12.0,5.0,6.0
420.0,6.0,1.0,7.0,13.0,12.0,4.0,3.0
420.0,7.0,1.0,7.0,21.0,12.0,4.0,4.0
420.0,8.0,1.0,7.0,21.0,23.0,4.0,6.0
420.0,9.0,1.0,7.0,21.0,12.0,4.0,1.0
420.0,10.0,1.0,7.0,21.0,23.0,3.0,2.0
420.0,11.0,1.0,7.0,21.0,51.0,3.0,1.0
420.0,12.0,1.0,7.0,92.0,12.0,5.0,1.0
420.0,13.0,1.0,7.0,92.0,12.0,5.0,7.0
420.0,14.0,1.0,7.0,21.0,12.0,5.0,6.0
420.0,15.0,1.0,7.0,92.0,12.0,5.0,4.0
420.0,16.0,1.0,7.0,92.0,12.0,5.0,6.0
420.0,17.0,1.0,7.0,21.0,12.0,4.0,1.0
420.0,18.0,1.0,7.0,21.0,22.0,4.0,5.0
420.0,19.0,1.0,7.0,21.0,13.0,4.0,7.0
420.0,20.0,1.0,7.0,21.0,12.0,4.0,4.0
